Location_ID,Location_Name,Location_Type,City,State,Latitude,Longitude,Ownership_Type,Building_Age_Years,Last_Renovation_Years_Ago,Number_of_Floors,Ramp_Available,Elevator_Available,Wheelchair_Entrance,Braille_Signage,Audio_Announcements,Accessible_Washroom,Tactile_Path,Reserved_Parking,Door_Width_cm,Footpath_Condition,Lighting,Safety_Level,CCTV_Available,Staff_Trained_Accessibility,Multilingual_Signage,Public_Transport_Nearby,Parking_Available,Crowd_Level,Average_Waiting_Time,Daily_Footfall,Staff_Count,Budget_Allocated_Lakh_INR,Complaint_Resolution_Days,Accessibility_Complaints,User_Rating,Google_Maps_Rating,Last_Inspection_Months,Lift_Condition,Emergency_Exit_Accessibility,Accessibility_Score,Accessibility_Category,Improvement_Priority,Infrastructure_Score,Accessibility_Support_Score,Safety_Index,Facility_Score,Crowd_Risk,Complaint_Rate,Accessibility_Efficiency,DBSCAN_Cluster,GMM_Cluster
LOC0001,Kolkata Botanical Garden,8,13,14,22.691764,88.446606,1,168,32.0,1,0,0,0,0,0,1,0,0,60.4,1,0,0,0,0,0,0,0,1,5.0,214,2.0,16.0,13.0,3,1.8,1.8,12.0,1,1,47.2,Poor,Medium,1,0,0,0,5.0,0.013953488372093,7.866666666666667,-1,3
LOC0002,Hyderabad Municipal Office,3,8,12,17.23612,78.585714,1,57,12.0,1,0,0,0,1,0,0,0,1,78.6,0,2,2,1,1,0,1,1,2,20.0,2794,9.0,37.3,12.0,3,1.9,1.8,15.0,1,0,36.1,Poor,High,1,1,5,2,40.0,0.0010733452593917,1.7190476190476192,-1,1
LOC0003,Thane Government College,2,22,9,19.107785,73.081622,1,48,20.0,3,1,1,0,0,1,0,0,0,84.9,0,0,1,1,0,1,1,0,1,18.0,3741,16.0,31.6,17.0,6,1.6,1.5,12.0,2,2,50.3,Poor,High,2,1,2,1,18.0,0.0016034206306787,2.647368421052632,-1,1
LOC0004,Nashik Green Park,6,18,9,19.849054,73.865693,1,38,22.0,1,1,0,0,0,0,1,0,0,82.8,2,0,1,1,0,0,1,1,2,23.0,2482,9.0,18.1,21.0,5,3.2,3.1,12.0,1,1,38.2,Poor,High,2,0,2,2,46.0,0.0020136931131695,1.5916666666666668,-1,1
LOC0005,Patna Domestic Airport,0,19,2,25.647041,85.202726,1,5,5.0,4,1,1,1,0,0,1,0,1,95.6,0,1,0,1,0,1,0,1,2,5.0,9770,39.0,122.0,10.0,4,4.4,4.3,18.0,1,2,100.0,Excellent,Low,5,0,2,1,10.0,0.000409374680176,16.666666666666668,-1,2
LOC0006,Nashik General Hospital,4,18,9,20.017617,73.651496,1,13,4.0,5,1,1,0,0,0,0,0,1,77.6,1,1,0,1,1,0,0,0,2,32.0,1068,2.0,33.4,8.0,2,3.6,3.6,9.0,0,2,91.5,Excellent,Low,3,0,2,0,64.0,0.0018709073900841,2.772727272727273,-1,0
LOC0007,Bhopal City Centre Mall,5,2,8,23.299486,77.509766,0,18,18.0,3,0,1,1,0,1,1,0,1,89.5,0,0,0,1,1,0,1,1,2,31.0,17743,63.0,97.9,16.0,2,3.3,3.6,12.0,1,2,87.5,Good,Low,4,1,1,2,62.0,0.0001127141568981,2.734375,-1,2
LOC0008,Guwahati Collectorate Office,3,7,1,26.018879,91.858118,1,19,19.0,3,0,1,1,0,0,0,1,0,88.7,2,1,2,0,0,0,1,1,2,31.0,1450,7.0,31.8,18.0,8,3.9,3.8,14.0,2,1,49.8,Poor,High,2,1,3,2,62.0,0.0055134390075809,1.55625,-1,1
LOC0009,Hyderabad Central Station,7,8,12,17.360931,78.346702,1,37,22.0,2,0,1,0,0,0,1,0,0,69.3,2,1,0,1,0,0,1,1,0,43.0,12316,49.0,80.1,8.0,3,2.9,3.4,10.0,2,1,49.3,Poor,High,2,0,2,2,0.0,0.0002435658033612,1.1204545454545454,-1,1
LOC0010,Indore College of Engineering,2,9,8,22.868208,75.97431,1,8,8.0,2,1,1,1,0,1,1,0,0,94.1,2,0,2,1,0,1,1,1,0,35.0,1320,7.0,41.0,21.0,7,2.1,2.2,8.0,1,2,72.1,Average,High,4,1,3,2,0.0,0.0052990158970476,2.0027777777777778,-1,1
LOC0011,Jaipur Museum,8,10,10,27.026657,75.865588,1,159,42.0,1,0,0,0,1,0,1,0,0,61.4,0,2,2,1,0,0,1,1,0,12.0,2579,11.0,20.5,27.0,9,1.2,1.4,16.0,1,1,22.9,Poor,High,1,1,5,2,0.0,0.0034883720930232,1.7615384615384615,-1,3
LOC0012,Ahmedabad City Centre Mall,5,0,5,23.088633,72.57839,0,24,18.0,2,0,1,1,0,0,1,0,1,85.6,0,0,2,1,0,1,1,0,0,6.0,12487,51.0,155.9,15.0,5,3.0,3.1,19.0,1,1,62.7,Average,Medium,4,0,3,1,0.0,0.0004003843689942,8.957142857142857,-1,2
LOC0013,Thane Domestic Airport,0,22,9,19.202487,73.041967,0,24,18.0,3,1,1,1,0,0,1,1,1,85.6,0,2,1,1,1,0,1,1,2,15.0,8697,39.0,280.5,1.0,1,3.2,2.8,1.0,1,1,74.3,Average,Medium,5,1,4,2,30.0,0.0001149689583812,4.64375,-1,2
LOC0014,Guwahati City Centre Mall,5,7,1,26.136602,91.816573,0,17,11.0,2,1,1,1,1,0,0,0,1,94.7,0,0,2,1,1,0,1,1,2,8.0,6422,25.0,122.2,10.0,3,3.5,3.3,23.0,0,2,88.6,Good,Low,4,1,3,2,16.0,0.0004670714619336,9.844444444444443,-1,2
LOC0015,Chandigarh Government College,2,3,3,30.780215,76.815672,1,65,17.0,2,1,0,0,1,0,0,1,1,81.2,0,1,2,1,1,0,1,1,1,14.0,608,2.0,43.6,18.0,6,1.5,1.6,23.0,1,0,56.7,Average,Medium,2,2,4,2,14.0,0.0098522167487684,3.78,-1,1
LOC0016,Bengaluru Botanical Garden,8,1,6,13.107607,77.710459,1,33,7.0,1,0,0,0,0,0,0,0,0,78.5,2,2,2,1,0,1,0,1,1,11.0,2526,13.0,29.3,18.0,5,3.1,3.2,3.0,1,1,28.2,Poor,High,0,0,5,1,11.0,0.001978630787495,2.35,-1,1
LOC0017,Nagpur City Hospital,4,17,9,21.235647,79.144099,0,49,12.0,5,1,1,0,1,0,1,0,0,81.3,0,2,0,1,1,0,0,1,0,37.0,1708,17.0,101.1,13.0,1,4.2,4.0,15.0,1,1,75.7,Good,Medium,3,1,3,1,0.0,0.0005851375073142,1.9921052631578948,-1,0
LOC0018,Jaipur Collectorate Office,3,10,10,26.903186,75.895266,1,29,11.0,2,1,1,1,1,1,0,0,0,99.1,2,1,2,0,0,0,1,1,0,35.0,4778,19.0,44.6,14.0,6,3.5,3.5,17.0,1,2,77.4,Good,Medium,3,2,3,2,0.0,0.0012554927809165,2.1500000000000004,-1,1
LOC0019,Lucknow City Hospital,4,14,13,26.982773,80.970022,0,33,17.0,6,1,0,1,1,0,1,1,0,92.5,1,0,2,1,1,0,0,1,2,10.0,3885,27.0,120.3,13.0,2,3.8,3.3,2.0,1,2,95.1,Excellent,Low,3,2,3,1,20.0,0.0005146680391147,8.645454545454545,-1,0
LOC0020,Jaipur Junction,7,10,10,26.783452,75.688684,1,84,33.0,3,0,1,1,0,0,1,0,1,87.3,0,1,0,0,1,0,1,1,2,7.0,19507,71.0,118.6,16.0,2,3.5,4.0,19.0,0,1,72.1,Average,Low,4,0,1,2,14.0,0.000102522042239,9.0125,-1,1
LOC0021,Chandigarh Public Garden,6,3,3,30.705304,76.895537,1,28,22.0,1,1,0,0,0,1,0,0,1,72.8,0,2,0,0,0,1,0,1,0,10.0,908,2.0,19.3,19.0,10,2.6,2.4,14.0,1,0,35.3,Poor,High,2,1,2,1,0.0,0.011001100110011,3.209090909090909,-1,3
LOC0022,Hyderabad Collectorate Office,3,8,12,17.517063,78.458467,1,63,17.0,1,0,0,1,1,0,0,0,0,80.1,0,0,0,1,1,0,1,0,1,39.0,2516,9.0,30.0,14.0,6,2.5,2.3,16.0,1,0,51.0,Poor,Medium,1,1,1,1,39.0,0.00238379022646,1.275,-1,1
LOC0023,Coimbatore Medical Center,4,5,11,10.942864,76.86589,1,14,13.0,2,0,0,1,0,0,0,1,1,85.3,1,1,1,1,1,0,1,1,2,12.0,4587,20.0,84.1,17.0,2,4.9,5.0,10.0,1,2,73.8,Average,Medium,2,1,3,2,24.0,0.0004359197907585,5.676923076923076,-1,1
LOC0024,Mumbai Lake View Point,8,15,9,18.963849,72.917664,1,45,9.0,1,1,1,0,0,0,0,1,1,82.4,2,1,0,1,0,0,0,1,2,20.0,1139,3.0,25.1,18.0,6,2.1,2.1,19.0,0,2,64.4,Average,Medium,3,1,2,1,40.0,0.0052631578947368,3.066666666666667,-1,1
LOC0025,Indore Government College,2,9,8,22.720371,75.968356,0,63,27.0,1,0,1,1,0,0,1,0,0,85.9,2,0,1,1,0,0,1,1,2,9.0,4726,23.0,62.8,17.0,3,1.9,1.8,5.0,1,2,47.3,Poor,High,3,0,2,2,18.0,0.0006346519991537,4.73,-1,0
LOC0026,Indore Bus Depot,1,9,8,22.73162,75.822143,1,2,2.0,1,1,0,0,0,0,0,0,0,87.2,2,0,2,1,0,0,1,0,2,3.0,2527,9.0,17.7,20.0,9,1.3,1.5,14.0,1,1,33.9,Poor,High,1,0,3,1,6.0,0.0035601265822784,8.475,-1,1
LOC0027,Nashik Central Station,7,18,9,19.885264,73.678257,1,33,23.0,1,1,1,1,1,0,0,0,1,103.2,2,0,1,0,0,0,1,0,2,25.0,15951,64.0,102.9,8.0,2,1.5,1.4,13.0,1,1,60.3,Average,Medium,4,1,1,1,50.0,0.0001253761283851,2.319230769230769,-1,1
LOC0028,Thane Lake View Point,8,22,9,19.209888,73.005831,0,25,10.0,1,1,1,1,0,0,0,0,0,103.5,2,0,2,1,0,0,0,1,2,14.0,2452,8.0,25.3,13.0,4,3.1,3.7,4.0,0,0,55.8,Average,Medium,3,0,3,1,28.0,0.0016306563391765,3.72,-1,3
LOC0029,Nashik Museum,8,18,9,19.856511,73.93816,0,86,26.0,1,0,1,1,0,0,0,0,0,80.2,2,0,1,0,1,0,0,1,1,8.0,338,5.0,14.4,27.0,6,2.3,2.1,21.0,2,1,25.7,Poor,High,2,0,1,1,8.0,0.0176991150442477,2.855555555555556,-1,3
LOC0030,Patna General Hospital,4,19,2,25.473278,85.249652,1,18,14.0,5,1,1,1,1,1,1,0,0,95.4,0,0,0,1,1,1,0,1,1,8.0,4411,22.0,71.7,9.0,2,3.2,3.0,11.0,1,2,100.0,Excellent,Low,4,2,1,1,8.0,0.0004533091568449,11.11111111111111,-1,2
LOC0031,Thiruvananthapuram Public Garden,6,23,7,8.585943,76.927866,1,45,9.0,1,1,1,0,1,0,0,0,1,81.4,2,0,0,0,1,0,0,1,1,7.0,2344,8.0,20.7,17.0,4,3.0,3.3,8.0,0,2,72.5,Average,Medium,3,1,0,1,7.0,0.0017057569296375,9.0625,-1,1
LOC0032,Nashik Museum,8,18,9,19.943527,73.917924,0,113,19.0,1,0,0,0,0,0,0,1,0,75.6,2,2,1,0,0,1,0,0,1,4.0,2980,17.0,33.2,24.0,9,1.8,2.0,6.0,1,0,1.2,Poor,High,0,1,3,0,4.0,0.0030191211003019,0.24,-1,3
LOC0033,Mumbai General Hospital,4,15,9,19.127555,72.947642,0,37,24.0,4,1,1,0,0,0,1,1,0,80.5,0,0,1,1,0,1,0,1,0,17.0,4401,28.0,123.9,18.0,7,2.4,2.4,11.0,1,2,59.9,Average,High,3,1,2,1,0.0,0.0015901862789641,3.327777777777777,-1,0
LOC0034,Jaipur City Hospital,4,10,10,26.846755,75.70993,0,56,11.0,6,0,1,1,0,1,0,0,0,86.7,2,1,2,0,1,0,0,0,1,18.0,4266,24.0,128.1,13.0,4,3.7,3.8,12.0,0,1,56.1,Average,Medium,2,1,3,0,18.0,0.000937426763534,2.9526315789473685,-1,0
LOC0035,Jaipur Bus Stand,1,10,10,26.980163,75.776539,1,10,8.0,1,0,0,0,0,1,0,0,0,78.4,2,0,1,0,0,0,1,0,2,15.0,1925,5.0,14.9,17.0,2,2.4,1.8,19.0,1,1,26.8,Poor,High,0,1,1,1,30.0,0.0010384215991692,1.675,-1,1
LOC0036,Mumbai Heritage Fort,8,15,9,19.11208,72.765811,1,25,9.0,1,0,1,1,0,0,0,0,0,82.3,1,0,1,1,0,0,1,0,0,16.0,779,2.0,13.9,25.0,6,1.7,1.7,10.0,2,1,41.3,Poor,High,2,0,2,1,0.0,0.0076923076923076,2.429411764705882,-1,3
LOC0037,Mysuru Public Garden,6,16,6,12.347728,76.628697,1,34,9.0,1,1,1,0,1,0,0,0,0,76.7,2,0,1,0,1,0,0,0,2,9.0,2062,10.0,17.7,19.0,7,1.2,1.9,0.0,1,0,39.1,Poor,High,2,1,1,0,18.0,0.0033931168201648,3.91,-1,1
LOC0038,Indore Museum,8,9,8,22.722284,75.946983,1,174,40.0,1,1,0,0,0,0,0,0,1,69.1,1,0,2,0,0,0,1,1,0,14.0,1745,13.0,27.3,20.0,6,1.4,1.6,21.0,1,2,44.2,Poor,High,2,0,2,2,0.0,0.0034364261168384,2.9466666666666668,-1,3
LOC0039,Guwahati Central Park,6,7,1,26.190142,91.724545,0,6,2.0,1,0,0,0,0,0,0,0,1,91.0,2,2,1,1,1,1,1,1,1,10.0,2736,5.0,24.6,23.0,1,3.1,3.2,12.0,1,0,29.2,Poor,High,1,0,4,2,10.0,0.000365363536719,2.6545454545454543,-1,0
LOC0040,Coimbatore Collectorate Office,3,5,11,10.898379,76.860026,1,61,25.0,1,0,0,1,1,0,0,0,0,86.8,1,2,2,1,0,0,1,1,0,7.0,4769,15.0,39.9,31.0,9,2.3,2.5,15.0,1,2,43.3,Poor,High,1,1,5,2,0.0,0.0018867924528301,5.4125,-1,1
LOC0041,Bengaluru Municipal Office,3,1,6,12.946058,77.541109,1,33,12.0,1,0,0,0,0,0,1,0,0,67.7,2,2,2,1,1,0,1,1,0,6.0,965,3.0,40.8,10.0,10,1.7,1.7,11.0,1,0,14.0,Poor,High,1,0,5,2,0.0,0.010351966873706,2.0,-1,1
LOC0042,Ahmedabad City Hospital,4,0,5,22.896284,72.516077,0,19,14.0,6,1,0,0,0,0,1,0,0,77.2,0,1,0,1,1,1,1,1,2,16.0,1691,11.0,67.2,18.0,5,2.4,2.6,6.0,1,1,69.4,Average,Medium,2,0,2,2,32.0,0.0029550827423167,4.082352941176471,-1,0
LOC0043,Delhi Airport Terminal,0,6,4,28.763876,77.028837,0,17,7.0,3,1,1,1,1,0,0,1,1,93.2,0,0,0,1,1,1,1,1,0,19.0,3337,14.0,149.3,6.0,3,3.1,2.9,17.0,1,1,96.4,Excellent,Low,4,2,1,2,0.0,0.0008987417615338,4.82,-1,2
LOC0044,Indore College of Engineering,2,9,8,22.581189,75.843363,0,33,19.0,2,1,1,1,1,0,0,1,1,97.6,1,1,2,1,1,0,0,0,0,18.0,1852,9.0,39.7,13.0,3,3.2,3.2,0.0,1,1,98.3,Excellent,Medium,4,2,4,0,0.0,0.0016189962223421,5.173684210526315,-1,0
LOC0045,Bengaluru Heritage Fort,8,1,6,13.032884,77.493142,1,98,33.0,1,1,1,0,0,0,0,0,0,79.6,0,2,0,1,0,0,1,1,1,15.0,2548,5.0,19.6,17.0,8,1.6,1.6,12.0,2,1,43.1,Poor,High,2,0,3,2,15.0,0.003138485680659,2.69375,-1,3
LOC0046,Chennai Central Station,7,4,11,13.213786,80.243536,1,81,24.0,3,1,0,0,0,0,1,1,0,80.4,0,1,1,1,0,1,1,1,0,11.0,4751,21.0,66.3,23.0,9,3.0,2.8,8.0,1,0,39.4,Poor,High,2,1,3,2,0.0,0.0018939393939393,3.283333333333333,-1,1
LOC0047,Thane Government College,2,22,9,19.127177,72.841063,0,27,10.0,3,1,0,1,1,0,1,0,0,95.3,0,0,0,1,0,0,0,1,0,36.0,3173,17.0,65.7,21.0,7,2.1,2.2,20.0,1,0,60.6,Average,Medium,3,1,1,1,0.0,0.0022054190296156,1.637837837837838,-1,0
LOC0048,Visakhapatnam Medical Center,4,25,0,17.750082,83.361663,0,25,9.0,5,1,0,0,1,0,1,1,0,88.4,2,0,2,0,0,1,1,0,0,6.0,875,17.0,106.1,9.0,3,2.8,3.0,9.0,1,2,60.0,Average,Medium,2,2,2,1,0.0,0.0034246575342465,8.571428571428571,-1,0
LOC0049,Kochi Plaza Mall,5,12,7,9.91109,76.331257,0,21,13.0,7,0,0,0,1,0,0,1,1,75.5,0,0,0,1,1,1,1,1,2,35.0,6312,30.0,162.2,7.0,3,3.7,3.8,6.0,1,1,72.4,Average,Low,1,2,1,2,70.0,0.0004752098843655,2.011111111111111,-1,2
LOC0050,Mysuru District Office,3,16,6,12.373929,76.734074,1,14,14.0,2,0,0,0,0,0,0,0,0,72.2,2,0,2,0,0,0,1,0,0,14.0,2874,9.0,26.5,20.0,9,3.5,3.6,0.0,1,0,18.5,Poor,High,0,0,2,1,0.0,0.0031304347826086,1.2333333333333334,-1,1
LOC0051,Bengaluru District Office,3,1,6,13.096432,77.482886,1,44,26.0,1,0,0,1,0,0,1,0,0,91.3,0,1,0,0,0,0,1,1,1,7.0,3875,20.0,31.6,18.0,9,2.3,2.0,8.0,1,0,52.8,Poor,High,2,0,1,2,7.0,0.0023219814241486,6.6,-1,1
LOC0052,Mumbai Domestic Airport,0,15,9,18.997477,72.780874,1,5,5.0,2,1,1,0,1,1,0,1,1,81.3,0,0,0,1,1,0,0,1,1,28.0,8078,34.0,159.2,12.0,3,3.9,4.1,4.0,0,2,99.0,Excellent,Low,3,3,1,1,28.0,0.0003713330857779,3.413793103448276,-1,2
LOC0053,Thane International Airport,0,22,9,19.249637,72.93505,0,5,5.0,6,1,1,1,1,0,1,1,1,99.7,0,1,0,1,1,0,1,0,1,17.0,19656,77.0,242.9,1.0,0,4.3,2.8,19.0,0,2,100.0,Excellent,Low,5,2,2,1,17.0,0.0,5.555555555555555,-1,2
LOC0054,Kochi Municipal Office,3,12,7,9.844247,76.245373,1,50,10.0,1,0,0,0,0,0,1,0,1,73.1,0,0,2,1,0,1,1,1,2,13.0,1307,2.0,34.3,15.0,7,2.0,1.9,13.0,1,0,35.2,Poor,High,2,0,3,2,26.0,0.0053516819571865,2.5142857142857147,-1,1
LOC0055,Bhopal General Hospital,4,2,8,23.12371,77.486343,1,48,10.0,7,0,1,1,0,0,1,1,1,85.8,0,1,2,0,0,0,1,1,2,28.0,4360,26.0,93.2,10.0,4,4.2,4.1,3.0,0,1,74.1,Average,Medium,4,1,3,2,56.0,0.0009172208209126,2.555172413793103,-1,0
LOC0056,Hyderabad Airport Terminal,0,8,12,17.280026,78.524689,0,8,8.0,7,1,1,1,0,1,1,0,0,94.5,0,0,2,1,1,0,1,0,0,25.0,14831,61.0,208.5,1.0,4,3.9,3.5,2.0,1,2,91.8,Excellent,Medium,4,1,3,1,0.0,0.000269687162891,3.5307692307692307,-1,2
LOC0057,Nashik District Office,3,18,9,19.87387,73.828636,1,16,13.0,2,0,1,0,0,1,0,0,0,79.5,1,2,2,0,0,0,1,0,1,11.0,3846,18.0,44.0,10.0,2,3.8,3.3,15.0,1,1,62.1,Average,Medium,1,1,4,1,11.0,0.0005198856251624,5.175,-1,1
LOC0058,Thiruvananthapuram Bus Depot,1,23,7,8.672401,77.041692,1,39,9.0,1,0,0,0,0,1,0,0,0,67.6,0,1,2,1,0,0,1,0,0,9.0,677,8.0,8.1,32.0,13,2.1,1.9,0.0,1,2,35.1,Poor,High,0,1,4,1,0.0,0.0191740412979351,3.51,-1,3
LOC0059,Udaipur City Hospital,4,24,10,24.468542,73.619436,0,24,19.0,3,0,1,1,0,0,0,0,1,84.8,0,0,0,1,0,0,0,1,1,9.0,1362,7.0,138.3,12.0,0,2.6,2.3,12.0,0,2,72.5,Average,Low,3,0,1,1,9.0,0.0,7.25,-1,0
LOC0060,Kanpur Health Centre,4,11,13,26.588756,80.386498,0,16,4.0,7,0,1,0,1,0,1,0,0,87.0,1,1,1,1,1,1,0,1,2,27.0,3013,12.0,86.2,10.0,1,3.5,3.4,15.0,0,2,79.5,Good,Medium,2,1,3,1,54.0,0.0003317850033178,2.8392857142857144,-1,2
LOC0061,Nagpur Central Park,6,17,9,21.224175,79.098102,1,32,8.0,1,0,0,1,0,1,0,1,1,84.7,2,0,1,0,0,0,0,0,0,13.0,2795,11.0,23.5,8.0,3,2.8,2.7,1.0,1,2,40.8,Poor,High,2,2,1,0,0.0,0.0010729613733905,2.914285714285714,-1,1
LOC0062,Visakhapatnam Bus Stand,1,25,0,17.765596,83.2031,1,24,6.0,1,1,0,1,0,0,1,1,1,93.4,2,2,2,0,0,0,1,1,0,11.0,2415,19.0,16.0,15.0,3,3.0,3.0,22.0,1,0,44.9,Poor,High,4,1,4,2,0.0,0.0012417218543046,3.7416666666666663,-1,1
LOC0063,Guwahati Temple Complex,8,7,1,26.040491,91.657311,1,151,36.0,1,0,0,0,0,0,0,0,0,68.2,0,2,2,0,0,0,1,0,1,9.0,762,2.0,21.4,16.0,6,1.6,1.6,13.0,1,1,18.2,Poor,High,0,0,4,1,9.0,0.0078636959370904,1.82,-1,3
LOC0064,Lucknow Domestic Airport,0,14,13,26.964457,81.031703,1,21,5.0,3,1,1,1,0,0,1,0,1,97.9,1,0,0,1,0,1,0,0,0,22.0,14528,62.0,154.6,9.0,1,3.9,4.5,21.0,0,2,96.0,Excellent,Low,5,0,1,0,0.0,6.882786151834262e-05,4.173913043478261,-1,2
LOC0065,Coimbatore Central Park,6,5,11,10.985971,77.04778,1,31,19.0,1,1,0,0,0,0,0,0,0,83.7,0,0,2,1,0,0,1,1,0,16.0,2129,5.0,13.0,23.0,6,2.5,2.5,12.0,1,0,37.7,Poor,High,1,0,3,2,0.0,0.0028169014084507,2.217647058823529,-1,1
LOC0066,Coimbatore City Bus Stop,1,5,11,11.000039,77.006973,1,11,10.0,1,0,0,0,0,0,0,1,1,77.2,2,0,2,0,0,0,1,1,0,7.0,2236,10.0,16.9,19.0,1,2.7,2.7,2.0,1,2,44.2,Poor,High,1,1,2,2,0.0,0.0004470272686633,5.525,-1,1
LOC0067,Chennai Central Station,7,4,11,13.088452,80.296582,1,29,22.0,2,0,1,1,0,1,0,1,0,88.9,0,1,1,1,0,1,1,1,0,34.0,16052,56.0,125.1,18.0,10,2.7,3.3,20.0,1,2,58.3,Average,High,2,2,3,2,0.0,0.0006229365227683,1.6657142857142857,-1,1
LOC0068,Bhopal Temple Complex,8,2,8,23.223638,77.389446,1,122,28.0,1,0,0,0,0,0,0,0,0,68.9,1,2,2,1,0,0,1,0,2,10.0,337,2.0,18.3,18.0,4,2.6,3.0,22.0,1,0,23.1,Poor,High,0,0,5,1,20.0,0.0118343195266272,2.1,-1,3
LOC0069,Patna Bus Stand,1,19,2,25.588053,85.171727,0,17,14.0,1,0,0,0,0,1,1,0,0,73.1,1,2,2,1,0,0,1,1,0,2.0,2993,5.0,20.0,13.0,3,2.9,3.1,7.0,1,1,47.8,Poor,High,1,1,5,2,0.0,0.001002004008016,15.933333333333332,-1,0
LOC0070,Guwahati Domestic Airport,0,7,1,26.174364,91.631714,0,19,11.0,7,1,1,0,0,0,1,1,1,77.0,1,0,0,1,0,0,0,1,1,35.0,19416,79.0,274.9,2.0,0,3.0,2.6,2.0,0,1,94.2,Excellent,Low,4,1,1,1,35.0,0.0,2.6166666666666667,-1,2
LOC0071,Surat Municipal Office,3,21,5,21.185978,72.903509,1,57,13.0,1,1,0,1,0,0,0,0,1,104.1,2,2,2,0,0,0,0,1,2,34.0,1063,2.0,34.3,18.0,9,1.9,1.7,12.0,1,1,35.0,Poor,High,3,0,4,1,68.0,0.0084586466165413,1.0,-1,1
LOC0072,Delhi Junction,7,6,4,28.802496,77.244829,1,70,12.0,2,1,0,0,0,0,0,1,0,78.0,0,0,1,0,0,0,1,1,0,9.0,18845,77.0,101.9,17.0,9,3.3,3.2,20.0,1,1,33.9,Poor,High,1,1,1,2,0.0,0.0004775549188156,3.39,-1,1
LOC0073,Mumbai Bus Depot,1,15,9,19.070816,72.7448,1,35,7.0,1,0,1,1,0,0,0,0,0,82.4,1,0,2,0,0,1,1,0,2,8.0,1219,5.0,9.2,17.0,9,1.1,1.0,13.0,1,1,54.4,Poor,High,2,0,2,1,16.0,0.0073770491803278,6.044444444444444,-1,1
LOC0074,Mysuru City Bus Stop,1,16,6,12.213261,76.676317,1,5,2.0,1,1,0,0,0,0,0,0,0,86.2,1,0,1,0,0,0,1,0,2,15.0,973,2.0,12.7,15.0,5,2.2,2.0,22.0,1,1,45.1,Poor,High,1,0,1,1,30.0,0.0051334702258726,2.81875,-1,1
LOC0075,Mumbai Multispeciality Hospital,4,15,9,18.985809,72.802194,1,38,15.0,6,1,0,1,1,1,0,1,1,90.4,0,2,2,1,0,0,1,0,0,7.0,1101,4.0,74.3,5.0,3,2.9,3.2,2.0,1,1,68.3,Average,Medium,3,3,5,1,0.0,0.0027223230490018,8.5375,-1,0
LOC0076,Hyderabad City Park,6,8,12,17.465274,78.365434,1,8,8.0,1,1,1,0,1,1,0,0,1,78.3,0,0,2,1,0,0,0,1,1,14.0,2188,5.0,17.1,19.0,2,2.6,2.7,5.0,2,1,73.4,Average,Medium,3,2,3,1,14.0,0.0009136592051164,4.8933333333333335,-1,1
LOC0077,Ahmedabad City Park,6,0,5,23.120009,72.423435,1,48,8.0,1,0,1,0,0,1,0,0,0,80.2,0,0,1,0,0,1,0,1,2,24.0,1324,8.0,13.7,21.0,3,2.2,2.4,1.0,0,2,46.6,Poor,High,1,1,1,1,48.0,0.0022641509433962,1.864,-1,1
LOC0078,Thiruvananthapuram Bus Stand,1,23,7,8.429193,76.987059,1,31,18.0,1,1,0,0,0,0,1,0,0,82.3,0,2,2,0,0,0,1,0,0,4.0,2762,12.0,15.9,20.0,8,2.9,2.8,17.0,1,0,30.5,Poor,High,2,0,4,1,0.0,0.0028954035468693,6.1,-1,1
LOC0079,Kolkata Public Garden,6,13,14,22.64009,88.265729,1,8,7.0,1,0,0,0,0,0,0,0,0,78.9,1,0,1,1,0,1,1,1,1,23.0,2868,5.0,24.1,18.0,7,2.6,2.5,20.0,1,1,42.3,Poor,High,0,0,2,2,23.0,0.0024398745207389,1.7625,-1,1
LOC0080,Nashik Heritage Fort,8,18,9,20.029641,73.724912,1,102,36.0,1,0,1,0,0,0,1,0,0,65.0,1,0,2,1,0,0,1,1,0,10.0,1748,5.0,30.8,23.0,9,1.0,1.2,13.0,2,2,41.4,Poor,High,2,0,3,2,0.0,0.0051457975986277,3.763636363636364,-1,3
LOC0081,Pune Government College,2,20,9,18.3999,73.974252,1,53,15.0,1,0,1,1,1,1,0,1,1,82.1,0,0,2,0,1,1,0,1,0,34.0,2453,10.0,48.9,18.0,6,3.2,3.5,19.0,1,2,74.5,Average,Medium,3,3,2,1,0.0,0.0024449877750611,2.128571428571429,-1,1
LOC0082,Thiruvananthapuram Public Garden,6,23,7,8.505635,76.812256,1,33,8.0,1,0,0,1,0,1,1,0,1,92.0,0,2,2,1,0,0,1,0,1,22.0,633,2.0,19.2,22.0,4,3.2,3.3,21.0,1,2,57.5,Average,Medium,3,1,5,1,22.0,0.0063091482649842,2.5,-1,1
LOC0083,Ahmedabad College of Engineering,2,0,5,23.023374,72.60985,0,32,13.0,1,1,1,0,1,1,0,0,0,84.3,0,2,1,1,0,0,1,0,2,14.0,2744,5.0,47.7,15.0,5,3.0,3.1,10.0,2,0,42.9,Poor,High,2,2,4,1,28.0,0.0018214936247723,2.86,-1,0
LOC0084,Delhi Public Garden,6,6,4,28.784713,77.199595,1,34,5.0,1,0,0,1,0,0,1,1,0,87.3,2,0,1,1,1,0,0,1,1,8.0,1932,10.0,22.0,19.0,6,2.4,2.0,20.0,1,0,32.0,Poor,High,2,1,2,1,8.0,0.0031039834454216,3.555555555555556,-1,1
LOC0085,Surat Grand Mall,5,21,5,21.152343,72.778897,0,12,5.0,7,1,0,0,1,0,1,0,0,91.4,1,1,2,1,1,0,1,1,0,38.0,18176,74.0,224.5,7.0,3,3.7,3.7,21.0,1,2,87.4,Good,Medium,2,1,4,2,0.0,0.0001650437365901,2.241025641025641,-1,2
LOC0086,Hyderabad Tehsil Office,3,8,12,17.397013,78.425392,1,27,18.0,1,0,0,1,0,0,0,0,0,91.9,2,0,2,0,0,0,1,1,1,19.0,819,7.0,37.5,12.0,2,2.4,2.7,13.0,1,0,37.4,Poor,High,1,0,2,2,19.0,0.0024390243902439,1.87,-1,1
LOC0087,Coimbatore Degree College,2,5,11,11.085313,77.037088,1,23,5.0,1,1,1,1,0,0,1,1,1,101.5,0,2,0,1,1,0,0,0,2,34.0,3051,9.0,35.9,16.0,6,4.0,4.3,4.0,2,1,78.1,Good,Medium,5,1,3,0,68.0,0.0019659239842726,2.2314285714285718,-1,0
LOC0088,Mumbai Collectorate Office,3,15,9,19.114875,72.946724,1,46,23.0,1,1,0,0,0,0,0,0,0,80.0,0,2,1,1,0,0,0,1,1,23.0,1120,3.0,38.2,12.0,5,2.7,2.7,21.0,1,0,25.5,Poor,High,1,0,4,1,23.0,0.0044603033006244,1.0625,-1,1
LOC0089,Nashik City Centre Mall,5,18,9,20.138498,73.640473,0,5,5.0,3,1,1,1,1,1,1,0,0,97.8,1,1,1,1,1,0,0,0,2,44.0,6425,29.0,151.6,8.0,0,4.0,3.7,11.0,1,1,100.0,Excellent,Medium,4,2,3,0,88.0,0.0,2.2222222222222223,-1,2
LOC0090,Udaipur Green Park,6,24,10,24.650785,73.612978,0,43,26.0,1,1,0,1,0,0,1,0,0,96.9,2,2,0,1,0,0,1,1,1,24.0,305,2.0,13.4,17.0,4,3.6,3.1,10.0,1,0,51.7,Poor,High,3,0,3,2,24.0,0.0130718954248366,2.068,-1,3
LOC0091,Indore City Bus Stop,1,9,8,22.660231,75.752512,1,13,13.0,1,0,0,1,0,0,0,0,1,77.5,0,2,1,1,0,0,1,0,0,11.0,2173,15.0,12.6,22.0,4,1.4,1.6,18.0,1,0,18.3,Poor,High,2,0,4,1,0.0,0.0018399264029438,1.525,-1,1
LOC0092,Visakhapatnam Railway Station,7,25,0,17.635572,83.131942,1,23,22.0,2,1,0,0,1,0,1,0,1,84.7,0,0,2,1,0,1,1,0,2,14.0,19537,75.0,126.7,13.0,2,4.1,4.4,16.0,1,2,75.3,Good,Low,3,1,3,1,28.0,0.0001023646227863,5.02,-1,2
LOC0093,Guwahati Bus Stand,1,7,1,26.10073,91.712395,1,19,12.0,1,0,0,1,0,0,0,1,0,90.8,2,0,1,0,0,0,1,0,0,22.0,2520,10.0,15.0,9.0,5,2.9,3.3,3.0,1,0,28.7,Poor,High,1,1,1,1,0.0,0.0019833399444664,1.2478260869565216,-1,1
LOC0094,Patna Public Garden,6,19,2,25.463026,85.080454,1,17,8.0,1,0,0,1,0,0,0,1,1,81.1,1,0,1,1,0,0,0,1,0,18.0,1349,5.0,18.4,23.0,8,2.3,2.3,19.0,1,0,37.2,Poor,High,2,1,2,1,0.0,0.0059259259259259,1.9578947368421051,-1,1
LOC0095,Chandigarh Heritage Fort,8,3,3,30.729266,76.682895,1,42,20.0,1,1,0,0,1,0,1,0,1,76.2,1,0,2,1,0,0,1,1,1,2.0,626,3.0,16.2,12.0,4,2.6,2.4,16.0,1,1,73.6,Average,Medium,3,1,3,2,2.0,0.0063795853269537,24.53333333333333,-1,0
LOC0096,Surat Public Garden,6,21,5,21.10521,72.804322,1,3,3.0,1,1,0,0,0,0,0,1,0,83.7,1,0,1,1,0,0,0,0,1,10.0,1634,3.0,22.4,13.0,4,1.4,1.3,13.0,1,2,55.8,Average,Medium,1,1,2,0,10.0,0.0024464831804281,5.072727272727272,-1,1
LOC0097,Pune Green Park,6,20,9,18.655699,73.810829,1,35,23.0,1,1,1,0,1,0,1,0,0,68.7,0,2,0,1,0,0,0,1,1,19.0,2052,6.0,22.8,23.0,2,3.5,3.3,2.0,2,2,70.5,Average,Medium,3,1,3,1,19.0,0.0009741841207988,3.525,-1,1
LOC0098,Nashik Temple Complex,8,18,9,19.990479,73.749536,1,122,33.0,1,0,1,1,0,0,0,0,0,83.8,0,0,2,1,0,1,0,1,2,18.0,1364,3.0,13.2,19.0,11,2.8,2.9,22.0,2,0,32.5,Poor,High,2,0,3,1,36.0,0.008058608058608,1.7105263157894737,-1,3
LOC0099,Bhopal Institute of Technology,2,2,8,23.404841,77.280519,0,56,9.0,3,1,1,1,1,0,1,0,0,98.7,1,0,0,1,1,1,1,1,0,20.0,2407,14.0,48.0,12.0,5,2.9,2.8,13.0,0,1,93.4,Excellent,Medium,4,1,1,2,0.0,0.0020764119601328,4.447619047619048,-1,0
LOC0100,Delhi Shopping Mall,5,6,4,28.656821,77.200364,0,13,13.0,4,0,0,1,1,0,0,1,0,94.8,0,2,0,1,1,1,0,1,1,26.0,12252,44.0,171.7,7.0,1,3.6,3.7,16.0,1,2,75.4,Good,Low,1,2,3,1,26.0,8.161266628580756e-05,2.7925925925925927,-1,2
LOC0101,Mysuru District Office,3,16,6,12.168274,76.543965,1,14,7.0,1,0,0,0,0,0,0,0,1,76.5,2,1,1,1,1,0,1,1,2,37.0,2948,3.0,48.3,15.0,0,2.7,2.7,6.0,1,2,44.7,Poor,High,1,0,3,2,74.0,0.0,1.1763157894736842,-1,1
LOC0102,Bhopal Multispeciality Hospital,4,2,8,23.351184,77.421445,0,8,8.0,4,1,1,1,1,0,1,1,0,93.0,1,0,0,1,1,0,0,1,2,28.0,3866,20.0,74.6,16.0,0,3.7,4.0,23.0,1,2,100.0,Excellent,Low,4,2,1,1,56.0,0.0,3.4482758620689653,-1,2
LOC0103,Mysuru District Office,3,16,6,12.253022,76.53827,1,59,15.0,2,0,0,1,1,0,1,1,0,83.1,2,2,0,0,0,0,1,1,1,5.0,1387,11.0,37.4,26.0,7,3.4,3.3,8.0,1,0,42.2,Poor,High,2,2,2,2,5.0,0.005043227665706,7.033333333333334,-1,1
LOC0104,Nagpur Lake View Point,8,17,9,21.155104,79.00213,1,21,12.0,1,0,1,1,0,0,1,1,1,89.9,2,1,2,1,1,0,1,1,2,5.0,2536,12.0,23.0,20.0,4,2.7,3.0,17.0,0,1,65.5,Average,Medium,4,1,4,2,10.0,0.0015766653527788,10.916666666666666,-1,1
LOC0105,Pune Institute of Technology,2,20,9,18.587839,73.752563,0,37,24.0,2,0,1,1,0,0,1,1,0,99.2,0,2,2,1,0,0,0,0,1,9.0,4338,21.0,64.4,18.0,1,3.2,3.1,16.0,1,1,64.4,Average,Medium,3,1,5,0,9.0,0.0002304678497349,6.44,-1,0
LOC0106,Thiruvananthapuram Museum,8,23,7,8.549426,76.924365,1,79,25.0,1,1,1,0,1,0,0,0,0,82.9,2,0,1,1,1,1,1,1,1,14.0,757,5.0,16.2,23.0,6,2.1,2.7,13.0,1,0,44.5,Poor,High,2,1,2,2,14.0,0.0079155672823219,2.966666666666667,-1,1
LOC0107,Bengaluru City Centre Mall,5,1,6,12.910322,77.485769,0,17,8.0,3,1,0,1,1,1,1,1,1,95.2,1,1,0,1,1,0,0,1,0,25.0,3823,16.0,91.6,14.0,3,2.4,2.3,0.0,1,2,100.0,Excellent,Low,4,3,2,1,0.0,0.0007845188284518,3.8461538461538463,-1,0
LOC0108,Mysuru Tehsil Office,3,16,6,12.19838,76.647682,1,77,31.0,2,1,0,0,1,0,0,0,0,76.4,0,1,0,0,0,0,0,0,1,9.0,3749,18.0,44.2,18.0,3,2.8,2.8,15.0,1,2,64.1,Average,Low,1,1,1,0,9.0,0.0008,6.409999999999999,-1,1
LOC0109,Kochi Museum,8,12,7,9.92533,76.22847,1,123,21.0,1,1,0,0,0,0,0,0,0,83.1,0,1,1,1,0,0,1,1,1,16.0,987,6.0,23.2,18.0,7,2.4,3.0,1.0,1,0,34.8,Poor,High,1,0,3,2,16.0,0.0070850202429149,2.047058823529412,-1,3
LOC0110,Coimbatore Railway Station,7,5,11,11.072621,76.929608,1,67,27.0,1,0,1,1,0,0,1,0,0,79.4,2,1,1,0,1,0,1,1,1,14.0,12322,56.0,100.2,14.0,2,3.3,2.9,1.0,1,0,50.5,Poor,High,3,0,2,2,14.0,0.0001622981416862,3.3666666666666667,-1,1
LOC0111,Ahmedabad Botanical Garden,8,0,5,23.092195,72.569386,1,5,5.0,1,0,1,0,1,0,0,1,0,68.5,0,0,2,0,1,0,1,1,0,4.0,2472,12.0,23.9,16.0,8,1.9,1.6,13.0,1,0,49.5,Poor,High,1,2,2,2,0.0,0.0032349373230893,9.9,-1,1
LOC0112,Guwahati Collectorate Office,3,7,1,26.076295,91.623062,1,26,22.0,1,0,1,0,1,0,1,0,1,78.8,1,0,1,0,1,0,1,1,1,21.0,3423,15.0,35.8,18.0,7,1.9,2.1,7.0,2,2,64.0,Average,Medium,3,1,1,2,21.0,0.0020443925233644,2.909090909090909,-1,1
LOC0113,Ahmedabad Lake View Point,8,0,5,23.13788,72.483601,1,147,42.0,1,0,0,0,0,0,1,0,0,72.9,1,0,1,0,0,0,1,0,0,2.0,1638,2.0,27.9,21.0,11,1.0,1.0,20.0,1,1,18.6,Poor,High,1,0,1,1,0.0,0.0067114093959731,6.2,-1,3
LOC0114,Thane Grand Mall,5,22,9,19.088859,73.062433,1,1,0.0,4,1,1,1,1,1,1,0,0,95.8,1,1,2,1,1,0,0,1,1,8.0,19783,71.0,154.6,5.0,0,3.3,3.4,10.0,0,1,100.0,Excellent,Low,4,2,4,1,8.0,0.0,11.11111111111111,-1,2
LOC0115,Mumbai International Airport,0,15,9,19.008767,72.7645,0,9,9.0,3,1,1,1,0,0,1,1,0,100.9,0,0,2,1,0,1,1,1,1,7.0,14022,65.0,210.7,11.0,1,3.7,3.9,12.0,1,2,95.5,Excellent,Low,4,1,3,2,7.0,7.131141695785496e-05,11.9375,-1,2
LOC0116,Thane Grand Mall,5,22,9,19.078357,72.865799,0,3,3.0,7,1,1,0,1,0,1,1,1,76.6,1,2,2,1,0,1,1,0,0,14.0,16644,65.0,173.0,10.0,1,3.4,3.4,5.0,1,2,90.9,Excellent,Medium,4,2,5,1,0.0,6.007810153199159e-05,6.0600000000000005,-1,2
LOC0117,Patna Museum,8,19,2,25.535812,85.085127,1,31,13.0,1,0,0,0,1,1,0,1,1,79.1,0,0,1,0,0,0,0,1,1,7.0,2147,11.0,26.0,14.0,5,3.0,3.2,2.0,1,2,55.3,Average,Medium,1,3,1,1,7.0,0.0023277467411545,6.9125,-1,1
LOC0118,Pune City Centre Mall,5,20,9,18.559748,73.877351,0,25,12.0,7,1,1,1,1,1,1,1,0,88.6,2,1,0,1,1,1,1,1,0,18.0,12833,51.0,200.2,15.0,5,4.2,4.4,0.0,0,2,97.6,Excellent,Medium,4,3,2,2,0.0,0.0003895901511609,5.136842105263158,-1,2
LOC0119,Coimbatore Green Park,6,5,11,10.967645,77.084805,1,49,17.0,1,0,1,1,1,0,1,0,0,82.0,2,2,2,0,0,0,0,1,1,22.0,1310,2.0,13.6,15.0,9,2.7,3.3,20.0,0,1,42.7,Poor,High,3,1,4,1,22.0,0.0068649885583524,1.856521739130435,-1,1
LOC0120,Guwahati City Bus Stop,1,7,1,26.164735,91.860522,1,15,15.0,1,0,0,0,0,0,0,0,0,81.3,2,2,2,0,0,0,1,0,0,4.0,243,4.0,6.4,16.0,6,2.1,2.2,22.0,1,0,8.9,Poor,High,0,0,4,1,0.0,0.0245901639344262,1.78,-1,3
LOC0121,Kochi City Hospital,4,12,7,9.869229,76.152083,0,50,24.0,2,0,1,0,0,0,0,0,1,72.9,1,0,2,1,0,0,0,0,1,27.0,1566,12.0,59.7,16.0,1,2.8,2.9,1.0,1,1,62.5,Average,Medium,2,0,3,0,27.0,0.0006381620931716,2.232142857142857,-1,0
LOC0122,Surat Medical Center,4,21,5,21.281662,72.802616,0,52,16.0,5,1,1,0,0,0,1,1,1,78.2,1,1,1,1,0,1,1,1,2,29.0,1506,6.0,91.0,10.0,5,3.3,3.0,15.0,1,2,83.0,Good,Medium,4,1,3,2,58.0,0.0033178500331785,2.7666666666666666,-1,0
LOC0123,Chennai Domestic Airport,0,4,11,13.175794,76.912553,0,27,23.0,5,0,1,1,1,1,1,1,0,90.5,0,0,0,1,0,1,0,1,1,38.0,4285,21.0,263.0,8.0,2,2.6,2.5,23.0,1,2,95.1,Excellent,Low,3,3,1,1,38.0,0.0004666355576294,2.4384615384615382,-1,2
LOC0124,Kanpur Medical Center,4,11,13,26.595212,80.224275,0,21,5.0,7,0,1,1,0,1,1,0,1,93.8,2,1,2,0,1,0,1,1,1,15.0,1585,6.0,98.9,6.0,1,3.9,4.9,0.0,1,1,83.1,Good,Medium,4,1,3,2,15.0,0.0006305170239596,5.19375,-1,2
LOC0125,Thiruvananthapuram Shopping Mall,5,23,7,8.632858,77.008537,0,6,6.0,7,1,1,0,1,0,0,1,0,81.1,0,0,2,1,1,1,1,1,2,5.0,10099,41.0,183.1,15.0,0,3.2,3.3,8.0,2,1,78.1,Good,Low,2,2,3,2,10.0,0.0,13.016666666666666,-1,2
LOC0126,Ahmedabad Multispeciality Hospital,4,0,5,23.076636,72.532295,1,22,8.0,7,1,0,1,1,0,1,0,0,99.6,0,2,0,1,0,0,0,1,2,8.0,1739,8.0,48.9,8.0,1,2.8,3.0,22.0,1,2,74.6,Average,Medium,3,1,3,1,16.0,0.0005747126436781,8.288888888888888,-1,2
LOC0127,Bengaluru Airport Terminal,0,1,6,13.055894,77.51493,0,23,22.0,2,1,1,1,1,1,1,0,1,99.5,0,2,0,1,1,1,0,1,0,19.0,11153,51.0,261.1,6.0,1,3.5,3.4,4.0,1,0,90.1,Excellent,Medium,5,2,3,1,0.0,8.965393580778196e-05,4.505,-1,2
LOC0128,Coimbatore Collectorate Office,3,5,11,10.947134,76.908283,1,10,10.0,1,1,1,0,0,0,0,0,1,83.6,2,0,1,1,0,0,1,1,1,30.0,3377,12.0,46.0,18.0,5,1.9,1.8,21.0,0,2,49.0,Poor,High,3,0,2,2,30.0,0.0014801657785671,1.5806451612903225,-1,1
LOC0129,Nashik Institute of Technology,2,18,9,19.887187,73.660382,1,69,26.0,3,1,1,0,0,1,0,0,0,82.6,1,1,2,1,0,0,0,1,0,11.0,1015,3.0,37.6,17.0,9,2.0,1.8,20.0,1,1,62.5,Average,High,2,1,4,1,0.0,0.0088582677165354,5.208333333333333,-1,1
LOC0130,Chandigarh Temple Complex,8,3,3,30.584233,76.70241,1,16,7.0,1,1,1,0,0,1,0,0,1,85.5,2,0,2,0,1,0,0,0,2,16.0,2794,9.0,32.7,14.0,3,3.2,3.5,11.0,0,0,54.0,Poor,High,3,1,2,0,32.0,0.0010733452593917,3.176470588235294,-1,3
LOC0131,Indore Bus Stand,1,9,8,22.603199,75.821362,1,39,16.0,1,0,1,0,0,0,1,0,0,76.2,2,0,2,0,0,0,1,1,1,23.0,633,2.0,10.1,19.0,5,2.3,2.3,3.0,2,1,41.1,Poor,High,2,0,2,2,23.0,0.0078864353312302,1.7125,-1,1
LOC0132,Coimbatore Grand Mall,5,5,11,11.107015,76.836548,0,22,22.0,3,1,1,1,1,0,1,0,1,96.8,0,1,0,0,0,1,0,0,2,16.0,8669,36.0,170.8,7.0,4,3.1,3.5,22.0,2,2,91.3,Excellent,Low,5,1,1,0,32.0,0.0004613610149942,5.370588235294117,-1,2
LOC0133,Nagpur Bus Stand,1,17,9,21.250833,79.095699,1,28,13.0,1,0,1,0,0,0,0,0,0,79.4,2,0,2,1,0,1,1,0,0,6.0,1638,6.0,13.5,23.0,4,2.1,2.0,22.0,0,2,38.8,Poor,High,1,0,3,1,0.0,0.0024405125076266,5.542857142857143,-1,1
LOC0134,Surat Lake View Point,8,21,5,21.126361,72.706817,1,11,11.0,1,0,1,0,0,1,1,0,1,76.2,1,0,0,1,1,0,0,1,2,17.0,2406,5.0,34.6,25.0,7,2.4,2.3,21.0,1,1,76.2,Good,Low,3,1,1,1,34.0,0.0029081844619858,4.233333333333333,-1,3
LOC0135,Kanpur Grand Mall,5,11,13,26.546931,80.199164,0,4,4.0,4,1,1,0,1,1,1,1,0,82.4,0,1,0,0,0,1,0,1,0,33.0,8649,37.0,157.9,8.0,1,3.8,3.6,8.0,1,2,100.0,Excellent,Low,3,3,1,1,0.0,0.0001156069364161,2.9411764705882355,-1,2
LOC0136,Kochi Central Park,6,12,7,10.029954,76.329072,1,49,10.0,1,0,1,1,0,0,0,0,0,80.8,0,0,1,0,0,1,1,0,0,18.0,1970,10.0,24.8,21.0,3,2.0,2.1,10.0,0,2,42.5,Poor,High,2,0,1,1,0.0,0.0015220700152207,2.236842105263158,-1,1
LOC0137,Kanpur Railway Station,7,11,13,26.304882,80.38827,1,89,15.0,3,1,1,0,0,0,0,0,0,75.1,0,1,1,1,0,0,1,0,0,44.0,17683,66.0,123.2,14.0,10,1.4,1.5,4.0,2,0,28.0,Poor,High,2,0,3,1,0.0,0.0005654829224157,0.6222222222222222,-1,1
LOC0138,Kanpur Domestic Airport,0,11,13,26.314635,80.460318,1,10,10.0,5,1,1,1,1,0,0,0,1,103.1,2,0,0,1,1,1,0,1,1,21.0,7019,36.0,124.5,4.0,0,4.1,4.0,19.0,2,1,87.0,Good,Low,4,1,1,1,21.0,0.0,3.954545454545455,-1,2
LOC0139,Nagpur Public Garden,6,17,9,21.24922,79.138476,1,12,2.0,1,0,0,1,0,0,0,0,0,89.0,2,0,2,0,0,0,0,0,1,23.0,322,2.0,19.8,19.0,11,2.8,2.8,19.0,1,0,23.8,Poor,High,1,0,2,0,23.0,0.0340557275541795,0.9916666666666668,-1,3
LOC0140,Bengaluru City Centre Mall,5,1,6,12.821971,77.471808,0,2,0.0,2,0,1,1,1,0,1,0,1,106.0,0,0,2,1,1,1,1,1,0,31.0,15370,61.0,145.1,7.0,1,4.2,4.1,17.0,0,2,89.5,Good,Medium,4,1,3,2,0.0,6.505757595471992e-05,2.796875,-1,2
LOC0141,Mumbai International Airport,0,15,9,19.008737,73.018982,0,11,11.0,2,1,1,1,1,0,1,1,1,98.7,1,1,0,1,1,0,0,0,2,12.0,14967,64.0,214.8,11.0,1,3.8,3.5,3.0,2,2,100.0,Excellent,Low,5,2,2,0,24.0,6.680919294494922e-05,7.6923076923076925,-1,2
LOC0142,Bhopal Museum,8,2,8,23.224703,77.517211,1,142,23.0,1,0,0,0,0,0,0,0,1,62.6,1,0,0,1,1,0,0,1,2,16.0,1416,10.0,14.6,25.0,10,1.0,1.1,0.0,1,1,41.8,Poor,High,1,0,1,1,32.0,0.0070571630204657,2.4588235294117644,-1,3
LOC0143,Bhopal International Airport,0,2,8,23.39718,77.311827,1,24,13.0,4,1,1,1,1,0,1,0,1,98.9,0,1,2,1,0,1,1,0,1,17.0,4831,18.0,82.5,13.0,0,3.4,3.4,19.0,0,2,98.2,Excellent,Low,5,1,4,1,17.0,0.0,5.455555555555556,-1,2
LOC0144,Jaipur Green Park,6,10,10,26.995616,75.808903,1,3,3.0,1,0,1,1,1,0,0,0,1,86.9,0,1,0,1,0,0,1,1,1,14.0,2619,8.0,20.7,19.0,2,4.1,4.5,0.0,2,0,76.6,Good,Low,3,1,2,2,14.0,0.0007633587786259,5.1066666666666665,-1,1
LOC0145,Lucknow Tehsil Office,3,14,13,26.880688,81.019759,1,10,10.0,1,1,1,1,0,0,0,1,1,88.8,0,2,2,1,1,1,0,1,1,31.0,3417,14.0,29.3,18.0,2,3.6,3.2,18.0,0,1,72.9,Average,Medium,4,1,5,1,31.0,0.0005851375073142,2.278125,-1,1
LOC0146,Kochi Junction,7,12,7,9.849923,76.239504,1,19,9.0,1,0,0,1,1,0,0,0,1,91.5,2,2,0,1,0,1,1,1,2,8.0,18478,72.0,118.2,7.0,3,2.8,2.7,11.0,1,2,59.1,Average,Medium,2,1,3,2,16.0,0.0001623464473185,6.566666666666666,-1,1
LOC0147,Thane Shopping Mall,5,22,9,19.365715,72.965155,0,5,5.0,3,1,0,1,1,1,1,0,1,105.2,1,2,0,1,1,0,1,1,2,13.0,13998,54.0,165.0,7.0,0,5.0,4.9,12.0,1,1,100.0,Excellent,Low,4,2,3,2,26.0,0.0,7.142857142857143,-1,2
LOC0148,Jaipur Heritage Fort,8,10,10,27.038432,75.642042,1,54,16.0,1,0,0,0,0,1,1,0,1,77.9,0,0,1,1,1,0,1,1,2,14.0,1163,7.0,21.6,12.0,4,2.9,2.5,16.0,1,1,46.4,Poor,High,2,1,2,2,28.0,0.0034364261168384,3.0933333333333333,-1,3
LOC0149,Bhopal Collectorate Office,3,2,8,23.310931,77.432434,1,70,22.0,1,0,1,0,1,0,0,0,0,74.2,0,2,2,1,0,0,1,0,0,39.0,3468,12.0,29.4,15.0,4,3.4,3.1,10.0,2,0,30.4,Poor,High,1,1,5,1,0.0,0.0011530700490054,0.76,-1,1
LOC0150,Kolkata Collectorate Office,3,13,14,22.434267,88.435007,1,16,11.0,2,0,0,0,0,0,0,0,1,71.1,2,0,0,1,1,1,1,1,0,15.0,1762,9.0,30.3,21.0,4,1.7,1.7,22.0,1,1,36.5,Poor,High,1,0,1,2,0.0,0.0022688598979013,2.28125,-1,1
LOC0151,Hyderabad Municipal Office,3,8,12,17.297999,78.466508,1,65,19.0,3,1,0,0,1,1,0,1,0,89.1,0,0,0,1,0,1,1,1,1,36.0,2181,2.0,34.8,16.0,4,2.6,2.8,3.0,1,2,76.4,Good,Low,1,3,1,2,36.0,0.0018331805682859,2.064864864864865,-1,1
LOC0152,Udaipur Collectorate Office,3,24,10,24.581484,73.584904,1,36,7.0,2,0,0,0,1,0,0,0,0,76.3,0,0,1,1,0,0,1,1,2,16.0,1334,3.0,14.5,18.0,7,1.3,1.3,14.0,1,1,32.3,Poor,High,0,1,2,2,32.0,0.0052434456928838,1.9,-1,1
LOC0153,Lucknow City Park,6,14,13,26.850072,80.998712,1,49,8.0,1,0,1,1,0,0,1,1,0,95.5,2,0,2,0,0,0,0,0,1,2.0,1551,13.0,21.9,18.0,8,1.8,2.1,14.0,2,0,38.8,Poor,High,3,1,2,0,2.0,0.0051546391752577,12.933333333333332,-1,0
LOC0154,Patna International Airport,0,19,2,25.586772,85.058019,0,10,7.0,7,1,1,1,0,0,1,0,1,92.5,0,1,2,1,1,0,0,0,0,32.0,6782,24.0,220.3,4.0,4,4.5,4.4,8.0,1,2,93.6,Excellent,Medium,5,0,4,0,0.0,0.0005897095680377,2.836363636363636,-1,2
LOC0155,Indore Museum,8,9,8,22.638884,75.717625,1,67,11.0,1,0,1,0,0,0,0,0,0,73.2,1,0,2,0,0,0,1,0,1,19.0,1281,3.0,20.4,11.0,3,2.8,3.3,2.0,0,1,53.5,Poor,Medium,1,0,2,1,19.0,0.0023400936037441,2.675,-1,3
LOC0156,Ahmedabad Government College,2,0,5,22.974426,72.42452,1,69,28.0,2,1,0,0,0,0,0,0,1,82.3,1,2,2,1,0,1,1,1,0,20.0,1727,4.0,37.9,30.0,11,2.5,2.0,13.0,1,2,43.5,Poor,High,2,0,5,2,0.0,0.0063657407407407,2.071428571428572,-1,1
LOC0157,Mumbai Railway Station,7,15,9,19.08653,72.928448,1,24,14.0,1,1,0,1,1,1,0,0,0,86.4,0,2,1,1,1,0,1,1,2,42.0,7569,35.0,90.6,14.0,3,2.2,2.8,15.0,1,0,46.7,Poor,High,2,2,4,2,84.0,0.0003963011889035,1.086046511627907,-1,1
LOC0158,Mysuru College of Engineering,2,16,6,12.317058,76.660913,1,35,19.0,2,1,1,0,0,0,0,0,0,85.8,1,0,0,1,0,0,0,0,2,21.0,2759,6.0,54.0,15.0,3,3.2,3.5,20.0,0,1,70.8,Average,Low,2,0,1,0,42.0,0.0010869565217391,3.2181818181818183,-1,1
LOC0159,Mumbai Municipal Office,3,15,9,19.141528,72.887197,1,56,14.0,2,0,0,1,1,0,1,0,1,82.2,2,0,2,0,0,0,1,1,2,15.0,2592,9.0,31.9,21.0,6,2.7,2.7,1.0,1,1,48.0,Poor,High,3,1,2,2,30.0,0.002313922097956,3.0,-1,1
LOC0160,Thiruvananthapuram Junction,7,23,7,8.385571,77.045212,1,33,6.0,3,0,0,1,0,0,0,1,0,89.3,0,1,2,0,0,1,1,0,0,17.0,11957,42.0,103.1,16.0,7,2.7,2.7,17.0,1,1,45.6,Poor,High,1,1,3,1,0.0,0.0005853821709315,2.533333333333333,-1,1
LOC0161,Udaipur General Hospital,4,24,10,24.439572,73.850929,1,30,8.0,7,1,1,1,1,0,1,0,0,97.0,1,1,1,1,1,1,0,1,2,8.0,4243,27.0,95.0,9.0,1,3.1,2.7,20.0,2,1,86.5,Good,Medium,4,1,3,1,16.0,0.0002356267672007,9.61111111111111,-1,2
LOC0162,Coimbatore City Bus Stop,1,5,11,11.160359,76.990072,1,24,18.0,1,0,0,0,0,0,0,0,0,78.7,2,0,0,0,1,0,1,1,2,11.0,2588,3.0,15.3,12.0,2,1.6,1.8,12.0,1,0,33.4,Poor,Medium,0,0,0,2,22.0,0.0007724990343762,2.783333333333333,-1,1
LOC0163,Bengaluru City Bus Stop,1,1,6,13.016118,77.660731,1,19,6.0,1,0,0,0,0,0,0,0,0,75.8,0,2,2,1,0,0,1,1,1,14.0,2895,14.0,17.9,15.0,7,1.2,1.3,3.0,1,1,30.6,Poor,High,0,0,5,2,14.0,0.0024171270718232,2.04,-1,1
LOC0164,Delhi Railway Station,7,6,4,28.635675,76.991714,1,14,14.0,3,1,1,1,0,1,0,0,1,104.4,0,0,1,1,0,1,1,0,1,11.0,7680,41.0,66.4,14.0,4,2.8,2.5,22.0,2,2,69.5,Average,Medium,4,1,2,1,11.0,0.0005207655253222,5.791666666666667,-1,1
LOC0165,Lucknow Bus Stand,1,14,13,26.966441,80.94889,1,8,8.0,1,0,0,1,0,1,0,1,0,89.5,0,0,1,0,1,0,1,1,2,6.0,1996,9.0,12.9,19.0,6,2.0,1.6,0.0,1,0,40.6,Poor,High,1,2,1,2,12.0,0.0030045067601402,5.8,-1,1
LOC0166,Guwahati Lake View Point,8,7,1,26.062074,91.704565,1,45,17.0,1,0,1,0,0,1,0,0,0,70.9,0,2,2,1,0,0,1,0,1,6.0,2250,6.0,25.9,19.0,7,1.5,1.0,12.0,2,0,25.7,Poor,High,1,1,5,1,6.0,0.0031097290093291,3.6714285714285713,-1,3
LOC0167,Ahmedabad Government College,2,0,5,23.131262,72.562889,0,44,24.0,2,1,1,1,1,1,0,0,0,90.4,1,1,2,0,1,1,1,1,2,33.0,2928,19.0,74.3,10.0,3,3.7,3.6,5.0,0,2,100.0,Excellent,Low,3,2,3,2,66.0,0.0010242403550699,2.9411764705882355,-1,0
LOC0168,Mysuru Shopping Mall,5,16,6,12.312215,76.6857,0,15,10.0,5,1,1,0,1,1,1,0,1,78.7,1,1,2,1,0,1,1,1,0,11.0,15935,63.0,149.2,10.0,4,4.2,3.8,22.0,0,1,93.8,Excellent,Medium,4,2,4,2,0.0,0.0002510040160642,7.816666666666666,-1,2
LOC0169,Pune Central Park,6,20,9,18.565257,73.905661,1,18,18.0,1,0,0,0,1,0,0,1,0,75.9,0,1,1,1,0,0,0,1,0,3.0,2163,6.0,20.4,16.0,6,2.5,2.5,3.0,1,0,37.7,Poor,High,0,2,3,1,0.0,0.0027726432532347,9.425,-1,1
LOC0170,Ahmedabad Bus Stand,1,0,5,23.085218,72.481866,1,8,8.0,1,0,0,1,0,0,0,0,0,90.6,0,0,2,0,0,0,1,0,0,2.0,2647,7.0,12.0,24.0,8,1.8,2.0,6.0,1,0,33.3,Poor,High,1,0,2,1,0.0,0.0030211480362537,11.1,-1,1
LOC0171,Bengaluru Museum,8,1,6,12.943142,77.72437,1,164,29.0,1,0,0,0,1,0,0,0,0,75.1,1,2,2,1,0,0,0,0,1,22.0,1297,3.0,26.1,13.0,5,1.7,1.6,14.0,1,0,32.0,Poor,High,0,1,5,0,22.0,0.0038520801232665,1.391304347826087,-1,3
LOC0172,Surat Bus Depot,1,21,5,21.171912,72.81255,1,28,4.0,1,0,0,0,0,0,0,0,0,74.3,0,2,2,0,0,0,1,0,0,15.0,1690,3.0,13.2,21.0,9,2.1,2.0,23.0,1,0,9.5,Poor,High,0,0,4,1,0.0,0.0053222945002956,0.59375,-1,1
LOC0173,Chandigarh Degree College,2,3,3,30.865278,76.795846,1,67,29.0,3,0,1,0,1,0,1,0,1,72.0,1,2,0,1,1,0,1,0,0,34.0,4874,20.0,50.6,19.0,9,2.3,2.1,7.0,2,1,54.3,Poor,High,3,1,3,1,0.0,0.0018461538461538,1.5514285714285714,-1,1
LOC0174,Surat Heritage Fort,8,21,5,21.307524,72.803166,1,154,32.0,1,0,0,0,0,0,0,0,0,76.1,0,2,2,0,0,0,1,1,1,7.0,2011,9.0,21.7,27.0,13,1.5,1.6,20.0,1,0,8.1,Poor,High,0,0,4,2,7.0,0.0064612326043737,1.0125,-1,3
LOC0175,Surat City Park,6,21,5,21.215066,72.915755,1,49,22.0,1,0,1,1,0,0,0,0,0,90.5,1,1,1,0,0,0,0,1,0,6.0,2496,18.0,32.0,20.0,4,1.5,1.5,18.0,0,0,43.7,Poor,High,2,0,2,1,0.0,0.0016019223067681,6.242857142857143,-1,1
LOC0176,Kochi Central Station,7,12,7,10.009062,76.355648,1,89,24.0,3,0,0,1,1,0,0,0,0,80.0,0,0,0,0,0,0,1,0,2,5.0,4981,12.0,41.5,22.0,8,2.3,2.4,19.0,1,2,47.9,Poor,High,1,1,0,1,10.0,0.0016057808109193,7.983333333333333,-1,1
LOC0177,Nashik Tehsil Office,3,18,9,19.903238,73.855823,1,76,25.0,3,1,0,0,0,0,0,0,0,79.7,2,0,1,1,0,0,0,1,0,29.0,1944,2.0,36.6,19.0,7,1.7,1.7,14.0,1,0,13.2,Poor,High,1,0,2,1,0.0,0.003598971722365,0.44,-1,1
LOC0178,Kochi Collectorate Office,3,12,7,10.021563,76.336193,1,36,17.0,2,1,0,0,0,0,0,1,1,84.8,0,1,1,1,0,0,1,1,1,37.0,1978,8.0,34.7,15.0,1,1.9,1.6,10.0,1,2,58.9,Average,Medium,2,1,3,2,37.0,0.0005053057099545,1.55,-1,1
LOC0179,Delhi City Centre Mall,5,6,4,28.659179,77.038878,0,5,5.0,7,1,1,1,1,0,1,0,1,93.2,1,1,2,0,0,1,1,1,2,6.0,9379,37.0,154.5,8.0,1,4.1,3.9,10.0,0,2,100.0,Excellent,Low,5,1,3,2,12.0,0.0001066098081023,14.285714285714286,-1,2
LOC0180,Delhi Railway Station,7,6,4,28.707397,77.232969,1,58,28.0,2,0,1,1,0,0,0,1,1,83.0,0,1,2,1,1,0,1,0,2,15.0,4651,16.0,72.3,12.0,4,2.9,2.8,13.0,0,2,70.0,Average,Medium,3,1,4,1,30.0,0.0008598452278589,4.375,-1,1
LOC0181,Delhi Plaza Mall,5,6,4,28.761397,77.129424,0,6,6.0,6,1,1,1,1,1,0,1,0,90.3,0,2,2,1,0,0,0,1,0,12.0,9839,33.0,126.3,11.0,2,4.5,4.6,12.0,1,2,87.4,Good,Medium,3,3,5,1,0.0,0.0002032520325203,6.723076923076923,-1,2
LOC0182,Lucknow Plaza Mall,5,14,13,26.753562,80.935953,0,10,10.0,2,1,1,0,0,0,0,1,1,79.3,0,0,0,1,0,1,1,1,1,15.0,17972,70.0,180.1,3.0,4,2.8,2.6,2.0,1,2,88.0,Good,Low,3,1,1,2,15.0,0.0002225560563066,5.5,-1,2
LOC0183,Mumbai Lake View Point,8,15,9,18.987821,73.005709,1,29,19.0,1,0,1,0,0,0,0,0,0,76.3,2,0,2,0,0,0,1,0,2,20.0,1607,7.0,19.2,14.0,2,2.4,2.6,20.0,2,1,34.4,Poor,High,1,0,2,1,40.0,0.0012437810945273,1.638095238095238,-1,3
LOC0184,Kochi Medical Center,4,12,7,9.960367,76.410148,0,20,15.0,6,0,0,1,1,1,1,0,0,87.2,1,0,2,1,1,0,0,1,2,27.0,1382,9.0,92.3,8.0,1,4.9,5.0,23.0,1,2,85.0,Good,Low,2,2,3,1,54.0,0.0007230657989877,3.0357142857142856,-1,2
LOC0185,Udaipur International Airport,0,24,10,24.576239,73.743845,0,6,6.0,2,0,1,1,1,1,0,0,1,97.7,0,0,0,0,1,0,0,1,1,23.0,11574,55.0,162.5,8.0,0,3.4,3.4,9.0,0,1,89.6,Good,Low,3,2,0,1,23.0,0.0,3.733333333333333,-1,2
LOC0186,Mysuru Collectorate Office,3,16,6,12.331893,76.568357,1,21,21.0,1,0,0,0,0,0,1,0,0,76.7,2,0,2,1,0,1,1,1,0,39.0,752,7.0,25.7,17.0,10,1.9,1.8,21.0,1,2,32.6,Poor,High,1,0,3,2,0.0,0.0132802124833997,0.8150000000000001,-1,1
LOC0187,Ahmedabad Shopping Mall,5,0,5,22.953003,72.467001,0,3,3.0,7,1,1,0,0,0,1,0,1,90.8,0,1,0,1,0,1,1,1,0,43.0,19858,84.0,184.7,4.0,1,3.1,3.0,5.0,1,2,95.4,Excellent,Low,4,0,2,2,0.0,5.035500276952515e-05,2.1681818181818184,-1,2
LOC0188,Bengaluru Municipal Office,3,1,6,12.895025,77.518491,1,79,29.0,2,0,1,0,0,1,1,0,0,70.8,0,0,1,1,0,0,0,1,1,20.0,1766,11.0,34.2,19.0,6,1.6,1.3,19.0,2,1,33.7,Poor,High,2,1,2,1,20.0,0.0033955857385398,1.6047619047619048,-1,1
LOC0189,Mysuru Central Park,6,16,6,12.232994,76.515009,1,5,5.0,1,0,0,0,0,1,0,1,1,71.2,1,0,2,0,1,0,0,1,0,5.0,2041,2.0,19.1,15.0,7,3.1,3.3,1.0,1,2,60.3,Average,Medium,1,2,2,1,0.0,0.0034280117531831,10.05,-1,1
LOC0190,Visakhapatnam Municipal Office,3,25,0,17.827985,83.314051,1,74,29.0,1,0,1,0,0,0,0,0,0,80.1,0,0,2,0,1,0,0,0,0,15.0,3217,10.0,38.1,14.0,3,2.1,2.1,16.0,0,1,39.7,Poor,High,1,0,2,0,0.0,0.0009322560596643,2.48125,-1,1
LOC0191,Ahmedabad District Office,3,0,5,22.88761,72.592941,1,14,6.0,3,1,1,0,0,1,1,1,0,80.4,2,2,1,0,0,0,1,1,1,12.0,2770,6.0,40.3,17.0,5,1.6,1.5,3.0,0,1,46.5,Poor,High,3,2,3,2,12.0,0.0018044027426921,3.576923076923077,-1,1
LOC0192,Lucknow Central Station,7,14,13,26.979606,80.856455,1,24,17.0,1,0,1,0,0,0,0,1,0,82.2,0,0,2,1,1,0,1,1,1,34.0,3823,15.0,52.6,12.0,4,3.1,2.7,19.0,1,1,63.3,Average,Medium,1,1,3,2,34.0,0.0010460251046025,1.8085714285714285,-1,1
LOC0193,Kolkata City Hospital,4,13,14,22.424173,88.299586,1,29,11.0,5,0,1,0,1,1,0,0,1,76.8,2,1,1,1,0,0,0,0,1,9.0,2114,13.0,75.2,6.0,2,3.0,2.7,18.0,0,1,54.2,Poor,High,2,2,3,0,9.0,0.0009456264775413,5.42,-1,0
LOC0194,Pune Grand Mall,5,20,9,18.580643,73.859065,0,1,1.0,3,1,1,1,1,1,0,0,1,98.4,0,1,1,1,1,0,1,1,0,26.0,10387,35.0,145.9,3.0,3,4.6,4.7,0.0,1,2,97.9,Excellent,Medium,4,2,3,2,0.0,0.0002887947631882,3.625925925925926,-1,2
LOC0195,Kanpur City Bus Stop,1,11,13,26.593675,80.381714,1,2,2.0,1,0,1,1,0,0,0,0,0,95.3,1,1,2,1,0,0,1,0,0,24.0,2872,9.0,17.8,15.0,6,2.7,2.8,13.0,2,0,57.4,Average,Medium,2,0,4,1,0.0,0.0020884093282283,2.296,-1,1
LOC0196,Nashik Heritage Fort,8,18,9,19.9269,73.878506,1,186,46.0,1,1,0,0,0,0,0,0,0,74.8,2,1,2,0,0,0,1,1,2,3.0,225,2.0,15.8,26.0,11,1.0,1.0,0.0,1,0,19.3,Poor,High,1,0,3,2,6.0,0.0486725663716814,4.825,-1,3
LOC0197,Kolkata Shopping Mall,5,13,14,22.537613,88.368456,0,14,14.0,2,1,1,1,0,0,1,1,0,91.1,1,0,2,0,0,1,0,1,0,29.0,13882,55.0,148.1,9.0,3,3.6,4.0,10.0,0,2,90.3,Excellent,Medium,4,1,2,1,0.0,0.000216091622848,3.01,-1,2
LOC0198,Chandigarh Municipal Office,3,3,3,30.707663,76.706471,1,49,23.0,1,0,1,0,0,1,0,1,0,70.4,0,2,1,1,0,0,1,1,0,36.0,2158,6.0,55.4,15.0,10,2.1,2.1,13.0,0,1,27.7,Poor,High,1,2,4,2,0.0,0.0046317739694302,0.7486486486486487,-1,1
LOC0199,Kolkata Bus Depot,1,13,14,22.502653,88.312671,0,13,13.0,1,0,0,0,0,0,0,1,0,75.3,2,0,2,0,0,0,1,0,0,8.0,1396,7.0,14.3,16.0,5,3.9,4.2,14.0,1,1,34.5,Poor,High,0,1,2,1,0.0,0.003579098067287,3.8333333333333335,-1,0
LOC0200,Delhi Central Station,7,6,4,28.821704,77.205042,1,64,18.0,1,1,0,1,0,0,0,0,1,95.3,0,1,1,0,1,0,1,1,2,42.0,11850,44.0,116.5,10.0,4,3.1,2.8,9.0,1,0,52.5,Poor,High,3,0,2,2,84.0,0.0003375242595561,1.2209302325581397,-1,1
LOC0201,Indore General Hospital,4,9,8,22.610393,75.860571,1,47,10.0,4,1,0,0,0,0,1,1,0,83.6,1,0,2,1,0,0,1,0,2,35.0,1277,11.0,76.8,13.0,7,2.7,2.7,9.0,1,2,66.5,Average,Medium,2,1,3,1,70.0,0.0054773082942097,1.8472222222222223,-1,1
LOC0202,Kanpur City Bus Stop,1,11,13,26.583197,80.363551,1,21,10.0,1,1,1,0,1,0,1,0,0,83.1,2,2,2,1,1,0,1,0,2,2.0,873,2.0,10.1,21.0,6,1.4,1.9,1.0,2,1,48.7,Poor,High,3,1,5,1,4.0,0.0068649885583524,16.233333333333334,-1,1
LOC0203,Udaipur Grand Mall,5,24,10,24.57615,73.809702,0,2,2.0,2,0,1,1,1,1,0,1,1,91.7,1,2,1,1,0,0,1,1,0,21.0,11260,53.0,138.7,6.0,2,4.1,4.1,20.0,2,2,74.6,Average,High,3,3,4,2,0.0,0.0001776041204155,3.3909090909090907,-1,2
LOC0204,Bengaluru Domestic Airport,0,1,6,12.948934,77.635955,1,30,24.0,3,0,1,1,1,1,1,1,0,89.8,0,1,1,1,1,1,1,0,2,9.0,18138,74.0,202.6,9.0,0,2.8,2.8,11.0,1,1,81.7,Good,Medium,3,3,3,1,18.0,0.0,8.17,-1,2
LOC0205,Bengaluru Airport Terminal,0,1,6,13.044596,77.666204,1,29,4.0,3,1,1,1,1,1,1,0,0,85.8,1,1,2,1,0,1,0,1,1,33.0,19478,88.0,154.8,8.0,2,3.2,2.8,8.0,0,2,100.0,Excellent,Low,4,2,4,1,33.0,0.0001026746752913,2.9411764705882355,-1,2
LOC0206,Kochi Collectorate Office,3,12,7,10.054883,76.34514,1,12,12.0,2,1,0,1,1,1,1,0,0,98.4,1,2,2,0,0,0,1,1,2,25.0,2603,8.0,40.4,18.0,3,3.2,3.0,16.0,1,1,76.0,Good,Medium,3,2,4,2,50.0,0.0011520737327188,2.923076923076923,-1,1
LOC0207,Kochi Bus Depot,1,12,7,9.808982,76.405654,1,10,6.0,1,0,1,0,0,0,1,0,0,78.0,1,2,2,1,1,0,1,1,0,9.0,2947,15.0,17.1,14.0,5,2.7,2.8,19.0,0,0,49.2,Poor,High,2,0,5,2,0.0,0.0016960651289009,4.92,-1,1
LOC0208,Kochi General Hospital,4,12,7,10.075202,76.411508,0,14,14.0,3,1,1,1,0,0,1,0,1,100.4,0,0,2,0,1,1,0,1,0,34.0,4782,25.0,141.0,7.0,3,3.2,3.3,7.0,1,2,86.8,Good,Medium,5,0,2,1,0.0,0.0006272214091574,2.48,-1,2
LOC0209,Thane Plaza Mall,5,22,9,19.142792,72.87929,0,19,17.0,7,1,0,1,1,0,1,0,1,93.0,0,1,0,0,0,0,1,0,0,33.0,16961,69.0,203.5,14.0,6,4.0,3.5,23.0,1,1,79.4,Good,Medium,4,1,1,1,0.0,0.0003537318712415,2.335294117647059,-1,2
LOC0210,Surat Medical Center,4,21,5,21.123554,72.974081,0,41,16.0,3,1,1,0,0,1,1,0,0,91.8,1,0,0,1,1,1,1,1,0,17.0,581,11.0,114.8,7.0,1,3.5,3.8,4.0,2,2,93.9,Excellent,Low,3,1,1,2,0.0,0.0017182130584192,5.216666666666667,-1,0
LOC0211,Kochi Medical Center,4,12,7,9.970969,76.322914,0,36,13.0,5,1,1,1,1,1,1,0,0,100.7,0,0,1,1,0,1,0,0,1,18.0,1132,13.0,125.3,14.0,2,2.5,2.7,19.0,0,1,76.2,Good,Medium,4,2,2,0,18.0,0.0017652250661959,4.010526315789474,-1,0
LOC0212,Nagpur Railway Station,7,17,9,21.072228,79.044228,1,33,5.0,3,0,0,0,0,0,0,0,1,77.8,2,2,2,1,1,1,1,1,0,26.0,5241,23.0,64.0,14.0,5,3.1,3.4,4.0,1,0,25.1,Poor,High,1,0,5,2,0.0,0.0009538344143456,0.9296296296296296,-1,1
LOC0213,Pune Domestic Airport,0,20,9,18.515351,73.744387,0,15,4.0,5,1,1,1,1,1,1,0,1,106.5,2,1,1,0,0,0,1,0,1,31.0,18894,80.0,208.8,4.0,3,3.7,4.1,19.0,0,2,83.4,Good,Medium,5,2,2,1,31.0,0.0001587721619476,2.60625,-1,2
LOC0214,Kolkata Grand Mall,5,13,14,22.580622,88.505725,0,10,10.0,5,1,1,1,1,0,0,0,1,105.0,1,1,2,1,0,0,0,1,0,23.0,13557,60.0,166.4,14.0,5,3.3,3.2,5.0,0,0,84.2,Good,Medium,4,1,4,1,0.0,0.0003687859566307,3.5083333333333333,-1,2
LOC0215,Bengaluru District Office,3,1,6,12.844877,77.672455,1,73,13.0,2,0,1,0,0,1,0,0,0,72.2,0,2,0,0,0,0,0,1,1,8.0,2405,13.0,36.1,19.0,3,3.0,3.1,11.0,2,0,35.0,Poor,Medium,1,1,2,1,8.0,0.0012468827930174,3.888888888888889,-1,1
LOC0216,Chennai College of Engineering,2,4,11,12.947837,80.302371,1,64,19.0,3,0,0,0,1,0,0,0,0,72.0,0,1,2,1,0,0,1,1,0,15.0,2881,12.0,34.4,23.0,10,2.9,2.6,23.0,1,0,30.0,Poor,High,0,1,4,2,0.0,0.0034698126301179,1.875,-1,1
LOC0217,Coimbatore Central Park,6,5,11,11.087583,76.918637,0,5,5.0,1,1,1,1,0,0,0,0,1,94.9,2,1,2,0,0,1,0,1,1,24.0,2154,3.0,24.1,13.0,2,3.5,3.2,15.0,2,2,73.2,Average,Medium,4,0,3,1,24.0,0.0009280742459396,2.928,-1,0
LOC0218,Patna Grand Mall,5,19,2,25.641348,85.035079,0,21,10.0,6,1,1,1,1,0,1,1,0,101.1,1,1,0,1,0,0,0,0,2,25.0,14470,59.0,186.8,8.0,1,3.1,2.9,14.0,2,2,100.0,Excellent,Low,4,2,2,0,50.0,6.910372469076083e-05,3.8461538461538463,-1,2
LOC0219,Lucknow City Centre Mall,5,14,13,26.73458,80.864853,0,3,3.0,7,0,1,0,1,1,1,1,0,84.9,1,1,0,1,1,1,1,1,2,38.0,6612,18.0,151.6,9.0,0,2.8,3.0,10.0,1,1,100.0,Excellent,Low,2,3,2,2,76.0,0.0,2.5641025641025643,-1,2
LOC0220,Lucknow College of Engineering,2,14,13,26.992018,80.947609,1,66,13.0,3,0,0,0,0,0,1,0,0,68.0,1,0,2,0,0,0,1,1,1,10.0,818,2.0,38.8,9.0,3,2.7,2.9,7.0,1,1,50.4,Poor,Medium,1,0,2,2,10.0,0.0036630036630036,4.581818181818182,-1,1
LOC0221,Udaipur Airport Terminal,0,24,10,24.538622,73.605577,1,28,11.0,5,0,1,1,1,1,1,0,1,97.0,2,1,0,0,1,0,1,0,1,13.0,13282,58.0,173.2,15.0,1,3.9,3.6,1.0,0,1,89.5,Good,Low,4,2,1,1,13.0,7.528419784687193e-05,6.392857142857143,-1,2
LOC0222,Thiruvananthapuram District Office,3,23,7,8.421999,76.976756,1,62,26.0,1,0,0,0,0,0,0,0,0,77.6,1,0,0,1,0,0,1,0,1,19.0,2805,18.0,45.2,15.0,6,2.5,2.5,8.0,1,0,45.2,Poor,Medium,0,0,1,1,19.0,0.0021382751247327,2.26,-1,1
LOC0223,Pune Junction,7,20,9,18.370426,73.897608,1,85,20.0,2,0,0,0,0,0,1,0,1,78.1,2,1,2,1,1,0,1,1,2,13.0,3471,11.0,61.7,7.0,2,1.8,1.8,12.0,1,0,37.3,Poor,High,2,0,4,2,26.0,0.0005760368663594,2.664285714285714,-1,1
LOC0224,Hyderabad Lake View Point,8,8,12,17.277059,78.528573,1,186,38.0,1,1,0,0,0,0,0,0,0,73.4,0,0,1,1,0,0,0,0,1,5.0,822,2.0,13.8,19.0,8,2.2,1.8,2.0,1,0,23.1,Poor,High,1,0,2,0,5.0,0.0097205346294046,3.85,-1,3
LOC0225,Hyderabad Central Station,7,8,12,17.387709,78.409907,1,34,14.0,3,1,0,1,0,0,1,0,1,88.0,2,1,1,1,1,0,1,0,0,36.0,5706,23.0,51.6,7.0,3,2.5,2.1,17.0,1,2,53.9,Poor,High,4,0,3,1,0.0,0.0005256702295426,1.4567567567567568,-1,1
LOC0226,Coimbatore City Park,6,5,11,11.131091,76.833432,1,26,17.0,1,1,1,1,0,0,0,1,0,94.6,2,2,2,1,1,0,1,1,2,2.0,2062,6.0,20.0,20.0,2,2.5,2.3,6.0,2,2,60.7,Average,Medium,3,1,5,2,4.0,0.0009694619486185,20.23333333333333,-1,0
LOC0227,Ahmedabad District Office,3,0,5,23.042595,72.466374,1,65,23.0,1,1,0,0,1,1,0,0,0,78.6,2,0,2,0,0,0,1,1,1,39.0,1552,10.0,20.7,9.0,2,1.3,1.1,8.0,1,1,48.9,Poor,High,1,2,2,2,39.0,0.0012878300064391,1.2225,-1,1
LOC0228,Mumbai Plaza Mall,5,15,9,19.145205,72.892011,0,9,9.0,2,1,0,1,1,1,1,0,1,87.5,0,0,0,1,0,1,1,1,0,9.0,10798,45.0,173.2,12.0,3,2.9,2.9,2.0,1,1,83.9,Good,Low,4,2,1,2,0.0,0.0002778035003241,8.39,-1,2
LOC0229,Kanpur Museum,8,11,13,26.571317,80.203521,1,85,22.0,1,1,0,1,0,0,1,0,0,95.0,2,2,2,1,0,0,1,0,2,15.0,2072,10.0,10.5,23.0,5,2.5,2.4,23.0,1,0,31.4,Poor,High,3,0,5,1,30.0,0.0024119633381572,1.9625,-1,3
LOC0230,Coimbatore Temple Complex,8,5,11,11.132046,77.035713,1,144,40.0,1,1,0,1,0,0,0,0,0,101.6,2,1,1,0,1,0,1,0,2,19.0,2293,13.0,25.8,17.0,7,1.2,1.0,13.0,1,1,34.0,Poor,High,2,0,2,1,38.0,0.0030514385353095,1.7,-1,3
LOC0231,Bhopal Airport Terminal,0,2,8,23.287229,77.549988,1,16,9.0,4,1,1,0,0,0,1,0,1,87.2,0,1,2,1,0,1,1,1,1,10.0,19837,76.0,155.0,5.0,0,3.3,3.7,4.0,1,2,90.6,Excellent,Low,4,0,4,2,10.0,0.0,8.236363636363636,-1,2
LOC0232,Mysuru Plaza Mall,5,16,6,12.360697,76.770409,0,8,8.0,3,1,1,1,1,1,1,0,1,100.5,0,1,2,1,0,0,1,0,0,37.0,16934,72.0,208.4,3.0,1,3.7,3.7,10.0,0,2,100.0,Excellent,Medium,5,2,4,1,0.0,5.9049306170652494e-05,2.631578947368421,-1,2
LOC0233,Delhi Green Park,6,6,4,28.603934,77.248579,1,5,5.0,1,0,0,0,0,0,1,1,1,75.3,0,0,2,0,0,0,1,0,1,20.0,796,5.0,29.2,16.0,3,3.0,3.1,20.0,1,2,58.2,Average,Medium,2,1,2,1,20.0,0.0037641154328732,2.771428571428572,-1,1
LOC0234,Bhopal Temple Complex,8,2,8,23.14607,77.311641,1,174,38.0,1,0,1,0,0,0,0,0,0,74.2,2,2,2,0,1,0,1,1,1,3.0,2089,6.0,18.7,7.0,9,1.3,1.0,18.0,2,1,17.0,Poor,High,1,0,4,2,3.0,0.0043062200956937,4.25,-1,3
LOC0235,Guwahati Junction,7,7,1,26.243201,91.800532,1,14,3.0,3,1,1,1,0,0,0,0,0,94.8,0,0,1,1,0,0,1,1,0,37.0,19788,83.0,112.2,1.0,1,3.3,3.6,1.0,0,2,70.5,Average,Medium,3,0,2,2,0.0,5.053312446308556e-05,1.855263157894737,-1,2
LOC0236,Thiruvananthapuram Bus Depot,1,23,7,8.400872,76.947927,1,27,11.0,1,0,1,0,0,0,0,0,0,71.7,1,0,0,0,1,0,1,0,0,12.0,442,2.0,11.6,8.0,6,1.7,1.7,11.0,2,0,44.5,Poor,High,1,0,0,1,0.0,0.0135440180586907,3.423076923076923,-1,1
LOC0237,Guwahati Botanical Garden,8,7,1,26.052465,91.86866,1,48,10.0,1,0,0,1,0,0,1,0,1,89.5,2,2,2,1,1,0,0,0,0,17.0,2918,9.0,41.8,20.0,9,2.5,2.6,3.0,1,2,33.5,Poor,High,3,0,5,0,0.0,0.0030832476875642,1.8611111111111112,-1,1
LOC0238,Nashik Junction,7,18,9,20.126228,73.661871,1,20,3.0,1,1,0,1,0,1,0,1,0,93.8,2,2,2,1,0,0,1,1,2,38.0,11146,48.0,39.1,17.0,5,1.9,2.0,19.0,1,0,41.5,Poor,High,2,2,5,2,76.0,0.0004485511796896,1.064102564102564,-1,2
LOC0239,Thiruvananthapuram Municipal Office,3,23,7,8.40595,77.001027,1,55,18.0,2,1,1,1,0,0,0,0,0,93.4,2,2,0,1,1,0,1,1,2,34.0,2643,8.0,46.6,17.0,5,2.4,2.5,9.0,2,2,57.4,Average,Medium,3,0,3,2,68.0,0.0018910741301059,1.64,-1,0
LOC0240,Patna Green Park,6,19,2,25.621947,85.250855,1,31,11.0,1,0,0,0,0,0,0,0,0,76.1,2,2,2,1,0,0,1,1,1,14.0,1650,13.0,17.2,18.0,6,2.6,2.7,23.0,1,0,17.1,Poor,High,0,0,5,2,14.0,0.003634161114476,1.14,-1,3
LOC0241,Guwahati District Office,3,7,1,26.057513,91.768019,1,30,5.0,1,1,1,1,0,0,1,1,0,93.6,2,0,1,0,1,0,0,1,1,25.0,1474,6.0,20.5,18.0,5,3.0,2.8,1.0,1,2,70.9,Average,High,4,1,1,1,25.0,0.0033898305084745,2.726923076923077,-1,1
LOC0242,Mysuru Degree College,2,16,6,12.242723,76.66177,0,44,9.0,2,0,1,0,0,0,0,1,1,74.3,1,2,0,0,0,0,0,0,1,17.0,552,2.0,52.1,14.0,2,3.0,2.9,15.0,2,2,58.1,Average,Medium,2,1,2,0,17.0,0.0036166365280289,3.227777777777778,-1,0
LOC0243,Udaipur City Park,6,24,10,24.499327,73.794492,1,4,4.0,1,1,0,1,1,0,0,0,0,94.7,0,0,0,0,1,0,0,0,1,12.0,2806,10.0,26.4,23.0,5,2.3,2.4,8.0,1,1,71.9,Average,Medium,2,1,0,0,12.0,0.001781261132882,5.530769230769232,-1,1
LOC0244,Mysuru Central Station,7,16,6,12.376203,76.732476,1,15,15.0,2,0,0,1,1,0,0,0,0,89.2,2,1,2,0,0,0,1,1,0,35.0,13283,53.0,92.8,16.0,7,2.8,2.8,19.0,1,0,36.2,Poor,High,1,1,3,2,0.0,0.0005269497139415,1.0055555555555555,-1,1
LOC0245,Lucknow City Hospital,4,14,13,26.977994,80.836734,1,23,13.0,5,0,1,0,1,1,0,0,0,80.0,2,1,2,1,1,1,1,1,0,27.0,3669,22.0,96.9,21.0,4,2.9,3.0,22.0,0,2,61.5,Average,High,1,2,4,2,0.0,0.0010899182561307,2.196428571428572,-1,0
LOC0246,Pune Degree College,2,20,9,18.582755,73.81738,0,56,20.0,3,1,0,1,1,0,0,0,1,92.1,1,0,0,1,0,0,1,1,2,15.0,1683,10.0,71.3,21.0,4,1.6,1.7,4.0,1,1,77.8,Good,Low,3,1,1,2,30.0,0.002375296912114,4.8625,-1,0
LOC0247,Guwahati Medical Center,4,7,1,26.270366,91.721363,0,14,14.0,6,1,1,1,1,0,0,0,1,102.1,1,0,2,1,0,0,1,1,0,34.0,3391,19.0,109.5,5.0,3,3.1,3.2,7.0,1,2,95.8,Excellent,Medium,4,1,3,2,0.0,0.0008844339622641,2.737142857142857,-1,2
LOC0248,Chandigarh Government College,2,3,3,30.655152,76.882513,1,31,11.0,3,1,1,1,1,0,0,0,0,101.9,2,1,2,0,0,1,1,1,2,11.0,4622,15.0,51.1,12.0,2,2.5,2.7,3.0,2,0,63.4,Average,Medium,3,1,3,2,22.0,0.0004326195111399,5.283333333333333,-1,1
LOC0249,Visakhapatnam Institute of Technology,2,25,0,17.62363,83.306408,0,31,19.0,2,0,0,1,1,1,1,0,0,71.4,0,0,2,0,1,0,1,0,1,22.0,1285,7.0,42.8,19.0,4,3.4,3.8,8.0,1,1,62.7,Average,Medium,2,2,2,1,22.0,0.0031104199066874,2.726086956521739,-1,0
LOC0250,Coimbatore Bus Stand,1,5,11,11.085855,77.011467,1,14,2.0,1,0,0,0,0,0,0,0,0,76.3,2,1,1,0,0,0,1,0,1,22.0,1579,2.0,14.4,11.0,4,3.4,3.6,18.0,1,2,34.9,Poor,High,0,0,2,1,22.0,0.0025316455696202,1.517391304347826,-1,1
LOC0251,Thiruvananthapuram Central Park,6,23,7,8.382006,77.017164,1,7,7.0,1,0,0,1,1,0,1,1,1,86.8,2,2,1,1,0,0,0,1,1,14.0,1061,3.0,9.8,13.0,2,2.7,2.3,11.0,1,2,49.8,Poor,High,3,2,4,1,14.0,0.0018832391713747,3.32,-1,1
LOC0252,Mysuru City Park,6,16,6,12.213277,76.704847,1,47,14.0,1,0,1,1,0,1,0,0,0,78.0,0,2,2,1,0,0,1,1,0,15.0,2786,10.0,28.9,21.0,4,2.8,2.9,0.0,2,1,43.8,Poor,High,2,1,5,2,0.0,0.0014352350197344,2.7375,-1,1
LOC0253,Coimbatore City Park,6,5,11,10.997004,76.875834,1,4,2.0,1,0,0,1,1,0,0,0,1,86.1,2,1,0,0,1,0,0,1,0,15.0,2294,9.0,22.7,21.0,4,2.7,2.9,20.0,1,1,54.9,Poor,High,2,1,1,1,0.0,0.0017429193899782,3.43125,-1,1
LOC0254,Nagpur Multispeciality Hospital,4,17,9,20.999662,79.005868,1,32,21.0,3,1,1,1,0,1,0,0,1,93.4,1,2,2,1,0,0,1,1,1,28.0,1514,5.0,48.9,9.0,1,3.5,3.6,10.0,1,2,90.0,Excellent,Medium,4,1,5,2,28.0,0.0006600660066006,3.103448275862069,-1,1
LOC0255,Hyderabad Institute of Technology,2,8,12,17.509442,78.52781,1,67,14.0,2,0,0,0,0,0,0,0,0,84.1,1,0,1,0,0,0,1,0,0,37.0,2319,13.0,49.7,21.0,7,2.5,2.9,22.0,1,0,19.9,Poor,High,0,0,1,1,0.0,0.0030172413793103,0.5236842105263158,-1,1
LOC0256,Mumbai City Park,6,15,9,18.95816,72.958514,1,18,18.0,1,0,1,0,1,0,0,0,1,78.2,0,0,1,1,1,0,1,1,1,18.0,701,2.0,23.3,20.0,2,2.9,2.6,9.0,0,1,60.1,Average,Medium,2,1,2,2,18.0,0.0028490028490028,3.1631578947368424,-1,1
LOC0257,Jaipur Domestic Airport,0,10,10,26.996157,75.723863,1,28,10.0,3,1,0,1,0,0,1,1,1,90.6,2,2,0,1,1,1,0,1,0,9.0,19234,83.0,173.7,12.0,4,3.4,3.3,12.0,1,2,67.9,Average,High,4,1,3,1,0.0,0.0002079542500649,6.790000000000001,-1,2
LOC0258,Chandigarh Railway Station,7,3,3,30.865167,76.669846,1,55,18.0,3,0,0,0,1,0,0,0,0,74.2,0,0,1,0,0,0,1,0,2,42.0,18581,75.0,135.9,6.0,3,2.6,2.7,18.0,1,1,32.3,Poor,High,0,1,1,1,84.0,0.0001614465611882,0.7511627906976743,-1,1
LOC0259,Coimbatore Botanical Garden,8,5,11,10.910097,76.85392,1,100,20.0,1,0,0,0,0,0,1,0,0,82.5,1,0,0,1,0,0,0,0,1,4.0,774,3.0,18.5,21.0,8,1.8,2.0,2.0,1,2,52.6,Poor,High,1,0,1,0,4.0,0.0103225806451612,10.52,-1,3
LOC0260,Guwahati Heritage Fort,8,7,1,26.25214,91.779705,1,85,22.0,1,0,0,0,1,1,1,1,0,71.9,0,0,1,1,0,0,1,0,0,10.0,2285,12.0,21.6,24.0,8,1.8,1.8,16.0,1,1,32.9,Poor,High,1,3,2,1,0.0,0.0034995625546806,2.9909090909090907,-1,3
LOC0261,Chennai International Airport,0,4,11,13.167816,80.234727,1,22,22.0,5,1,1,1,1,0,1,0,0,88.1,2,0,0,1,1,1,1,1,1,6.0,5069,16.0,163.1,16.0,0,3.4,3.7,16.0,1,2,92.9,Excellent,Low,4,1,1,2,6.0,0.0,13.271428571428572,-1,2
LOC0262,Pune Government College,2,20,9,18.557511,73.967482,1,38,9.0,1,1,0,1,1,0,0,0,0,93.4,1,1,2,1,1,0,1,0,1,33.0,3541,9.0,57.0,20.0,4,1.3,1.0,17.0,1,1,75.2,Good,Medium,2,1,4,1,33.0,0.0011293054771315,2.211764705882353,-1,1
LOC0263,Nashik City Bus Stop,1,18,9,20.101551,73.847219,1,40,6.0,1,1,1,1,0,0,0,0,1,92.6,0,2,1,0,0,0,1,0,0,5.0,1014,2.0,14.5,11.0,6,2.6,2.6,21.0,0,2,49.1,Poor,High,4,0,3,1,0.0,0.005911330049261,8.183333333333334,-1,1
LOC0264,Surat Bus Stand,1,21,5,21.282482,72.696544,1,30,10.0,1,0,1,0,0,0,0,0,0,71.6,2,1,1,1,0,0,1,0,0,22.0,2327,10.0,17.0,10.0,10,2.5,2.8,1.0,0,1,27.6,Poor,High,1,0,3,1,0.0,0.0042955326460481,1.2,-1,1
LOC0265,Thane Domestic Airport,0,22,9,19.10933,72.978485,1,5,5.0,2,1,1,1,0,0,1,1,0,97.0,2,0,2,1,1,0,1,0,2,20.0,12223,50.0,213.9,12.0,3,3.5,3.6,15.0,1,1,79.1,Good,Medium,4,1,3,1,40.0,0.0002454188481675,3.7666666666666666,-1,2
LOC0266,Guwahati Bus Depot,1,7,1,26.200944,91.793587,1,33,22.0,1,1,0,1,0,0,0,1,0,99.3,2,0,1,0,0,0,1,0,0,2.0,1386,12.0,10.6,15.0,6,2.6,2.9,2.0,1,2,44.0,Poor,High,2,1,1,1,0.0,0.0043258832011535,14.666666666666666,-1,1
LOC0267,Indore City Park,6,9,8,22.784133,75.894066,1,34,15.0,1,1,0,0,1,0,1,1,1,84.5,2,2,1,0,0,1,1,1,0,7.0,2236,10.0,19.9,24.0,11,3.0,3.0,4.0,1,0,30.4,Poor,High,3,2,3,2,0.0,0.0049172999552972,3.8,-1,1
LOC0268,Lucknow Degree College,2,14,13,26.938089,81.0696,1,33,5.0,3,1,1,0,0,1,0,1,0,86.5,1,0,1,1,1,0,0,0,2,11.0,4475,16.0,45.3,21.0,5,3.4,3.5,19.0,2,1,62.2,Average,Medium,2,2,2,0,22.0,0.0011170688114387,5.183333333333334,-1,1
LOC0269,Kolkata Multispeciality Hospital,4,13,14,22.515099,88.383494,0,46,11.0,4,1,1,1,0,0,1,0,1,100.5,1,2,2,1,0,0,0,0,2,9.0,4138,22.0,101.4,16.0,4,3.9,4.1,3.0,0,2,80.5,Good,Medium,5,0,5,0,18.0,0.0009664170089393,8.05,-1,0
LOC0270,Nagpur International Airport,0,17,9,21.017298,79.034176,1,4,2.0,5,0,1,1,0,0,0,1,1,88.9,1,0,2,1,1,0,1,1,2,20.0,14605,65.0,172.4,2.0,1,3.6,3.5,20.0,1,2,88.3,Good,Low,3,1,3,2,40.0,6.846501437765302e-05,4.204761904761905,-1,2
LOC0271,Hyderabad Multispeciality Hospital,4,8,12,17.413028,78.558453,0,24,18.0,4,1,1,0,0,0,1,0,1,83.6,1,0,2,1,0,0,0,0,2,18.0,4222,18.0,132.7,4.0,1,4.5,4.8,17.0,1,2,88.4,Good,Low,4,0,3,0,36.0,0.0002367984844896,4.652631578947369,-1,2
LOC0272,Hyderabad City Park,6,8,12,17.238655,78.484248,1,24,18.0,1,0,0,0,0,0,0,0,0,76.8,2,2,2,0,0,0,0,0,2,3.0,1169,10.0,17.3,15.0,3,3.6,3.4,5.0,1,0,19.2,Poor,High,0,0,4,0,6.0,0.0025641025641025,4.8,-1,1
LOC0273,Thiruvananthapuram Domestic Airport,0,23,7,8.441608,77.055763,0,23,5.0,6,1,1,1,0,1,1,1,1,101.4,0,0,0,1,0,0,0,0,1,9.0,13449,59.0,167.9,9.0,2,4.0,3.9,1.0,2,2,97.8,Excellent,Low,5,2,1,0,9.0,0.0001486988847583,9.78,-1,2
LOC0274,Coimbatore Heritage Fort,8,5,11,11.091294,76.993519,1,17,14.0,1,1,0,1,1,0,1,0,0,92.6,0,0,1,1,1,1,1,1,2,3.0,223,3.0,15.4,13.0,4,3.1,3.1,19.0,1,0,63.3,Average,Medium,3,1,2,2,6.0,0.0178571428571428,15.825,-1,1
LOC0275,Hyderabad Heritage Fort,8,8,12,17.500234,78.517391,1,200,45.0,1,0,0,0,1,0,1,0,0,61.5,0,0,1,1,0,0,1,1,0,14.0,387,8.0,23.6,23.0,6,2.4,2.0,19.0,1,1,29.1,Poor,High,1,1,2,2,0.0,0.0154639175257731,1.94,-1,3
LOC0276,Visakhapatnam Green Park,6,25,0,17.689469,83.207442,0,33,5.0,1,0,0,0,1,0,0,1,0,83.0,0,2,0,1,0,0,0,1,0,4.0,2124,9.0,22.6,16.0,5,2.2,2.2,23.0,1,1,41.3,Poor,High,0,2,3,1,0.0,0.0023529411764705,8.26,-1,3
LOC0277,Indore City Bus Stop,1,9,8,22.637237,75.915727,0,24,11.0,1,0,0,0,0,0,1,0,0,78.5,2,0,1,0,0,0,1,0,0,4.0,651,2.0,10.3,17.0,4,2.8,3.0,18.0,1,0,17.3,Poor,High,1,0,1,1,0.0,0.0061349693251533,3.46,-1,3
LOC0278,Chandigarh Green Park,6,3,3,30.859175,76.726881,1,9,2.0,1,1,1,0,0,1,0,0,0,82.6,2,0,1,1,0,1,1,0,1,6.0,2232,6.0,22.8,17.0,4,3.6,3.7,18.0,2,0,42.5,Poor,High,2,1,2,1,6.0,0.0017913121361397,6.071428571428571,-1,1
LOC0279,Kolkata Central Park,6,13,14,22.484935,88.30325,1,35,12.0,1,0,0,1,0,0,1,0,0,91.5,0,0,1,1,1,1,1,0,2,23.0,2869,7.0,28.2,22.0,6,2.9,2.8,1.0,1,0,43.3,Poor,High,2,0,2,1,46.0,0.0020905923344947,1.8041666666666665,-1,1
LOC0280,Indore Multispeciality Hospital,4,9,8,22.866622,75.942901,0,59,13.0,2,1,1,0,1,1,1,0,0,84.2,0,1,1,1,1,1,1,1,0,11.0,3820,19.0,121.5,9.0,6,3.0,3.1,13.0,1,2,77.1,Good,Medium,3,2,3,2,0.0,0.0015702695629416,6.425,-1,0
LOC0281,Pune Institute of Technology,2,20,9,18.590565,73.845463,1,30,11.0,3,1,1,0,1,1,1,1,0,81.2,0,0,2,1,1,0,0,1,0,39.0,4412,16.0,32.4,24.0,7,1.6,1.0,2.0,0,0,66.1,Average,Medium,3,3,3,1,0.0,0.0015862225243598,1.6525,-1,1
LOC0282,Bengaluru Junction,7,1,6,13.114255,77.631029,1,51,20.0,3,1,0,1,1,0,0,0,0,94.5,0,1,0,0,0,0,1,0,1,17.0,10546,46.0,108.4,13.0,5,2.1,1.7,12.0,1,1,70.5,Average,Medium,2,1,1,1,17.0,0.0004740684554849,3.9166666666666665,-1,1
LOC0283,Chandigarh Multispeciality Hospital,4,3,3,30.717344,76.653102,0,44,20.0,4,1,1,1,0,1,1,1,0,94.2,1,1,0,1,1,0,1,1,2,22.0,4380,18.0,130.5,10.0,1,3.5,3.5,14.0,0,2,100.0,Excellent,Low,4,2,2,2,44.0,0.0002282583884957,4.3478260869565215,-1,0
LOC0284,Jaipur Government College,2,10,10,26.834116,75.884545,0,24,13.0,3,0,1,1,0,0,1,0,1,80.9,2,0,0,0,0,1,0,0,1,28.0,2766,10.0,60.0,13.0,3,3.6,3.3,4.0,1,2,72.2,Average,Medium,4,0,0,0,28.0,0.0010842067220816,2.4896551724137934,-1,0
LOC0285,Mysuru Collectorate Office,3,16,6,12.374317,76.749711,1,54,27.0,2,0,0,0,0,0,1,0,0,62.4,1,0,0,0,0,1,1,0,2,30.0,4573,22.0,43.1,21.0,5,2.2,2.1,17.0,1,0,43.0,Poor,Medium,1,0,0,1,60.0,0.0010931351114997,1.3870967741935485,-1,1
LOC0286,Kanpur Government College,2,11,13,26.472807,80.333914,0,39,9.0,1,0,1,1,0,1,0,1,1,91.6,1,2,2,1,0,1,0,1,0,5.0,3548,10.0,74.0,12.0,3,3.2,3.3,9.0,0,2,73.5,Average,Medium,3,2,5,1,0.0,0.0008453085376162,12.25,-1,0
LOC0287,Pune Municipal Office,3,20,9,18.567929,73.828008,1,72,27.0,2,1,1,0,0,0,0,0,0,75.4,0,0,2,1,0,0,1,1,1,7.0,4983,22.0,51.6,6.0,3,2.7,2.8,13.0,0,2,63.4,Average,Medium,2,0,3,2,7.0,0.0006019261637239,7.925,-1,1
LOC0288,Nashik Tehsil Office,3,18,9,19.889672,73.792755,1,57,21.0,2,0,0,0,1,1,0,1,0,85.6,0,2,2,0,1,0,0,1,1,39.0,2896,15.0,43.4,17.0,7,2.6,2.2,11.0,1,0,38.4,Poor,High,0,3,4,1,39.0,0.0024162927166033,0.96,-1,1
LOC0289,Bhopal Railway Station,7,2,8,23.244437,77.41669,1,36,18.0,3,0,0,1,0,1,1,0,0,84.5,0,1,2,0,1,0,1,1,0,44.0,10659,42.0,95.1,16.0,9,2.8,2.9,5.0,1,2,57.8,Average,High,2,1,3,2,0.0,0.0008442776735459,1.2844444444444445,-1,1
LOC0290,Indore Government College,2,9,8,22.79793,75.908769,1,11,4.0,2,0,0,1,0,0,0,1,1,93.4,0,0,2,1,0,0,1,0,1,29.0,1958,6.0,45.3,12.0,5,2.2,2.4,9.0,1,1,58.0,Average,Medium,2,1,3,1,29.0,0.0025523226135783,1.9333333333333331,-1,1
LOC0291,Kolkata Temple Complex,8,13,14,22.649872,88.455228,1,44,23.0,1,0,1,0,0,0,1,0,1,79.2,0,0,2,0,0,1,1,1,2,24.0,2309,12.0,26.5,14.0,3,2.2,2.0,11.0,1,0,53.0,Poor,Medium,3,0,2,2,48.0,0.0012987012987012,2.12,-1,1
LOC0292,Bhopal Airport Terminal,0,2,8,23.359748,77.43093,1,19,4.0,5,1,1,1,0,1,0,0,0,94.7,0,0,2,1,1,1,0,1,2,11.0,15300,61.0,194.2,13.0,2,3.6,3.5,15.0,0,2,84.3,Good,Low,3,1,3,1,22.0,0.0001307104110842,7.025,-1,2
LOC0293,Mumbai Collectorate Office,3,15,9,19.071181,72.782985,1,69,15.0,3,1,1,0,0,1,1,0,1,74.1,0,0,1,1,1,0,0,0,2,6.0,4425,18.0,32.1,20.0,6,2.9,2.8,16.0,1,1,57.3,Average,Medium,4,1,2,0,12.0,0.0013556258472661,8.185714285714285,-1,1
LOC0294,Chennai Junction,7,4,11,13.100695,80.305473,1,24,8.0,3,0,0,0,1,0,0,0,0,68.2,0,1,1,0,0,0,1,0,0,7.0,3570,10.0,79.2,8.0,9,2.4,2.4,17.0,1,1,30.6,Poor,High,0,1,2,1,0.0,0.0025203024362923,3.825,-1,1
LOC0295,Nagpur City Centre Mall,5,17,9,21.256203,79.061595,0,21,7.0,5,1,1,1,1,1,1,0,1,97.9,2,2,2,1,1,0,1,1,2,20.0,15419,60.0,185.6,14.0,0,4.5,4.4,9.0,0,1,84.2,Good,Medium,5,2,5,2,40.0,0.0,4.0095238095238095,-1,2
LOC0296,Nashik City Bus Stop,1,18,9,20.023413,73.750629,1,3,3.0,1,1,0,0,0,0,0,0,0,86.9,2,1,2,0,1,0,1,0,0,23.0,969,2.0,11.4,23.0,8,3.2,3.0,17.0,1,0,35.4,Poor,High,1,0,3,1,0.0,0.0082474226804123,1.475,-1,1
LOC0297,Coimbatore Grand Mall,5,5,11,11.11497,76.984761,0,11,4.0,2,1,1,1,0,0,1,1,1,88.2,2,1,2,1,1,0,1,1,1,43.0,3241,11.0,129.1,7.0,1,4.0,3.7,9.0,1,2,93.8,Excellent,Medium,5,1,4,2,43.0,0.000308451573103,2.131818181818182,-1,2
LOC0298,Bhopal City Centre Mall,5,2,8,23.282656,77.317357,0,22,12.0,7,0,1,1,1,1,1,0,0,90.8,0,1,2,1,1,1,1,0,0,22.0,8591,34.0,147.4,5.0,3,2.8,2.5,2.0,2,2,84.0,Good,Medium,3,2,4,1,0.0,0.0003491620111731,3.652173913043478,-1,2
LOC0299,Jaipur Temple Complex,8,10,10,26.865719,75.693418,1,112,28.0,1,0,1,1,0,1,0,0,0,84.7,2,1,1,0,1,0,1,1,2,24.0,677,2.0,17.6,22.0,7,2.9,3.5,7.0,0,0,34.8,Poor,High,2,1,2,2,48.0,0.0103244837758112,1.392,-1,3
LOC0300,Jaipur Collectorate Office,3,10,10,26.831118,75.858509,1,28,4.0,1,1,1,0,0,0,0,1,0,82.1,0,0,0,0,0,0,0,1,1,32.0,3644,8.0,46.6,19.0,3,2.8,2.7,23.0,0,0,60.7,Average,Low,2,1,0,1,32.0,0.0008230452674897,1.83939393939394,-1,1
LOC0301,Jaipur Shopping Mall,5,10,10,26.89195,75.850743,0,15,12.0,5,1,1,0,1,0,1,1,1,76.7,1,0,1,1,0,1,0,1,2,13.0,13315,52.0,135.6,9.0,3,3.6,3.6,13.0,2,2,83.8,Good,Medium,4,2,2,1,26.0,0.0002252928807449,5.985714285714286,-1,2
LOC0302,Kolkata Heritage Fort,8,13,14,22.429381,88.246237,1,136,30.0,1,0,0,0,0,0,0,1,0,72.1,1,0,2,0,0,0,1,1,1,3.0,488,2.0,22.1,19.0,8,1.6,1.7,19.0,1,0,30.7,Poor,High,0,1,2,2,3.0,0.016359918200409,7.675,-1,3
LOC0303,Bhopal Domestic Airport,0,2,8,23.15908,77.363979,0,2,2.0,6,1,1,1,1,1,1,0,1,95.1,0,2,2,1,1,0,1,1,1,14.0,15847,75.0,191.1,5.0,0,4.0,4.3,6.0,0,2,100.0,Excellent,Medium,5,2,5,2,14.0,0.0,6.666666666666667,-1,2
LOC0304,Hyderabad City Hospital,4,8,12,17.29189,78.342124,1,47,15.0,6,0,1,1,0,1,1,0,1,86.2,2,2,0,0,0,0,1,1,1,34.0,1373,12.0,57.9,13.0,4,2.3,2.2,8.0,1,0,52.3,Poor,High,4,1,2,2,34.0,0.0029112081513828,1.4942857142857142,-1,0
LOC0305,Thiruvananthapuram International Airport,0,23,7,8.504503,77.018939,1,24,21.0,7,0,1,0,1,1,1,0,1,76.9,0,0,2,1,0,1,1,1,1,27.0,19547,85.0,241.7,1.0,1,3.4,3.8,21.0,1,2,85.4,Good,Low,3,2,3,2,27.0,5.11561285041948e-05,3.0500000000000003,-1,2
LOC0306,Mysuru Central Station,7,16,6,12.433041,76.539488,1,59,26.0,1,1,0,0,0,0,0,0,0,85.2,0,0,0,1,1,0,1,1,2,23.0,10104,37.0,97.1,14.0,6,3.1,3.2,2.0,1,1,57.8,Average,Medium,1,0,1,2,46.0,0.0005937654626422,2.408333333333333,-1,1
LOC0307,Patna City Hospital,4,19,2,25.587709,85.22529,0,47,17.0,4,1,0,0,0,0,1,0,1,75.8,1,1,1,0,0,0,0,0,2,25.0,2859,20.0,110.2,13.0,4,4.7,5.0,0.0,1,0,57.7,Average,Medium,3,0,2,0,50.0,0.0013986013986013,2.2192307692307693,-1,0
LOC0308,Thiruvananthapuram Junction,7,23,7,8.480729,76.977853,1,84,15.0,1,0,1,1,0,0,0,0,0,83.6,0,0,1,0,0,0,1,1,0,9.0,15179,52.0,76.9,9.0,5,2.4,2.4,7.0,0,2,41.2,Poor,High,2,0,1,2,0.0,0.0003293807641633,4.12,-1,1
LOC0309,Thane Plaza Mall,5,22,9,19.144301,73.003198,0,24,21.0,5,1,1,1,1,1,1,0,0,96.8,2,2,2,1,0,0,0,1,0,17.0,15785,70.0,139.0,4.0,5,2.7,2.7,0.0,1,2,73.8,Average,High,4,2,5,1,0.0,0.0003167363486633,4.1,-1,2
LOC0310,Surat Plaza Mall,5,21,5,21.247709,72.794909,0,18,18.0,7,1,1,1,0,0,0,1,1,90.3,0,1,2,1,1,0,0,0,2,9.0,8143,35.0,134.6,13.0,1,4.1,3.9,20.0,2,1,81.9,Good,Low,4,1,4,0,18.0,0.0001227897838899,8.190000000000001,-1,2
LOC0311,Udaipur Multispeciality Hospital,4,24,10,24.711418,73.63112,0,24,12.0,5,0,0,1,1,0,0,0,1,88.6,1,1,0,0,0,0,1,0,0,34.0,2767,15.0,56.5,14.0,2,3.0,3.2,15.0,1,2,74.4,Average,Medium,2,1,1,1,0.0,0.0007225433526011,2.125714285714286,-1,0
LOC0312,Chennai Tehsil Office,3,4,11,13.050459,80.389769,1,60,21.0,1,0,1,0,1,0,0,0,0,77.3,0,0,2,1,0,1,0,1,1,38.0,1904,8.0,34.4,14.0,3,2.2,2.2,20.0,1,0,51.7,Poor,Medium,1,1,3,1,38.0,0.0015748031496062,1.3256410256410258,-1,1
LOC0313,Bengaluru Tehsil Office,3,1,6,13.015931,77.712435,1,47,18.0,3,0,0,0,1,1,0,0,1,77.8,0,1,1,1,0,0,1,1,2,22.0,3305,10.0,46.7,15.0,5,3.0,3.2,0.0,1,0,45.5,Poor,High,1,2,3,2,44.0,0.0015124016938898,1.9782608695652173,-1,1
LOC0314,Nashik International Airport,0,18,9,20.026105,73.722676,1,16,2.0,6,1,0,1,0,1,1,1,0,95.8,2,2,2,1,0,1,1,0,2,32.0,4977,26.0,111.2,2.0,1,4.3,4.0,0.0,1,2,72.4,Average,Medium,3,2,5,1,64.0,0.000200883889112,2.1939393939393943,-1,2
LOC0315,Mumbai Grand Mall,5,15,9,18.986284,72.782446,0,4,4.0,6,1,1,1,1,0,1,1,1,102.6,2,0,2,1,0,1,0,0,2,28.0,15361,57.0,161.3,10.0,0,4.9,4.9,14.0,1,2,97.2,Excellent,Medium,5,2,3,0,56.0,0.0,3.3517241379310345,-1,2
LOC0316,Guwahati Domestic Airport,0,7,1,26.121687,91.84048,1,18,10.0,3,1,1,1,0,1,0,0,0,96.0,2,0,0,1,0,0,1,0,1,19.0,19722,86.0,238.5,1.0,1,3.6,3.5,19.0,1,0,74.9,Average,Medium,3,1,1,1,19.0,5.070222582771384e-05,3.745,-1,2
LOC0317,Delhi Heritage Fort,8,6,4,28.755726,77.110591,1,10,7.0,1,0,0,0,0,1,0,0,0,83.5,1,0,2,0,1,0,1,1,1,17.0,2295,13.0,30.1,22.0,6,1.5,1.0,21.0,1,0,44.4,Poor,High,0,1,2,2,17.0,0.0026132404181184,2.466666666666667,-1,3
LOC0318,Chennai City Hospital,4,4,11,13.153924,80.375965,1,32,15.0,3,1,1,1,0,1,0,1,0,90.4,2,1,2,1,1,0,0,1,1,28.0,1226,5.0,98.5,15.0,3,1.9,2.5,4.0,1,2,82.1,Good,Medium,3,2,4,1,28.0,0.0024449877750611,2.8310344827586205,-1,0
LOC0319,Thane Grand Mall,5,22,9,19.076888,73.047988,0,19,17.0,2,1,1,1,0,1,1,1,1,92.9,1,2,1,1,1,1,1,1,1,44.0,14472,64.0,115.0,8.0,1,4.9,5.0,11.0,0,1,93.8,Excellent,Medium,5,2,4,2,44.0,6.909417536101706e-05,2.0844444444444443,-1,2
LOC0320,Kochi Tehsil Office,3,12,7,10.02116,76.403928,1,52,27.0,1,0,0,0,0,0,0,1,0,82.4,2,1,0,0,0,0,1,0,2,28.0,2505,7.0,24.9,15.0,4,2.0,2.6,13.0,1,1,39.4,Poor,High,0,1,1,1,56.0,0.0015961691939345,1.3586206896551725,-1,1
LOC0321,Hyderabad Government College,2,8,12,17.402892,78.456197,1,29,5.0,2,1,0,1,0,0,0,0,0,92.2,0,0,2,0,0,0,1,1,0,11.0,597,3.0,47.1,16.0,8,2.8,2.7,1.0,1,0,46.8,Poor,High,2,0,2,2,0.0,0.0133779264214046,3.9,-1,1
LOC0322,Lucknow Grand Mall,5,14,13,26.811224,80.802293,0,11,6.0,4,1,1,1,1,1,0,1,0,100.1,1,0,1,1,0,1,1,1,1,16.0,7214,25.0,132.4,12.0,3,3.1,3.1,22.0,1,2,96.3,Excellent,Medium,3,3,2,2,16.0,0.0004158004158004,5.664705882352941,-1,2
LOC0323,Hyderabad Airport Terminal,0,8,12,17.49208,78.435974,1,12,12.0,5,1,1,0,1,0,1,1,1,83.7,1,1,2,1,1,1,1,1,1,44.0,9297,41.0,189.5,7.0,2,3.0,3.1,23.0,0,2,100.0,Excellent,Low,4,2,4,2,44.0,0.00021510002151,2.2222222222222223,-1,2
LOC0324,Hyderabad Airport Terminal,0,8,12,17.404718,78.372857,0,8,6.0,6,1,1,1,0,1,1,0,1,102.9,0,0,2,1,1,0,1,0,2,9.0,10364,49.0,230.1,1.0,0,3.6,3.3,21.0,1,2,97.3,Excellent,Low,5,1,3,1,18.0,0.0,9.73,-1,2
LOC0325,Visakhapatnam Institute of Technology,2,25,0,17.70345,83.284047,0,28,13.0,2,1,1,0,1,0,1,0,1,88.5,1,1,1,1,1,1,0,1,2,17.0,1585,4.0,42.0,22.0,3,2.7,2.6,1.0,0,1,82.7,Good,Medium,4,1,3,1,34.0,0.0018915510718789,4.594444444444445,-1,0
LOC0326,Indore Railway Station,7,9,8,22.681634,75.733304,1,49,14.0,2,0,1,1,0,0,1,0,0,89.1,1,2,1,1,0,0,1,0,2,17.0,14592,55.0,111.2,15.0,3,3.2,3.0,21.0,1,0,46.9,Poor,High,3,0,4,1,34.0,0.0002055780168573,2.605555555555556,-1,1
LOC0327,Patna Grand Mall,5,19,2,25.61849,85.044856,0,22,7.0,4,0,1,1,1,0,1,1,1,89.4,2,0,0,1,1,0,1,1,0,44.0,18856,84.0,162.9,10.0,4,3.7,3.5,15.0,2,2,76.2,Good,Medium,4,2,1,2,0.0,0.0002121228191122,1.6933333333333334,-1,2
LOC0328,Patna Medical Center,4,19,2,25.736687,85.270924,0,26,22.0,7,1,0,0,1,0,1,1,1,83.6,0,1,2,1,1,1,0,1,1,13.0,997,7.0,100.9,9.0,0,4.0,4.3,4.0,1,2,91.7,Excellent,Low,3,2,4,1,13.0,0.0,6.55,-1,0
LOC0329,Jaipur Grand Mall,5,10,10,26.901405,75.722415,0,8,2.0,6,1,1,1,0,1,1,1,1,89.5,0,0,2,1,1,0,1,1,2,10.0,10526,46.0,174.7,3.0,0,3.6,3.5,16.0,2,1,88.2,Good,Low,5,2,3,2,20.0,0.0,8.018181818181818,-1,2
LOC0330,Nashik Plaza Mall,5,18,9,19.93029,73.841851,1,3,3.0,5,1,1,0,1,0,0,0,0,75.4,0,2,1,1,1,0,0,1,1,8.0,15440,67.0,156.0,6.0,2,3.9,3.7,11.0,1,1,65.8,Average,Medium,2,1,4,1,8.0,0.0001295252898128,7.311111111111111,-1,2
LOC0331,Coimbatore Plaza Mall,5,5,11,10.907534,76.91575,0,17,17.0,5,1,1,1,0,1,1,1,0,93.5,1,0,1,1,1,0,0,0,2,19.0,17005,66.0,144.2,6.0,2,4.2,4.2,18.0,0,2,92.9,Excellent,Medium,4,2,2,0,38.0,0.000117605550982,4.6450000000000005,-1,2
LOC0332,Jaipur Botanical Garden,8,10,10,27.003544,75.759834,1,23,17.0,1,0,1,1,1,1,0,0,1,94.3,2,0,1,1,0,0,0,1,0,6.0,566,3.0,23.5,13.0,5,2.8,2.7,12.0,0,1,53.1,Poor,High,3,2,2,1,0.0,0.0088183421516754,7.585714285714286,-1,3
LOC0333,Kochi Airport Terminal,0,12,7,10.000022,76.253814,1,8,8.0,4,1,0,1,1,1,0,0,1,82.8,2,1,0,1,1,0,1,0,1,28.0,18117,77.0,227.5,4.0,1,4.0,3.9,17.0,1,2,87.8,Good,Low,3,2,2,1,28.0,5.519372999227288e-05,3.027586206896552,-1,2
LOC0334,Chennai Institute of Technology,2,4,11,13.100065,80.172302,0,59,17.0,3,1,1,1,1,0,0,0,0,90.0,2,0,0,1,1,1,1,1,2,14.0,3988,12.0,58.9,14.0,2,2.9,2.3,20.0,2,1,72.2,Average,Medium,3,1,1,2,28.0,0.0005013787916771,4.8133333333333335,-1,0
LOC0335,Nagpur City Park,6,17,9,21.28096,79.077643,1,21,10.0,1,0,1,0,1,0,0,0,0,82.7,0,0,2,1,0,0,0,0,0,18.0,612,2.0,16.7,19.0,9,2.7,2.1,19.0,0,1,46.3,Poor,High,1,1,3,0,0.0,0.0146818923327895,2.4368421052631577,-1,3
LOC0336,Indore City Bus Stop,1,9,8,22.703448,75.771324,1,7,7.0,1,0,0,1,1,0,0,0,0,91.9,2,0,0,0,0,0,1,0,0,11.0,701,9.0,9.9,24.0,7,1.9,2.0,19.0,1,1,43.5,Poor,High,1,1,0,1,0.0,0.0099715099715099,3.625,-1,1
LOC0337,Coimbatore Municipal Office,3,5,11,10.883037,76.839544,1,43,12.0,1,0,0,0,0,0,1,0,1,79.7,2,0,2,1,0,0,0,1,0,17.0,3750,15.0,37.9,14.0,5,2.6,2.4,7.0,1,0,29.3,Poor,High,2,0,3,1,0.0,0.0013329778725673,1.6277777777777778,-1,1
LOC0338,Patna Domestic Airport,0,19,2,25.686217,85.085509,1,1,1.0,3,1,1,0,1,1,0,1,1,85.2,1,1,2,1,1,1,1,0,0,31.0,5364,28.0,145.0,7.0,3,4.0,4.3,22.0,0,1,96.2,Excellent,Medium,3,3,4,1,0.0,0.0005591798695246,3.00625,-1,2
LOC0339,Patna City Bus Stop,1,19,2,25.479052,85.060093,1,19,4.0,1,0,0,0,0,0,0,0,0,81.3,0,0,1,0,0,0,1,0,0,14.0,2264,12.0,13.8,17.0,10,2.9,3.0,23.0,1,1,21.5,Poor,High,0,0,1,1,0.0,0.0044150110375275,1.4333333333333331,-1,1
LOC0340,Mumbai Bus Depot,1,15,9,19.025577,72.783636,1,39,19.0,1,0,0,0,0,1,0,0,0,72.5,0,2,0,1,0,0,1,0,1,5.0,2194,7.0,15.3,23.0,7,2.2,2.4,4.0,1,1,35.9,Poor,High,0,1,3,1,5.0,0.0031890660592255,5.983333333333333,-1,1
LOC0341,Thiruvananthapuram Government College,2,23,7,8.514066,76.972986,1,34,18.0,1,1,0,1,0,1,1,0,1,96.0,2,1,0,1,1,0,1,1,0,18.0,4410,23.0,46.2,22.0,6,2.7,2.8,16.0,1,2,73.5,Average,Medium,4,1,2,2,0.0,0.0013602357742008,3.8684210526315783,-1,1
LOC0342,Kolkata Tehsil Office,3,13,14,22.52367,88.279093,1,28,10.0,3,1,0,1,1,1,0,1,0,96.3,1,0,0,0,1,1,1,1,0,22.0,3204,14.0,38.6,20.0,6,3.7,3.4,10.0,1,1,88.8,Good,Medium,2,3,0,2,0.0,0.0018720748829953,3.860869565217391,-1,1
LOC0343,Nashik Municipal Office,3,18,9,20.146425,73.716723,1,34,16.0,2,1,0,0,0,0,1,0,0,77.0,0,0,0,1,0,0,1,1,2,36.0,2641,14.0,41.7,25.0,6,2.8,3.3,8.0,1,2,62.6,Average,Medium,2,0,1,2,72.0,0.0022710068130204,1.691891891891892,-1,1
LOC0344,Delhi Government College,2,6,4,28.693598,77.160803,0,13,13.0,1,1,0,1,0,0,0,1,1,84.5,2,1,2,1,1,1,0,1,0,10.0,844,4.0,63.0,13.0,5,3.8,3.7,12.0,1,0,56.5,Average,High,3,1,4,1,0.0,0.0059171597633136,5.136363636363637,-1,0
LOC0345,Chandigarh Public Garden,6,3,3,30.766167,76.738266,1,25,10.0,1,1,0,1,0,0,1,0,1,85.7,0,0,0,0,0,0,1,1,1,6.0,476,2.0,8.0,14.0,4,1.7,2.0,15.0,1,0,60.3,Average,Medium,4,0,0,2,6.0,0.0083857442348008,8.614285714285714,-1,3
LOC0346,Udaipur Junction,7,24,10,24.534784,73.737874,1,64,27.0,2,1,0,1,1,0,1,1,0,96.1,0,0,0,1,1,0,1,0,0,24.0,16905,70.0,121.1,15.0,8,2.2,2.1,15.0,1,0,65.4,Average,Medium,3,2,1,1,0.0,0.0004732047793682,2.616,-1,1
LOC0347,Hyderabad Health Centre,4,8,12,17.515084,78.615963,1,26,4.0,2,1,1,1,1,0,1,1,1,98.4,1,1,1,0,1,1,1,0,2,24.0,727,6.0,75.1,14.0,2,3.8,3.7,12.0,0,2,100.0,Excellent,Medium,5,2,2,1,48.0,0.0027472527472527,4.0,-1,1
LOC0348,Thane City Park,6,22,9,19.276421,73.073964,1,12,7.0,1,0,0,1,1,0,0,0,1,85.4,0,2,2,1,1,1,0,1,1,19.0,1514,6.0,17.8,17.0,4,2.0,1.9,6.0,1,2,57.3,Average,Medium,2,1,5,1,19.0,0.0026402640264026,2.865,-1,1
LOC0349,Kochi Bus Stand,1,12,7,9.79373,76.154002,1,3,3.0,1,0,0,0,0,0,0,0,0,74.2,1,0,2,0,0,0,1,0,0,4.0,1881,10.0,15.5,18.0,8,1.9,1.8,18.0,1,0,29.1,Poor,High,0,0,2,1,0.0,0.004250797024442,5.82,-1,1
LOC0350,Kolkata Central Park,6,13,14,22.570303,88.384573,1,8,5.0,1,0,1,0,0,0,0,0,0,80.6,2,2,1,0,0,1,1,0,2,8.0,505,7.0,11.1,13.0,2,3.2,3.3,20.0,0,2,32.3,Poor,High,1,0,3,1,16.0,0.0039525691699604,3.588888888888889,-1,1
LOC0351,Lucknow District Office,3,14,13,26.975463,80.913128,1,24,22.0,1,1,1,0,0,0,0,1,1,75.5,0,0,1,1,1,1,1,1,1,10.0,4126,15.0,50.2,24.0,5,1.9,1.9,19.0,0,0,53.6,Poor,High,3,1,2,2,10.0,0.001211533801793,4.872727272727273,-1,1
LOC0352,Jaipur City Bus Stop,1,10,10,26.984606,75.880977,1,6,6.0,1,0,0,1,0,0,0,0,1,87.6,2,2,1,0,0,0,1,1,2,18.0,368,2.0,7.2,22.0,5,3.7,3.0,17.0,1,1,25.7,Poor,High,2,0,3,2,36.0,0.013550135501355,1.3526315789473684,-1,3
LOC0353,Guwahati District Office,3,7,1,26.145271,91.810245,1,42,13.0,1,0,1,0,0,0,0,1,1,70.4,0,1,1,1,0,0,0,1,1,26.0,3987,17.0,40.5,16.0,5,2.1,2.0,11.0,0,1,47.0,Poor,High,2,1,3,1,26.0,0.0012537612838515,1.7407407407407407,-1,1
LOC0354,Guwahati Tehsil Office,3,7,1,26.102535,91.677849,1,24,9.0,1,0,0,0,0,1,0,0,0,78.9,0,1,0,1,1,1,1,1,1,25.0,754,3.0,27.1,17.0,1,3.1,2.5,18.0,1,1,64.6,Average,Low,0,1,2,2,25.0,0.0013245033112582,2.484615384615384,-1,1
LOC0355,Thane Plaza Mall,5,22,9,19.27574,73.093062,0,5,5.0,6,0,1,1,0,1,1,1,1,87.1,1,0,0,1,1,1,1,0,2,27.0,6335,23.0,130.8,14.0,2,3.7,3.8,22.0,1,2,100.0,Excellent,Low,4,2,1,1,54.0,0.0003156565656565,3.571428571428572,-1,2
LOC0356,Nashik Collectorate Office,3,18,9,19.977998,73.688254,1,69,25.0,3,1,1,0,1,0,0,0,0,78.3,1,0,2,1,0,0,0,1,2,28.0,3979,10.0,40.5,6.0,3,1.6,1.6,14.0,0,1,67.7,Average,Medium,2,1,3,1,56.0,0.0007537688442211,2.3344827586206898,-1,1
LOC0357,Bengaluru Railway Station,7,1,6,12.82547,77.592749,1,30,6.0,2,0,0,1,0,0,1,0,0,88.4,1,0,0,0,0,0,0,1,0,29.0,12394,45.0,69.2,25.0,8,2.7,3.0,23.0,1,0,46.3,Poor,High,2,0,0,1,0.0,0.0006454215409439,1.5433333333333332,-1,1
LOC0358,Kochi City Centre Mall,5,12,7,9.880883,76.256081,0,12,12.0,5,1,1,1,0,1,1,0,0,94.2,0,0,1,1,0,0,1,1,0,23.0,9285,35.0,162.0,1.0,2,3.6,3.4,8.0,2,2,74.8,Average,Medium,4,1,2,2,0.0,0.0002153779883695,3.1166666666666667,-1,2
LOC0359,Surat Municipal Office,3,21,5,21.215398,72.877587,1,41,8.0,1,0,1,1,1,0,0,1,0,95.1,0,1,2,0,0,0,0,1,0,17.0,1031,3.0,20.6,11.0,7,2.6,2.9,9.0,2,2,65.0,Average,Medium,2,2,3,1,0.0,0.0067829457364341,3.611111111111111,-1,1
LOC0360,Bengaluru City Park,6,1,6,12.911842,77.70369,1,28,9.0,1,0,0,1,0,1,0,0,1,95.8,1,2,2,1,0,0,1,1,1,16.0,2892,9.0,27.0,17.0,6,2.6,2.8,15.0,1,1,56.7,Average,Medium,2,1,5,2,16.0,0.0020739716557207,3.335294117647059,-1,1
LOC0361,Delhi Public Garden,6,6,4,28.730348,77.224598,1,15,6.0,1,0,1,1,0,0,0,1,0,89.3,1,0,2,1,0,0,1,1,2,15.0,704,3.0,19.3,21.0,4,3.2,3.2,14.0,2,2,68.8,Average,Medium,2,1,3,2,30.0,0.0056737588652482,4.3,-1,1
LOC0362,Mumbai City Centre Mall,5,15,9,19.190711,72.9444,0,1,1.0,7,1,1,1,0,0,0,0,1,94.3,0,1,0,1,1,1,1,1,0,30.0,15963,55.0,187.4,6.0,3,2.6,2.3,4.0,0,2,92.3,Excellent,Low,4,0,2,2,0.0,0.0001879228263593,2.97741935483871,-1,2
LOC0363,Lucknow Multispeciality Hospital,4,14,13,26.697177,80.819775,0,20,11.0,3,0,1,1,0,0,0,0,1,89.7,0,1,0,1,1,0,1,1,1,29.0,525,6.0,105.6,14.0,2,3.3,3.1,16.0,0,2,81.0,Good,Low,3,0,2,2,29.0,0.0038022813688212,2.7,-1,0
LOC0364,Hyderabad Central Station,7,8,12,17.291563,78.404755,1,10,8.0,2,1,1,1,1,0,1,1,0,97.7,0,0,2,1,0,0,1,1,2,5.0,17713,69.0,104.4,9.0,3,3.1,3.1,5.0,2,1,85.9,Good,Low,4,2,3,2,10.0,0.0001693575702833,14.316666666666668,-1,1
LOC0365,Kolkata Institute of Technology,2,13,14,22.688561,88.476755,1,23,7.0,3,0,0,1,0,1,0,0,0,87.7,2,0,0,0,1,0,1,1,1,17.0,515,4.0,38.6,9.0,2,4.0,4.3,11.0,1,1,58.3,Average,Medium,1,1,0,2,17.0,0.003875968992248,3.238888888888889,-1,1
LOC0366,Visakhapatnam Bus Stand,1,25,0,17.552423,83.246852,1,24,21.0,1,0,0,0,1,0,0,0,0,85.3,0,0,2,1,0,0,1,1,0,20.0,2426,11.0,12.3,20.0,13,2.0,2.1,13.0,1,1,35.5,Poor,High,0,1,3,2,0.0,0.0053564070869386,1.6904761904761905,-1,1
LOC0367,Nagpur Plaza Mall,5,17,9,21.032739,79.03988,0,20,18.0,4,0,1,0,1,0,0,1,1,67.3,0,1,2,1,0,0,1,1,0,20.0,13137,47.0,139.1,5.0,2,3.3,3.4,14.0,0,2,71.7,Average,Medium,2,2,4,2,0.0,0.00015223017202,3.4142857142857146,-1,2
LOC0368,Visakhapatnam Railway Station,7,25,0,17.758265,83.070906,1,87,16.0,2,0,0,1,0,0,0,0,1,88.5,2,0,2,1,0,0,0,0,0,8.0,11097,48.0,86.7,17.0,3,2.1,2.0,17.0,1,2,32.0,Poor,High,2,0,3,0,0.0,0.0002703189763921,3.555555555555556,-1,1
LOC0369,Delhi Central Station,7,6,4,28.725317,77.149804,1,12,4.0,3,1,0,1,0,0,0,1,0,94.4,2,0,0,1,0,1,0,1,0,41.0,17159,69.0,111.7,10.0,3,1.9,1.9,23.0,1,0,51.3,Poor,High,2,1,1,1,0.0,0.0001748251748251,1.2214285714285713,-1,1
LOC0370,Kochi Multispeciality Hospital,4,12,7,9.996455,76.167491,0,48,10.0,6,0,0,1,0,0,1,0,0,92.2,2,1,0,0,1,0,1,1,0,27.0,1903,13.0,109.9,21.0,13,2.8,2.8,10.0,1,2,49.7,Poor,High,2,0,1,2,0.0,0.0068277310924369,1.775,-1,0
LOC0371,Nashik Government College,2,18,9,20.044036,73.931036,1,6,6.0,1,1,1,1,0,0,0,1,0,97.4,1,1,0,1,0,0,1,1,2,37.0,1646,9.0,53.1,7.0,1,3.7,3.7,11.0,0,2,100.0,Excellent,Low,3,1,2,2,74.0,0.0006071645415907,2.631578947368421,-1,1
LOC0372,Mysuru District Office,3,16,6,12.436382,76.745733,1,33,17.0,2,1,1,1,0,0,0,0,0,90.3,0,0,2,1,1,1,0,0,2,35.0,3465,18.0,45.3,8.0,4,2.0,2.1,19.0,1,0,64.3,Average,Medium,3,0,3,0,70.0,0.0011540680900173,1.786111111111111,-1,1
LOC0373,Kochi Central Station,7,12,7,9.855273,76.348956,1,62,29.0,3,0,0,0,1,1,0,0,1,65.3,2,2,1,1,0,1,1,1,0,44.0,10485,48.0,85.6,17.0,8,2.2,2.0,12.0,1,1,18.8,Poor,High,1,2,4,2,0.0,0.0007629219912263,0.4177777777777778,-1,1
LOC0374,Visakhapatnam City Park,6,25,0,17.824635,83.222246,1,49,27.0,1,1,0,0,0,0,0,0,1,87.0,0,1,2,1,0,0,0,0,1,12.0,2792,15.0,27.4,12.0,3,3.4,3.6,14.0,1,1,57.5,Average,Medium,2,0,4,0,12.0,0.0010741138560687,4.423076923076923,-1,1
LOC0375,Nagpur College of Engineering,2,17,9,21.119913,79.117298,0,29,16.0,3,1,1,1,1,1,1,0,1,85.9,1,2,2,1,0,0,1,1,0,25.0,785,6.0,60.0,22.0,9,3.1,3.3,8.0,2,2,77.0,Good,High,5,2,5,2,0.0,0.0114503816793893,2.9615384615384617,-1,0
LOC0376,Pune Bus Stand,1,20,9,18.646648,73.765872,1,15,15.0,1,1,1,1,0,0,0,1,0,93.4,0,0,0,0,0,0,1,1,0,6.0,1646,6.0,10.4,16.0,3,3.2,3.3,21.0,0,0,69.3,Average,Medium,3,1,0,2,0.0,0.0018214936247723,9.9,-1,1
LOC0377,Kolkata Grand Mall,5,13,14,22.669964,88.44759,0,19,11.0,2,1,1,1,0,1,1,1,1,96.0,2,1,0,1,1,1,1,0,0,15.0,13722,50.0,169.0,12.0,4,2.5,2.3,23.0,1,2,92.3,Excellent,Medium,5,2,2,1,0.0,0.0002914814544924,5.76875,-1,2
LOC0378,Thiruvananthapuram Grand Mall,5,23,7,8.458092,76.9513,0,10,10.0,2,0,1,1,1,0,1,1,1,86.1,2,2,0,1,0,0,1,1,0,17.0,15206,58.0,135.5,13.0,8,3.7,3.6,15.0,0,2,66.6,Average,High,4,2,3,2,0.0,0.0005260735187742,3.7,-1,2
LOC0379,Visakhapatnam Grand Mall,5,25,0,17.684715,83.299484,0,8,8.0,6,0,1,1,0,0,0,0,1,87.2,2,0,0,1,0,0,0,1,0,31.0,6268,17.0,141.9,17.0,2,3.8,3.5,10.0,0,1,58.5,Average,Medium,3,0,1,1,0.0,0.000319030148349,1.828125,-1,2
LOC0380,Delhi Temple Complex,8,6,4,28.608321,77.108553,1,70,14.0,1,0,0,0,0,0,0,1,0,69.7,2,0,2,0,0,0,1,1,1,14.0,2960,10.0,24.7,19.0,10,3.3,3.8,3.0,1,2,32.3,Poor,High,0,1,2,2,14.0,0.0033772374197906,2.1533333333333333,-1,1
LOC0381,Surat Shopping Mall,5,21,5,21.186944,72.733633,0,15,13.0,4,1,1,1,0,0,1,1,0,100.2,0,0,2,1,0,0,1,0,2,12.0,14776,58.0,193.8,6.0,1,2.6,2.3,4.0,2,1,77.7,Good,Low,4,1,3,1,24.0,6.767273465520742e-05,5.976923076923077,-1,2
LOC0382,Coimbatore Collectorate Office,3,5,11,10.912056,77.09495,1,26,14.0,2,0,0,1,0,0,0,1,1,90.8,0,2,1,1,0,0,0,1,1,39.0,3842,10.0,50.0,21.0,2,3.9,4.1,3.0,1,1,47.7,Poor,High,2,1,4,1,39.0,0.0005204267499349,1.1925,-1,1
LOC0383,Lucknow Bus Stand,1,14,13,26.887518,80.852437,1,22,8.0,1,0,0,1,0,0,0,0,0,79.6,0,0,2,1,1,0,1,0,0,24.0,639,6.0,9.8,11.0,1,2.8,3.1,7.0,1,1,49.4,Poor,High,1,0,3,1,0.0,0.0015625,1.976,-1,1
LOC0384,Chennai Airport Terminal,0,4,11,13.068051,80.291099,1,6,6.0,5,0,1,1,1,0,0,1,1,88.4,1,1,0,1,0,0,1,1,2,12.0,11386,57.0,196.8,5.0,3,3.7,3.5,14.0,1,2,100.0,Excellent,Low,3,2,2,2,24.0,0.0002634583296741,7.6923076923076925,-1,2
LOC0385,Bengaluru Health Centre,4,1,6,13.00126,77.568469,0,42,23.0,2,1,0,0,0,1,0,0,0,82.2,2,0,2,0,0,0,0,1,2,35.0,2692,20.0,111.5,12.0,1,2.3,2.4,16.0,1,2,46.6,Poor,High,1,1,2,1,70.0,0.0003713330857779,1.2944444444444445,-1,0
LOC0386,Nagpur Domestic Airport,0,17,9,21.001295,79.019097,1,9,9.0,4,1,0,1,0,1,0,0,0,98.6,0,2,0,1,1,0,0,1,2,29.0,18753,73.0,159.3,9.0,4,3.1,2.3,20.0,1,2,69.4,Average,Medium,2,1,3,1,58.0,0.0002132878319291,2.313333333333333,-1,2
LOC0387,Thiruvananthapuram Shopping Mall,5,23,7,8.595276,76.887079,0,17,13.0,6,1,0,1,0,0,1,0,0,99.8,1,0,0,1,1,0,0,1,0,19.0,8640,31.0,210.5,1.0,3,4.1,4.3,8.0,1,1,85.5,Good,Low,3,0,1,1,0.0,0.0003471820391158,4.275,-1,2
LOC0388,Chennai City Bus Stop,1,4,11,13.034581,80.157377,1,18,13.0,1,0,0,0,1,0,0,0,0,74.9,2,0,2,1,0,0,0,1,1,16.0,2737,14.0,19.4,13.0,5,1.0,1.1,22.0,1,2,35.6,Poor,High,0,1,3,1,16.0,0.0018261504747991,2.094117647058824,-1,1
LOC0389,Chennai International Airport,0,4,11,12.971939,80.171394,0,1,1.0,7,1,1,1,1,0,1,1,1,98.4,1,0,2,1,1,0,0,1,0,35.0,6056,29.0,177.7,2.0,5,3.1,3.4,23.0,0,1,97.0,Excellent,Medium,5,2,3,1,0.0,0.0008254911672445,2.6944444444444446,-1,2
LOC0390,Visakhapatnam City Bus Stop,1,25,0,17.571558,83.289715,1,27,7.0,1,0,0,0,0,0,0,0,1,76.3,0,0,2,0,0,0,1,0,1,3.0,2007,11.0,15.0,23.0,7,2.4,2.4,11.0,1,0,32.6,Poor,High,1,0,2,1,3.0,0.0034860557768924,8.15,-1,1
LOC0391,Pune General Hospital,4,20,9,18.483692,73.758835,0,41,16.0,3,0,1,0,0,1,0,0,0,71.7,0,1,0,1,1,1,0,1,1,15.0,4335,19.0,127.0,11.0,3,4.1,3.6,16.0,0,1,70.2,Average,Low,1,1,2,1,15.0,0.0006918819188191,4.3875,-1,0
LOC0392,Mumbai City Centre Mall,5,15,9,19.015827,72.762806,0,18,9.0,3,1,1,0,1,0,1,0,0,82.0,0,1,2,1,1,0,0,1,0,23.0,9321,38.0,177.2,7.0,2,4.0,4.4,21.0,1,2,87.1,Good,Medium,3,1,4,1,0.0,0.0002145462347135,3.6291666666666655,-1,2
LOC0393,Nagpur Central Station,7,17,9,21.118748,79.038142,1,88,14.0,1,1,0,0,0,0,0,0,1,75.5,1,0,1,0,1,0,0,1,2,32.0,11725,50.0,106.0,15.0,7,1.9,2.5,14.0,1,0,36.3,Poor,High,2,0,1,1,64.0,0.0005969640115981,1.1,-1,1
LOC0394,Delhi Municipal Office,3,6,4,28.783942,76.968724,1,26,19.0,1,0,1,0,1,0,0,0,0,80.3,2,2,1,0,0,0,1,0,1,39.0,3174,13.0,30.7,12.0,3,2.4,2.5,13.0,0,1,32.2,Poor,High,1,1,3,1,39.0,0.0009448818897637,0.805,-1,1
LOC0395,Kolkata Collectorate Office,3,13,14,22.696477,88.291468,1,67,13.0,3,0,0,1,0,0,0,0,0,87.5,0,1,2,1,0,1,0,1,2,13.0,4178,12.0,55.9,22.0,3,2.1,2.4,18.0,1,2,47.9,Poor,Medium,1,0,4,1,26.0,0.0007178750897343,3.4214285714285717,-1,1
LOC0396,Kanpur Junction,7,11,13,26.522164,80.376542,1,15,15.0,2,1,1,1,0,0,1,0,0,91.1,2,0,1,1,1,0,1,1,0,10.0,15667,67.0,112.9,8.0,0,4.1,4.0,1.0,0,1,68.6,Average,High,4,0,2,2,0.0,0.0,6.236363636363635,-1,1
LOC0397,Coimbatore Railway Station,7,5,11,11.060184,76.974073,1,39,13.0,1,0,0,1,0,1,0,0,0,87.1,1,1,0,1,0,0,1,1,1,38.0,3917,20.0,89.6,22.0,6,2.4,2.4,9.0,1,1,66.2,Average,Medium,1,1,2,2,38.0,0.001531393568147,1.6974358974358974,-1,1
LOC0398,Patna Tehsil Office,3,19,2,25.705426,85.102929,1,36,12.0,1,0,1,1,0,0,0,0,0,83.3,2,0,1,1,0,1,1,1,1,33.0,4459,24.0,34.8,8.0,5,2.6,2.9,17.0,2,1,37.3,Poor,High,2,0,2,2,33.0,0.0011210762331838,1.0970588235294116,-1,1
LOC0399,Mumbai Green Park,6,15,9,18.974339,72.997402,1,29,6.0,1,0,1,1,0,0,1,0,0,86.9,0,1,1,1,1,0,0,1,1,22.0,1961,7.0,17.8,20.0,3,1.8,1.8,21.0,2,1,51.7,Poor,High,3,0,3,1,22.0,0.0015290519877675,2.247826086956522,-1,3
LOC0400,Chennai Railway Station,7,4,11,12.974357,80.28229,1,79,23.0,2,0,0,1,0,0,1,0,0,81.6,0,2,1,0,0,1,1,0,0,14.0,12125,48.0,61.8,15.0,7,2.0,2.4,8.0,1,0,15.8,Poor,High,2,0,3,1,0.0,0.0005772719775688,1.0533333333333337,-1,1
LOC0401,Pune Temple Complex,8,20,9,18.525178,73.758844,0,197,48.0,1,0,0,0,0,0,0,0,0,72.8,0,2,2,1,0,0,0,1,0,5.0,2065,11.0,34.2,24.0,15,1.4,1.6,19.0,1,1,5.2,Poor,High,0,0,5,1,0.0,0.0072604065827686,0.8666666666666667,-1,3
LOC0402,Visakhapatnam Municipal Office,3,25,0,17.551393,83.157252,1,70,29.0,1,0,0,1,1,0,0,0,0,86.6,0,1,1,1,1,0,0,0,2,11.0,3662,12.0,51.3,16.0,5,2.6,2.5,12.0,1,1,44.3,Poor,High,1,1,3,0,22.0,0.0013650013650013,3.6916666666666655,-1,1
LOC0403,Guwahati District Office,3,7,1,26.134599,91.785636,1,73,19.0,2,1,1,0,0,0,0,1,0,83.9,0,1,2,0,0,1,1,1,0,27.0,4003,14.0,35.0,18.0,5,2.9,3.1,8.0,0,0,53.7,Poor,High,2,1,3,2,0.0,0.0012487512487512,1.917857142857143,-1,1
LOC0404,Jaipur Botanical Garden,8,10,10,26.784352,75.878385,1,30,21.0,1,1,1,0,1,0,1,0,0,73.1,1,2,0,1,1,0,1,0,1,8.0,1770,10.0,22.5,20.0,2,1.8,2.0,4.0,0,1,77.0,Good,Low,3,1,3,1,8.0,0.0011293054771315,8.555555555555555,-1,1
LOC0405,Indore Bus Stand,1,9,8,22.600132,75.786356,1,8,8.0,1,1,0,0,0,0,0,0,0,93.5,0,0,0,1,0,0,1,0,0,6.0,2635,11.0,14.2,17.0,9,3.2,3.0,21.0,1,1,53.5,Poor,High,1,0,1,1,0.0,0.0034142640364188,7.642857142857143,-1,1
LOC0406,Thane General Hospital,4,22,9,19.306682,73.096648,0,33,6.0,4,1,1,1,0,1,0,0,1,99.9,1,1,0,1,0,0,0,1,1,32.0,4398,20.0,112.6,6.0,1,3.5,2.9,4.0,0,2,100.0,Excellent,Low,4,1,2,1,32.0,0.0002273243919072,3.0303030303030303,-1,0
LOC0407,Hyderabad Tehsil Office,3,8,12,17.53214,78.615637,1,79,21.0,2,0,0,1,1,0,0,0,0,87.6,1,0,1,0,0,0,1,1,2,13.0,2422,16.0,43.2,18.0,8,3.0,2.9,13.0,1,1,43.8,Poor,High,1,1,1,2,26.0,0.00330169211721,3.128571428571429,-1,1
LOC0408,Hyderabad Government College,2,8,12,17.296048,78.583151,0,6,6.0,2,1,0,1,0,0,0,1,1,87.9,1,1,1,1,0,1,1,1,0,15.0,2150,8.0,60.1,17.0,3,3.4,3.5,14.0,1,0,63.1,Average,Medium,3,1,3,2,0.0,0.00139470013947,3.94375,-1,0
LOC0409,Kochi General Hospital,4,12,7,9.972017,76.160637,0,18,9.0,2,1,1,1,1,0,1,1,0,91.3,1,0,0,0,1,1,0,1,2,38.0,2690,16.0,92.4,19.0,1,4.4,4.5,2.0,1,2,100.0,Excellent,Low,4,2,0,1,76.0,0.0003716090672612,2.5641025641025643,-1,2
LOC0410,Bhopal Green Park,6,2,8,23.158651,77.500951,1,28,13.0,1,0,0,0,0,0,1,0,0,79.2,0,2,1,0,0,1,0,1,1,12.0,1201,9.0,16.1,13.0,3,3.6,4.0,11.0,1,2,38.3,Poor,High,1,0,3,1,12.0,0.0024958402662229,2.946153846153846,-1,1
LOC0411,Hyderabad Lake View Point,8,8,12,17.253106,78.421218,1,52,21.0,1,1,0,1,1,0,0,0,0,91.3,2,0,2,0,0,0,0,1,0,20.0,2159,8.0,29.3,17.0,7,2.5,2.4,1.0,1,1,48.0,Poor,High,2,1,2,1,0.0,0.0032407407407407,2.2857142857142856,-1,1
LOC0412,Thane Green Park,6,22,9,19.199259,72.972493,1,24,4.0,1,0,1,0,0,1,0,0,1,81.8,2,1,1,0,0,0,0,1,2,15.0,1656,5.0,15.1,23.0,3,1.0,1.0,0.0,0,1,38.5,Poor,High,2,1,2,1,30.0,0.0018105009052504,2.40625,-1,1
LOC0413,Coimbatore Institute of Technology,2,5,11,11.006359,76.998078,0,26,20.0,2,1,0,0,1,1,0,1,0,82.9,0,0,2,1,0,1,0,1,0,20.0,1962,7.0,51.8,16.0,3,3.0,3.3,10.0,1,2,68.4,Average,Medium,1,3,3,1,0.0,0.0015282730514518,3.2571428571428576,-1,0
LOC0414,Bengaluru Bus Stand,1,1,6,13.083337,77.447962,1,11,4.0,1,1,0,1,0,0,0,1,0,98.0,2,2,0,0,0,0,1,0,2,5.0,2863,21.0,22.7,19.0,2,2.6,2.8,4.0,1,2,57.3,Average,Medium,2,1,2,1,10.0,0.0006983240223463,9.55,-1,1
LOC0415,Delhi City Hospital,4,6,4,28.602697,76.969908,1,28,16.0,4,0,0,1,1,1,1,1,0,91.8,2,1,2,1,0,0,0,1,2,26.0,2455,12.0,110.1,7.0,1,3.4,3.5,0.0,1,2,76.3,Good,Medium,2,3,4,1,52.0,0.0004071661237785,2.825925925925926,-1,2
LOC0416,Lucknow Temple Complex,8,14,13,26.93805,80.918464,1,8,8.0,1,1,0,0,1,0,0,0,1,82.5,0,0,2,1,1,0,1,1,1,18.0,1382,3.0,18.2,15.0,2,2.3,2.2,8.0,1,1,68.1,Average,Medium,2,1,3,2,18.0,0.0014461315979754,3.5842105263157893,-1,1
LOC0417,Mumbai Collectorate Office,3,15,9,18.94568,72.921574,1,32,17.0,1,0,0,0,0,0,0,0,0,74.5,2,1,2,1,1,0,0,1,0,16.0,2423,10.0,41.5,13.0,2,3.1,3.2,9.0,1,1,36.0,Poor,High,0,0,4,1,0.0,0.0008250825082508,2.117647058823529,-1,1
LOC0418,Delhi Multispeciality Hospital,4,6,4,28.781719,76.977455,1,28,11.0,4,1,1,1,1,0,0,0,0,107.0,2,1,1,1,1,1,1,1,2,22.0,1901,12.0,85.7,9.0,2,2.2,2.4,7.0,0,1,69.6,Average,Medium,3,1,3,2,44.0,0.0010515247108307,3.026086956521739,-1,0
LOC0419,Kolkata Airport Terminal,0,13,14,22.584342,88.256054,0,21,18.0,3,1,1,1,0,0,1,0,1,92.5,0,0,1,1,1,1,1,1,0,36.0,6206,27.0,237.1,2.0,1,4.0,4.3,23.0,1,2,84.1,Good,Medium,5,0,2,2,0.0,0.0001611084259706,2.2729729729729726,-1,2
LOC0420,Nashik Railway Station,7,18,9,19.940728,73.684895,1,48,21.0,2,0,0,0,1,0,0,0,0,67.8,0,0,2,0,1,0,0,1,2,44.0,15335,59.0,102.8,12.0,6,2.4,2.6,17.0,1,1,40.2,Poor,High,0,1,2,1,88.0,0.0003912363067292,0.8933333333333334,-1,1
LOC0421,Coimbatore International Airport,0,5,11,11.105709,77.086486,1,20,8.0,5,1,1,1,1,1,1,0,1,96.4,2,0,0,1,1,1,0,1,1,18.0,6832,33.0,124.5,15.0,2,3.7,3.3,5.0,1,1,99.7,Excellent,Low,5,2,1,1,18.0,0.0002926972047416,5.247368421052632,-1,2
LOC0422,Patna International Airport,0,19,2,25.479365,85.258921,1,17,16.0,5,1,1,1,1,0,1,0,0,96.6,1,0,0,1,0,0,1,1,2,16.0,7711,40.0,135.6,9.0,3,2.6,2.4,8.0,1,2,100.0,Excellent,Low,4,1,1,2,32.0,0.0003890041493775,5.882352941176471,-1,2
LOC0423,Kolkata Museum,8,13,14,22.568269,88.341815,1,67,12.0,1,0,0,0,0,0,1,0,0,86.3,1,2,0,0,0,0,1,1,1,18.0,379,2.0,16.5,24.0,7,1.8,1.6,2.0,1,0,37.9,Poor,High,1,0,2,2,18.0,0.0184210526315789,1.9947368421052631,-1,3
LOC0424,Visakhapatnam Museum,8,25,0,17.658883,83.095444,1,87,15.0,1,0,0,0,0,0,0,0,0,75.9,2,2,1,0,0,1,0,1,1,3.0,1835,2.0,27.1,28.0,11,2.7,2.9,8.0,1,0,0.0,Poor,High,0,0,3,1,3.0,0.0059912854030501,0.0,-1,3
LOC0425,Chennai Green Park,6,4,11,13.038207,80.127784,1,18,18.0,1,1,0,0,0,0,0,0,0,81.3,0,0,1,1,0,0,1,1,1,19.0,1445,5.0,15.4,19.0,4,2.1,2.1,6.0,1,0,37.7,Poor,High,1,0,2,2,19.0,0.0027662517289073,1.885,-1,1
LOC0426,Coimbatore Degree College,2,5,11,10.953726,76.932478,1,31,9.0,2,0,0,1,0,1,0,0,1,85.7,0,2,1,1,0,0,0,0,0,29.0,704,2.0,37.7,3.0,4,3.3,3.4,11.0,1,0,28.8,Poor,High,2,1,4,0,0.0,0.0056737588652482,0.96,-1,1
LOC0427,Pune Bus Stand,1,20,9,18.377404,73.777285,1,38,12.0,1,0,0,0,1,0,0,0,0,71.0,1,1,2,0,0,0,1,1,1,7.0,2194,12.0,13.3,17.0,6,1.7,1.6,10.0,1,1,51.8,Poor,High,0,1,3,2,7.0,0.0027334851936218,6.475,-1,1
LOC0428,Kanpur Tehsil Office,3,11,13,26.404119,80.422292,1,67,22.0,3,0,1,1,0,1,0,0,0,93.5,0,0,1,1,1,0,1,1,1,25.0,4111,24.0,33.6,22.0,4,2.6,2.5,15.0,1,0,52.0,Poor,High,2,1,2,2,25.0,0.0009727626459143,2.0,-1,1
LOC0429,Thane Public Garden,6,22,9,19.334898,73.059143,1,35,21.0,1,0,1,1,0,0,1,0,0,87.1,2,0,1,1,1,0,1,1,1,11.0,2675,11.0,21.3,23.0,5,2.8,2.6,16.0,1,1,49.4,Poor,High,3,0,2,2,11.0,0.0018684603886397,4.116666666666666,-1,3
LOC0430,Delhi Botanical Garden,8,6,4,28.699964,77.051553,1,179,30.0,1,0,0,0,0,0,0,0,1,63.9,2,2,1,0,0,0,1,1,1,10.0,1883,2.0,24.5,24.0,10,1.9,2.4,18.0,1,0,0.0,Poor,High,1,0,3,2,10.0,0.0053078556263269,0.0,-1,3
LOC0431,Udaipur Tehsil Office,3,24,10,24.438074,73.792963,1,38,25.0,1,0,1,0,0,1,0,0,1,78.5,0,0,1,1,0,0,1,0,2,35.0,3291,22.0,44.3,13.0,5,4.0,4.1,19.0,0,2,53.3,Poor,High,2,1,2,1,70.0,0.0015188335358444,1.4805555555555554,-1,1
LOC0432,Kolkata Lake View Point,8,13,14,22.642014,88.245468,1,103,35.0,1,0,0,1,0,1,0,1,0,94.9,0,1,0,1,0,0,0,0,2,24.0,2572,10.0,32.7,14.0,2,1.5,2.0,2.0,1,1,59.5,Average,Low,1,2,2,0,48.0,0.0007773027594247,2.38,-1,3
LOC0433,Patna Central Station,7,19,2,25.645939,85.152249,1,86,18.0,3,1,0,1,0,0,0,0,1,98.9,0,0,2,1,0,1,1,0,2,21.0,4468,13.0,49.0,17.0,9,2.4,2.5,16.0,1,0,45.3,Poor,High,3,0,3,1,42.0,0.0020138733497426,2.059090909090909,-1,1
LOC0434,Nashik Grand Mall,5,18,9,19.889938,73.837574,0,14,14.0,3,0,1,0,0,0,1,0,1,79.1,0,1,0,1,0,1,1,1,2,39.0,10540,39.0,129.0,10.0,2,3.9,4.2,8.0,0,2,81.6,Good,Low,3,0,2,2,78.0,0.0001897353192296,2.04,-1,2
LOC0435,Ahmedabad Bus Stand,1,0,5,23.164923,72.571536,1,30,19.0,1,0,0,1,0,1,1,0,0,88.7,1,1,0,0,0,0,1,0,0,14.0,2327,9.0,14.3,14.0,5,2.8,2.7,0.0,1,0,62.1,Average,Medium,2,1,1,1,0.0,0.002147766323024,4.14,-1,1
LOC0436,Bhopal Junction,7,2,8,23.298799,77.417809,1,42,23.0,3,0,1,0,1,0,0,0,0,77.2,2,0,1,0,0,0,1,1,1,11.0,8379,32.0,89.4,14.0,2,1.6,1.8,12.0,2,0,28.5,Poor,High,1,1,1,2,11.0,0.0002386634844868,2.375,-1,1
LOC0437,Ahmedabad Medical Center,4,0,5,22.920199,72.421459,0,54,26.0,6,1,1,1,0,1,1,0,1,88.8,0,0,2,1,0,1,1,1,0,33.0,1827,13.0,66.7,23.0,7,3.9,4.5,7.0,1,0,70.2,Average,Medium,5,1,3,2,0.0,0.0038293216630196,2.0647058823529414,-1,0
LOC0438,Visakhapatnam Bus Depot,1,25,0,17.608077,83.312031,1,20,10.0,1,1,0,0,0,0,1,0,0,90.4,2,2,0,1,1,0,1,1,0,12.0,1686,10.0,10.5,21.0,7,3.0,2.8,0.0,1,0,43.5,Poor,High,2,0,3,2,0.0,0.0041493775933609,3.3461538461538463,-1,1
LOC0439,Visakhapatnam Municipal Office,3,25,0,17.818743,83.238092,1,32,10.0,3,1,1,1,0,1,0,0,0,96.8,2,0,1,1,0,0,0,1,1,9.0,858,2.0,31.5,14.0,2,1.4,1.8,23.0,2,1,48.7,Poor,High,3,1,2,1,9.0,0.0023282887077997,4.87,-1,1
LOC0440,Coimbatore Government College,2,5,11,11.144492,76.899709,1,70,26.0,2,1,0,1,0,0,0,0,0,93.2,0,0,2,1,0,0,1,1,2,29.0,2883,11.0,50.1,17.0,3,2.8,2.8,14.0,1,1,56.1,Average,Medium,2,0,3,2,58.0,0.0010402219140083,1.87,-1,1
LOC0441,Nagpur Central Park,6,17,9,21.193087,79.011736,1,45,22.0,1,1,0,1,1,0,0,0,0,95.2,2,1,0,1,1,1,1,1,2,3.0,1736,3.0,16.4,21.0,5,2.5,2.5,8.0,1,0,63.6,Average,Medium,2,1,2,2,6.0,0.0028785261945883,15.9,-1,0
LOC0442,Bhopal Central Park,6,2,8,23.315059,77.482343,1,3,3.0,1,0,0,0,1,0,0,1,0,80.8,2,1,0,0,0,0,1,1,1,24.0,1777,3.0,22.0,18.0,2,2.4,2.0,4.0,1,0,52.0,Poor,Medium,0,2,1,2,24.0,0.0011248593925759,2.08,-1,1
LOC0443,Mumbai Shopping Mall,5,15,9,18.994573,72.795483,0,5,5.0,3,1,1,1,0,0,0,1,0,97.5,0,1,2,1,1,0,1,1,2,10.0,19679,76.0,205.7,2.0,2,3.3,3.1,21.0,1,2,92.4,Excellent,Low,3,1,4,2,20.0,0.0001016260162601,8.4,-1,2
LOC0444,Guwahati Institute of Technology,2,7,1,26.121733,91.644048,1,14,10.0,2,1,0,0,1,1,0,1,0,76.4,1,1,0,1,1,1,0,1,0,14.0,1229,12.0,35.7,19.0,5,3.0,2.9,22.0,1,0,76.6,Good,Medium,1,3,2,1,0.0,0.0040650406504065,5.1066666666666665,-1,1
LOC0445,Patna District Office,3,19,2,25.444311,85.264566,1,38,16.0,1,0,1,1,0,0,1,0,1,86.3,0,0,1,1,0,0,1,1,1,38.0,2851,17.0,27.1,16.0,3,2.9,2.8,14.0,1,1,60.4,Average,Medium,4,0,2,2,38.0,0.0010518934081346,1.5487179487179488,-1,1
LOC0446,Thiruvananthapuram Degree College,2,23,7,8.490533,76.858809,0,34,18.0,3,1,1,1,0,0,0,0,1,99.5,2,1,0,1,1,0,0,1,1,15.0,2775,10.0,74.0,12.0,4,3.2,2.8,9.0,0,1,78.7,Good,Medium,4,0,2,1,15.0,0.0014409221902017,4.91875,-1,0
LOC0447,Kolkata College of Engineering,2,13,14,22.558904,88.441297,1,14,4.0,3,0,0,1,0,0,0,0,1,96.4,0,1,0,1,0,0,0,1,0,14.0,3923,23.0,54.1,6.0,4,3.8,3.5,3.0,1,2,70.1,Average,Medium,2,0,2,1,0.0,0.001019367991845,4.673333333333333,-1,1
LOC0448,Mumbai District Office,3,15,9,19.000208,72.736072,1,51,12.0,1,0,1,1,0,0,0,0,0,95.0,2,0,1,1,0,0,0,1,0,28.0,2559,7.0,31.3,12.0,2,3.0,3.1,7.0,0,0,34.5,Poor,High,2,0,2,1,0.0,0.00078125,1.1896551724137931,-1,1
LOC0449,Thiruvananthapuram Junction,7,23,7,8.492295,77.019881,1,24,11.0,3,0,0,0,0,0,0,0,0,72.7,0,2,1,1,1,0,1,0,0,44.0,4244,18.0,81.9,10.0,1,1.4,1.4,0.0,1,2,26.2,Poor,High,0,0,4,1,0.0,0.0002355712603062,0.5822222222222222,-1,1
LOC0450,Thane Plaza Mall,5,22,9,19.100163,73.080811,0,13,11.0,5,1,1,1,0,1,1,0,1,97.6,0,0,2,1,1,1,0,0,0,15.0,16054,61.0,163.4,9.0,3,3.8,3.8,14.0,0,2,88.9,Good,Medium,5,1,3,0,0.0,0.0001868576767362,5.55625,-1,2
LOC0451,Coimbatore Degree College,2,5,11,10.874264,77.042049,0,50,25.0,2,0,0,0,1,0,0,0,0,72.2,2,1,0,1,1,0,0,0,2,36.0,2461,16.0,54.8,14.0,1,2.1,2.3,22.0,1,0,38.6,Poor,Medium,0,1,2,0,72.0,0.0004061738424045,1.0432432432432432,-1,0
LOC0452,Guwahati Collectorate Office,3,7,1,26.065947,91.674753,1,76,21.0,3,1,0,1,1,0,1,0,0,90.5,2,0,1,1,1,1,0,1,1,22.0,3050,12.0,49.2,18.0,3,1.7,1.6,13.0,1,0,47.2,Poor,High,3,1,2,1,22.0,0.0009832841691248,2.0521739130434784,-1,1
LOC0453,Patna Bus Stand,1,19,2,25.60246,85.136618,1,12,6.0,1,1,1,0,1,0,1,0,0,78.5,0,2,2,0,0,0,1,1,1,4.0,371,2.0,9.0,16.0,4,2.9,3.2,10.0,2,0,55.5,Average,Medium,3,1,4,2,4.0,0.010752688172043,11.1,-1,1
LOC0454,Chandigarh Multispeciality Hospital,4,3,3,30.672034,76.818857,0,20,20.0,3,1,1,1,0,0,1,1,0,93.2,1,0,0,1,1,1,1,1,2,10.0,1244,4.0,108.1,7.0,2,4.5,4.6,22.0,1,0,100.0,Excellent,Low,4,1,1,2,20.0,0.0016064257028112,9.090909090909092,-1,0
LOC0455,Nashik City Centre Mall,5,18,9,19.985488,73.88573,1,21,13.0,6,1,1,1,0,1,0,0,0,90.9,1,0,0,1,0,0,1,1,0,26.0,17609,76.0,148.4,6.0,2,3.3,2.9,17.0,2,2,88.0,Good,Low,3,1,1,2,0.0,0.0001135718341851,3.259259259259259,-1,2
LOC0456,Thane Green Park,6,22,9,19.319555,72.918445,1,6,6.0,1,0,1,0,0,0,1,1,0,85.6,0,2,0,0,0,0,0,0,0,13.0,732,3.0,18.5,20.0,10,2.5,2.5,23.0,0,1,43.5,Poor,High,2,1,2,0,0.0,0.0136425648021828,3.107142857142857,-1,1
LOC0457,Chandigarh Airport Terminal,0,3,3,30.668326,76.714174,1,20,4.0,2,1,1,1,0,0,1,1,0,85.6,1,2,2,1,0,1,1,1,2,10.0,7283,35.0,164.1,6.0,4,3.7,3.5,23.0,1,1,81.2,Good,Medium,4,1,5,2,20.0,0.00054914881933,7.381818181818182,-1,2
LOC0458,Hyderabad Bus Depot,1,8,12,17.432127,78.631061,1,17,17.0,1,1,0,0,0,0,0,0,0,84.6,0,1,0,1,0,1,1,1,1,18.0,2791,6.0,19.2,21.0,4,2.2,2.1,21.0,1,0,55.1,Average,Medium,1,0,2,2,18.0,0.0014326647564469,2.9,-1,1
LOC0459,Delhi City Park,6,6,4,28.830228,77.001301,1,28,11.0,1,0,1,1,0,1,0,0,1,90.1,1,0,2,1,1,0,1,0,2,4.0,2406,8.0,16.5,16.0,3,2.7,2.7,8.0,2,0,67.1,Average,Medium,3,1,3,1,8.0,0.0012463647694225,13.419999999999998,-1,1
LOC0460,Nashik Shopping Mall,5,18,9,19.907147,73.651439,0,21,6.0,4,1,1,1,1,0,0,0,0,92.6,2,2,2,1,0,0,0,0,1,6.0,7881,36.0,129.4,6.0,1,3.5,3.5,10.0,0,2,69.4,Average,Medium,3,1,5,0,6.0,0.0001268713524486,9.914285714285716,-1,2
LOC0461,Kochi Municipal Office,3,12,7,9.886892,76.318254,1,49,22.0,1,0,0,1,0,1,0,1,0,82.5,2,2,0,0,0,0,1,0,0,38.0,4268,22.0,39.8,20.0,4,2.3,2.3,5.0,1,1,35.0,Poor,High,1,2,2,1,0.0,0.0009369875849144,0.8974358974358975,-1,1
LOC0462,Thane City Bus Stop,1,22,9,19.149179,73.058425,1,23,19.0,1,0,0,1,0,1,0,1,0,87.6,0,0,1,1,0,0,1,0,1,13.0,357,3.0,5.4,22.0,7,1.9,1.7,12.0,1,0,35.4,Poor,High,1,2,2,1,13.0,0.0195530726256983,2.5285714285714285,-1,3
LOC0463,Nashik Public Garden,6,18,9,19.898198,73.650202,1,16,13.0,1,0,0,0,0,1,1,0,1,76.9,1,2,0,1,0,0,0,1,1,2.0,2071,6.0,14.7,16.0,2,2.8,2.7,11.0,1,2,66.8,Average,Medium,2,1,3,1,2.0,0.0009652509652509,22.266666666666666,-1,0
LOC0464,Pune City Centre Mall,5,20,9,18.618862,73.714474,0,7,6.0,4,0,0,1,0,0,1,1,1,96.9,1,0,2,1,0,0,1,1,2,41.0,12209,50.0,167.2,15.0,1,3.6,3.1,16.0,1,1,76.7,Good,Low,3,1,3,2,82.0,8.19000819000819e-05,1.8261904761904764,-1,2
LOC0465,Chandigarh Airport Terminal,0,3,3,30.700021,76.833882,1,7,7.0,4,1,1,0,1,0,1,1,1,94.1,0,0,2,1,1,0,0,1,1,36.0,4904,20.0,204.8,14.0,2,4.1,4.2,8.0,0,2,98.3,Excellent,Low,4,2,3,1,36.0,0.000407747196738,2.6567567567567565,-1,2
LOC0466,Ahmedabad Health Centre,4,0,5,22.898952,72.702773,1,19,19.0,5,1,1,0,0,0,1,0,0,82.7,2,0,2,1,1,1,1,1,2,37.0,4403,24.0,81.6,10.0,2,2.7,2.7,10.0,1,1,67.3,Average,Medium,3,0,3,2,74.0,0.0004541326067211,1.7710526315789472,-1,0
LOC0467,Thane Central Station,7,22,9,19.115503,73.123714,1,56,13.0,2,0,1,1,0,0,0,0,1,84.9,1,2,1,1,1,0,1,1,2,14.0,9129,43.0,82.9,12.0,7,3.1,2.9,10.0,1,1,53.4,Poor,High,3,0,4,2,28.0,0.0007667031763417,3.56,-1,1
LOC0468,Pune Medical Center,4,20,9,18.472798,73.934551,0,59,19.0,4,1,0,1,0,0,0,0,1,90.9,1,0,2,1,1,1,1,1,0,22.0,1025,8.0,113.0,7.0,5,3.0,3.8,11.0,1,0,64.5,Average,Medium,3,0,3,2,0.0,0.0048732943469785,2.8043478260869565,-1,0
LOC0469,Chennai Railway Station,7,4,11,12.96707,80.361751,1,48,19.0,3,1,1,1,0,0,1,0,1,86.1,1,2,2,1,0,0,1,1,0,34.0,12808,45.0,88.8,21.0,7,2.9,2.9,17.0,2,0,54.1,Poor,High,5,0,5,2,0.0,0.0005464907486923,1.5457142857142858,-1,1
LOC0470,Nagpur College of Engineering,2,17,9,21.169882,78.990315,1,49,25.0,3,0,1,0,1,0,0,0,0,80.8,0,2,2,1,0,0,0,1,0,35.0,4156,15.0,46.6,14.0,4,1.8,1.6,6.0,0,1,41.3,Poor,High,1,1,5,1,0.0,0.0009622323791195,1.147222222222222,-1,1
LOC0471,Chandigarh Green Park,6,3,3,30.725931,76.783932,1,18,16.0,1,0,1,1,0,1,0,1,0,84.9,0,1,0,1,1,1,1,1,1,18.0,2200,6.0,18.9,16.0,3,2.7,2.4,3.0,2,1,78.7,Good,Low,2,2,2,2,18.0,0.0013630168105406,4.142105263157895,-1,1
LOC0472,Indore Plaza Mall,5,9,8,22.75355,75.721383,0,22,16.0,5,1,0,1,1,1,0,0,1,90.8,1,1,0,1,0,0,1,1,0,29.0,13226,53.0,167.2,12.0,1,3.7,3.9,12.0,1,2,98.7,Excellent,Low,3,2,2,2,0.0,7.560293339381567e-05,3.29,-1,2
LOC0473,Jaipur Lake View Point,8,10,10,26.849115,75.725253,1,90,15.0,1,1,0,0,0,0,0,0,0,76.8,2,2,2,0,0,0,0,1,1,23.0,2750,11.0,26.0,21.0,4,2.5,2.3,19.0,1,2,28.8,Poor,High,1,0,4,1,23.0,0.0014540167211922,1.2,-1,1
LOC0474,Indore Domestic Airport,0,9,8,22.584369,75.834195,1,29,10.0,4,1,0,1,0,1,0,0,0,95.2,2,0,2,1,1,0,0,1,1,15.0,4303,15.0,163.8,7.0,2,3.3,3.6,16.0,1,1,62.7,Average,Medium,2,1,3,1,15.0,0.0004646840148698,3.91875,-1,2
LOC0475,Pune Railway Station,7,20,9,18.542022,73.846851,1,47,13.0,1,0,0,0,1,0,0,0,0,76.5,2,0,2,0,1,0,1,1,1,15.0,13441,51.0,81.3,13.0,6,3.3,3.4,12.0,1,2,46.7,Poor,High,0,1,2,2,15.0,0.0004463621484898,2.91875,-1,1
LOC0476,Nagpur Lake View Point,8,17,9,21.071673,79.100374,1,26,5.0,1,0,1,1,0,0,1,0,1,85.3,1,0,2,0,0,0,1,0,0,13.0,2952,3.0,38.5,20.0,8,2.4,2.3,0.0,0,0,56.0,Average,High,4,0,2,1,0.0,0.0027091093802912,4.0,-1,1
LOC0477,Kanpur Museum,8,11,13,26.496508,80.233812,1,164,44.0,1,0,0,0,0,1,0,0,1,75.9,2,1,2,0,0,0,0,1,0,3.0,2040,10.0,21.0,27.0,14,1.8,1.8,7.0,1,0,14.6,Poor,High,1,1,3,1,0.0,0.0068593826555609,3.65,-1,3
LOC0478,Chandigarh Health Centre,4,3,3,30.636138,76.87177,0,49,22.0,2,1,1,0,1,1,1,0,1,82.8,0,1,2,1,0,0,0,0,0,16.0,988,10.0,77.9,8.0,4,2.2,2.6,15.0,1,1,76.5,Good,Medium,4,2,4,0,0.0,0.0040444893832153,4.5,-1,0
LOC0479,Jaipur District Office,3,10,10,26.849108,75.804922,1,48,10.0,1,1,1,0,0,0,1,1,0,85.9,1,1,2,0,0,0,1,1,2,26.0,2425,13.0,43.5,14.0,9,2.8,2.6,4.0,2,1,70.2,Average,Medium,3,1,3,2,52.0,0.003709810387469,2.6,-1,1
LOC0480,Patna City Hospital,4,19,2,25.478672,85.190617,0,9,9.0,4,1,1,1,1,1,1,1,0,92.4,0,0,0,0,0,1,0,0,2,5.0,772,3.0,89.0,14.0,1,5.0,5.0,20.0,0,2,100.0,Excellent,Low,4,3,0,0,10.0,0.001293661060802,16.666666666666668,-1,0
LOC0481,Delhi Bus Depot,1,6,4,28.814734,76.997111,1,10,2.0,1,0,1,0,0,0,1,1,0,80.6,2,0,2,1,1,0,1,1,0,4.0,2160,2.0,10.6,18.0,5,2.7,2.5,5.0,0,0,46.8,Poor,High,2,1,3,2,0.0,0.0023137436372049,9.36,-1,1
LOC0482,Chennai Tehsil Office,3,4,11,13.171013,80.349146,1,46,20.0,3,0,0,0,0,0,0,0,0,72.4,0,2,2,0,0,0,1,1,1,25.0,4370,19.0,52.4,12.0,4,2.2,2.3,9.0,1,1,28.1,Poor,High,0,0,4,2,25.0,0.0009151223976206,1.080769230769231,-1,1
LOC0483,Chennai Tehsil Office,3,4,11,13.158677,80.323913,1,32,13.0,1,0,0,0,0,1,0,0,0,80.9,0,2,0,0,0,0,0,1,0,9.0,4977,21.0,42.0,21.0,7,2.6,2.7,3.0,1,2,38.2,Poor,High,0,1,2,1,0.0,0.0014061872237846,3.82,-1,1
LOC0484,Thane Airport Terminal,0,22,9,19.225536,73.009877,0,19,19.0,4,1,0,1,1,0,1,1,1,85.9,0,2,2,1,0,1,1,1,2,10.0,12061,49.0,196.4,10.0,2,3.8,3.5,22.0,1,1,76.8,Good,Medium,4,2,5,2,20.0,0.0001658099817609,6.9818181818181815,-1,2
LOC0485,Chandigarh Grand Mall,5,3,3,30.690178,76.876355,0,8,8.0,7,0,1,1,0,0,1,1,1,87.7,1,1,2,1,0,0,0,0,1,22.0,7720,32.0,124.0,11.0,2,2.9,3.1,2.0,1,1,87.4,Good,Low,4,1,4,0,22.0,0.0002590338039114,3.8,-1,2
LOC0486,Mysuru Degree College,2,16,6,12.189061,76.659283,1,24,5.0,1,0,1,1,1,1,1,0,1,83.4,1,0,1,1,1,0,0,1,0,7.0,4629,23.0,50.3,18.0,3,3.1,2.9,4.0,1,0,72.9,Average,Medium,4,2,2,1,0.0,0.0006479481641468,9.1125,-1,1
LOC0487,Delhi City Hospital,4,6,4,28.835715,77.243934,1,26,6.0,7,0,1,1,0,0,1,0,0,93.7,0,2,2,1,1,0,0,1,0,9.0,3706,25.0,39.3,13.0,3,3.0,3.0,3.0,1,1,61.4,Average,Medium,3,0,5,1,0.0,0.0008092797410304,6.14,-1,2
LOC0488,Nagpur Degree College,2,17,9,21.210105,79.179111,1,57,26.0,2,1,0,1,1,0,1,0,0,93.5,0,0,1,1,0,1,0,1,0,7.0,3172,11.0,57.7,13.0,11,3.2,3.6,8.0,1,0,48.5,Poor,High,3,1,2,1,0.0,0.003466750709108,6.0625,-1,1
LOC0489,Coimbatore City Park,6,5,11,11.131574,76.897687,1,47,8.0,1,1,0,0,1,0,1,0,0,89.3,1,0,2,1,0,0,1,1,0,23.0,2786,11.0,25.0,12.0,7,2.2,2.0,0.0,1,2,68.0,Average,Medium,2,1,3,2,0.0,0.0025116612845353,2.833333333333333,-1,1
LOC0490,Thane Government College,2,22,9,19.143428,72.982371,0,25,21.0,3,0,0,1,1,0,1,0,0,85.7,2,0,0,1,1,1,0,1,2,27.0,907,8.0,45.0,12.0,3,3.9,4.2,4.0,1,2,69.7,Average,Medium,2,1,1,1,54.0,0.0033039647577092,2.4892857142857143,-1,0
LOC0491,Thiruvananthapuram Central Station,7,23,7,8.417033,77.064613,1,46,23.0,2,0,0,0,1,0,0,0,0,81.8,1,0,1,0,0,0,1,0,2,7.0,11941,41.0,99.6,14.0,2,2.7,2.7,20.0,1,1,43.8,Poor,High,0,1,1,1,14.0,0.0001674761346508,5.475,-1,1
LOC0492,Bhopal Junction,7,2,8,23.293875,77.389373,1,36,9.0,1,1,0,1,0,0,0,0,0,83.6,2,1,0,0,0,1,1,0,0,43.0,15484,63.0,107.8,14.0,5,2.7,3.1,5.0,1,0,46.0,Poor,High,2,0,1,1,0.0,0.0003228931223764,1.0454545454545454,-1,1
LOC0493,Coimbatore Central Station,7,5,11,10.95325,76.90022,1,74,21.0,1,1,0,0,0,0,0,0,0,80.8,2,1,2,1,0,1,1,1,0,8.0,8531,30.0,78.6,22.0,6,3.6,3.7,11.0,1,0,34.9,Poor,High,1,0,4,2,0.0,0.00070323488045,3.8777777777777778,-1,1
LOC0494,Pune Tehsil Office,3,20,9,18.539494,73.845278,1,30,22.0,1,1,0,0,0,0,0,0,0,77.7,0,1,1,0,0,0,0,1,1,16.0,4211,15.0,44.8,17.0,4,2.3,2.5,22.0,1,0,35.6,Poor,High,1,0,2,1,16.0,0.0009496676163342,2.094117647058824,-1,1
LOC0495,Udaipur Plaza Mall,5,24,10,24.730082,73.748613,1,16,3.0,3,0,0,1,0,1,1,0,1,87.6,0,1,0,1,1,1,0,1,0,21.0,17304,69.0,133.6,15.0,5,3.7,3.5,15.0,1,2,75.2,Good,Medium,3,1,2,1,0.0,0.0002889338341519,3.4181818181818184,-1,2
LOC0496,Guwahati General Hospital,4,7,1,26.250011,91.815738,0,22,12.0,3,1,1,1,1,1,0,1,1,89.3,1,1,0,1,1,1,0,1,1,7.0,2762,12.0,81.9,13.0,3,3.2,3.3,16.0,0,2,100.0,Excellent,Low,4,3,2,1,7.0,0.001085776330076,12.5,-1,0
LOC0497,Pune Institute of Technology,2,20,9,18.553818,73.759793,0,70,21.0,3,0,0,0,0,0,0,1,1,81.9,2,0,1,0,0,0,0,1,1,38.0,1026,5.0,60.5,15.0,6,2.3,2.5,8.0,1,1,24.9,Poor,High,1,1,1,1,38.0,0.0058422590068159,0.6384615384615384,-1,0
LOC0498,Guwahati Bus Stand,1,7,1,26.003338,91.697893,1,20,14.0,1,0,0,1,0,1,0,0,0,86.3,0,0,2,1,0,0,1,1,0,24.0,2765,10.0,14.8,18.0,11,2.3,2.6,11.0,1,2,45.0,Poor,High,1,1,3,2,0.0,0.0039768618944323,1.8,-1,1
LOC0499,Bhopal Medical Center,4,2,8,23.175706,77.456418,1,24,11.0,7,0,1,1,0,0,1,0,1,80.0,1,1,2,0,0,0,0,0,1,29.0,1471,17.0,85.7,11.0,3,2.4,2.6,11.0,2,2,73.3,Average,Medium,4,0,3,0,29.0,0.0020380434782608,2.4433333333333334,-1,0
LOC0500,Pune College of Engineering,2,20,9,18.65532,73.985746,1,13,3.0,1,1,1,0,1,0,1,0,1,90.5,2,1,1,1,0,1,1,0,0,14.0,2587,17.0,45.9,22.0,5,3.8,3.7,9.0,2,1,62.6,Average,High,4,1,3,1,0.0,0.0019319938176197,4.173333333333334,-1,1
LOC0501,Kolkata Central Station,7,13,14,22.682455,88.270543,1,64,27.0,3,1,0,1,0,0,1,0,0,89.5,2,0,2,1,0,0,1,1,2,25.0,6726,30.0,79.5,10.0,5,1.3,1.4,6.0,1,0,39.7,Poor,High,3,0,3,2,50.0,0.0007432733759476,1.526923076923077,-1,1
LOC0502,Chandigarh Public Garden,6,3,3,30.861072,76.718717,1,28,15.0,1,1,1,0,0,0,0,0,1,75.4,2,0,0,1,0,0,0,1,2,14.0,726,2.0,19.1,23.0,5,3.6,3.6,20.0,0,2,62.3,Average,Medium,3,0,1,1,28.0,0.0068775790921595,4.153333333333333,-1,3
LOC0503,Delhi Central Park,6,6,4,28.819172,76.99798,1,5,5.0,1,0,1,0,0,0,0,0,0,79.9,0,0,2,0,1,1,1,0,1,15.0,733,4.0,20.6,8.0,1,2.3,2.4,18.0,0,0,50.7,Poor,Medium,1,0,2,1,15.0,0.0013623978201634,3.16875,-1,1
LOC0504,Thiruvananthapuram International Airport,0,23,7,8.673977,76.887949,1,1,1.0,4,1,1,1,0,1,0,0,1,90.1,2,0,0,1,0,1,1,1,0,18.0,4760,24.0,228.6,5.0,2,3.2,3.0,5.0,0,1,79.9,Good,Medium,4,1,1,2,0.0,0.0004200798151648,4.205263157894737,-1,2
LOC0505,Chennai City Centre Mall,5,4,11,12.942537,80.286149,0,20,17.0,6,1,1,1,0,0,0,1,1,90.8,1,1,0,0,0,0,1,0,0,7.0,10772,45.0,132.6,13.0,1,3.1,3.3,9.0,1,1,94.9,Excellent,Low,4,1,1,1,0.0,9.2824654228163e-05,11.8625,-1,2
LOC0506,Pune Botanical Garden,8,20,9,18.541847,73.722435,1,23,9.0,1,0,0,1,0,0,1,0,0,89.0,1,0,1,1,0,0,1,1,1,7.0,764,2.0,18.8,12.0,5,2.6,2.6,19.0,1,0,46.1,Poor,High,2,0,2,2,7.0,0.0065359477124183,5.7625,-1,3
LOC0507,Chennai Lake View Point,8,4,11,12.982036,80.226496,1,121,20.0,1,1,0,0,0,1,0,0,0,85.9,2,2,2,1,0,0,1,0,0,9.0,2017,4.0,30.9,20.0,10,1.9,1.7,16.0,1,0,13.8,Poor,High,1,1,5,1,0.0,0.0049554013875123,1.38,-1,3
LOC0508,Bhopal Lake View Point,8,2,8,23.181106,77.450781,1,133,34.0,1,0,1,0,0,0,0,0,0,73.5,2,2,2,1,1,1,1,0,1,19.0,1123,2.0,21.0,21.0,5,2.1,2.4,9.0,2,2,27.8,Poor,High,1,0,5,1,19.0,0.0044483985765124,1.39,-1,3
LOC0509,Nagpur Public Garden,6,17,9,21.018951,79.090205,1,35,5.0,1,0,0,0,0,0,0,0,1,73.0,0,0,2,1,0,0,0,1,1,12.0,1336,7.0,16.2,20.0,4,2.5,2.8,0.0,1,1,41.6,Poor,High,1,0,3,1,12.0,0.0029917726252804,3.2,-1,3
LOC0510,Udaipur Temple Complex,8,24,10,24.553359,73.735764,1,99,28.0,1,0,1,0,0,0,0,0,1,73.3,2,0,2,0,0,0,0,0,1,9.0,2534,10.0,29.2,16.0,5,1.1,1.1,14.0,1,2,34.8,Poor,High,2,0,2,0,9.0,0.0019723865877712,3.4799999999999995,-1,3
LOC0511,Mysuru City Park,6,16,6,12.395912,76.590151,1,50,20.0,1,0,0,1,0,0,0,1,0,92.0,1,1,1,1,0,1,0,1,2,9.0,348,2.0,20.4,15.0,6,2.4,2.5,23.0,1,0,46.2,Poor,High,1,1,3,1,18.0,0.0171919770773638,4.62,-1,3
LOC0512,Thane Airport Terminal,0,22,9,19.105463,72.992142,1,6,6.0,6,1,1,1,1,0,0,0,1,99.5,1,0,1,1,0,1,0,0,0,37.0,7624,37.0,190.8,9.0,0,5.0,4.8,9.0,0,2,91.3,Excellent,Medium,4,1,2,0,0.0,0.0,2.402631578947368,-1,2
LOC0513,Chennai City Centre Mall,5,4,11,13.185585,80.165895,1,12,2.0,5,1,0,0,1,0,1,1,1,88.5,1,1,2,1,0,0,0,0,0,27.0,4992,14.0,94.8,13.0,4,3.5,3.5,1.0,1,2,85.1,Good,Medium,3,2,4,0,0.0,0.0008011215701982,3.039285714285714,-1,0
LOC0514,Kolkata District Office,3,13,14,22.458125,88.359116,1,66,30.0,1,0,0,1,1,1,0,1,1,77.6,0,0,1,1,0,0,1,1,2,23.0,2480,11.0,36.8,17.0,10,2.9,3.0,13.0,1,2,52.3,Poor,High,2,3,2,2,46.0,0.004030632809351,2.1791666666666667,-1,1
LOC0515,Chandigarh Municipal Office,3,3,3,30.715173,76.641993,1,13,12.0,3,1,0,1,0,0,0,0,1,90.5,2,1,2,1,0,0,0,0,2,18.0,3951,20.0,32.1,18.0,2,2.4,2.3,18.0,1,0,50.0,Poor,High,3,0,4,0,36.0,0.0005060728744939,2.631578947368421,-1,1
LOC0516,Pune Tehsil Office,3,20,9,18.617078,73.840242,1,17,17.0,3,0,1,0,0,0,0,0,1,81.6,1,2,0,1,0,0,0,1,0,11.0,3030,4.0,37.9,16.0,5,3.2,3.0,23.0,1,1,57.7,Average,Medium,2,0,3,1,0.0,0.0016496205872649,4.808333333333334,-1,1
LOC0517,Lucknow College of Engineering,2,14,13,26.901328,81.045482,1,32,14.0,1,1,1,0,0,0,0,0,0,85.2,2,1,1,1,0,0,1,1,0,17.0,1714,2.0,49.9,15.0,5,3.5,3.2,5.0,1,2,53.6,Poor,High,2,0,3,2,0.0,0.0029154518950437,2.977777777777778,-1,1
LOC0518,Hyderabad Public Garden,6,8,12,17.326828,78.547889,1,22,14.0,1,1,1,1,0,1,1,0,1,90.7,1,0,2,1,0,1,1,1,0,13.0,954,6.0,14.1,22.0,9,4.1,4.1,5.0,0,2,91.6,Excellent,Medium,5,1,3,2,0.0,0.0094240837696335,6.542857142857143,-1,1
LOC0519,Udaipur Shopping Mall,5,24,10,24.444935,73.820016,0,15,5.0,3,0,1,1,1,1,1,1,0,87.8,2,0,1,1,1,0,1,1,2,17.0,11828,47.0,198.0,12.0,1,2.7,2.4,16.0,0,2,69.8,Average,Medium,3,3,2,2,34.0,8.453799983092401e-05,3.8777777777777778,-1,2
LOC0520,Mumbai Multispeciality Hospital,4,15,9,19.215381,72.787986,1,41,20.0,2,1,1,1,1,1,0,0,1,101.0,1,0,2,1,1,1,0,0,2,23.0,1966,14.0,88.7,10.0,1,2.2,2.0,22.0,0,2,94.8,Excellent,Low,4,2,3,0,46.0,0.0005083884087442,3.95,-1,1
LOC0521,Patna Airport Terminal,0,19,2,25.676584,85.14285,1,19,3.0,4,1,1,1,0,0,1,0,0,96.9,0,2,2,1,0,0,1,1,2,9.0,4327,24.0,126.6,11.0,1,3.9,4.4,23.0,0,1,71.1,Average,Medium,4,0,5,2,18.0,0.0002310536044362,7.109999999999999,-1,2
LOC0522,Jaipur Botanical Garden,8,10,10,26.944013,75.813822,1,42,10.0,1,1,0,1,1,0,0,0,0,96.2,2,0,1,1,0,1,0,1,2,9.0,2557,11.0,18.2,12.0,2,2.2,2.6,5.0,1,0,44.7,Poor,High,2,1,2,1,18.0,0.0007818608287724,4.470000000000001,-1,1
LOC0523,Pune Medical Center,4,20,9,18.403593,73.929694,0,40,9.0,4,1,0,1,0,1,0,0,1,102.8,0,1,2,1,0,0,0,1,0,12.0,3427,18.0,107.0,15.0,8,3.2,3.5,6.0,1,2,67.9,Average,High,3,1,4,1,0.0,0.0023337222870478,5.223076923076923,-1,0
LOC0524,Mumbai City Bus Stop,1,15,9,19.017736,72.828614,1,12,12.0,1,0,1,1,0,1,0,0,0,89.2,1,0,1,0,0,0,1,0,2,9.0,1732,14.0,14.4,9.0,4,2.3,2.5,13.0,2,2,56.8,Average,Medium,2,1,1,1,18.0,0.0023081361800346,5.68,-1,1
LOC0525,Patna Heritage Fort,8,19,2,25.728772,85.144373,1,86,15.0,1,1,0,0,0,0,0,0,0,78.0,1,1,0,0,0,0,1,0,0,3.0,2765,11.0,23.5,24.0,12,2.1,2.0,17.0,1,1,46.3,Poor,High,1,0,1,1,0.0,0.0043383947939262,11.575,-1,3
LOC0526,Mumbai College of Engineering,2,15,9,19.08112,72.994376,1,41,9.0,2,0,1,0,1,1,1,0,0,72.3,2,0,1,1,0,0,0,1,1,13.0,1619,11.0,27.4,11.0,4,1.8,2.0,14.0,2,1,40.3,Poor,High,2,2,2,1,13.0,0.0024691358024691,2.878571428571429,-1,1
LOC0527,Mysuru Central Park,6,16,6,12.169066,76.744533,0,49,15.0,1,1,0,0,0,0,1,0,1,79.0,2,0,1,0,0,1,1,0,1,19.0,634,6.0,17.5,12.0,2,3.6,3.7,17.0,1,2,48.4,Poor,High,3,0,1,1,19.0,0.0031496062992125,2.42,-1,0
LOC0528,Bengaluru Grand Mall,5,1,6,12.907754,77.725131,0,16,16.0,5,1,1,0,1,1,1,1,1,83.1,1,0,0,1,0,0,1,1,2,13.0,6056,25.0,142.9,11.0,0,3.5,3.9,21.0,0,1,100.0,Excellent,Low,4,3,1,2,26.0,0.0,7.142857142857143,-1,2
LOC0529,Mumbai Medical Center,4,15,9,19.180541,72.855721,1,50,15.0,3,1,0,1,0,1,1,1,1,85.4,0,0,1,1,0,0,0,1,0,21.0,569,2.0,86.3,15.0,8,2.7,2.6,14.0,1,2,57.4,Average,High,4,2,2,1,0.0,0.0140350877192982,2.609090909090909,-1,1
LOC0530,Visakhapatnam Central Station,7,25,0,17.658502,83.256644,1,82,31.0,1,0,0,0,0,1,0,0,0,76.0,2,1,1,0,1,0,1,0,2,11.0,9957,42.0,67.3,22.0,9,1.8,1.9,15.0,1,1,19.8,Poor,High,0,1,2,1,22.0,0.0009037959429604,1.65,-1,1
LOC0531,Lucknow City Park,6,14,13,26.939867,80.872213,0,26,10.0,1,1,0,0,0,1,1,1,0,81.0,2,1,1,0,1,0,1,1,0,12.0,507,2.0,19.9,16.0,3,3.1,3.0,10.0,1,2,55.7,Average,High,2,2,2,2,0.0,0.0059055118110236,4.2846153846153845,-1,0
LOC0532,Visakhapatnam Central Station,7,25,0,17.643869,83.329724,1,60,15.0,2,0,0,1,0,1,1,0,0,83.0,2,1,2,0,0,0,1,1,2,37.0,11254,49.0,51.3,18.0,4,2.6,2.9,15.0,1,1,45.2,Poor,High,2,1,3,2,74.0,0.0003553976010661,1.1894736842105265,-1,1
LOC0533,Nashik International Airport,0,18,9,19.963825,73.912786,1,3,3.0,5,1,1,1,0,0,1,0,1,97.3,1,1,2,1,1,1,0,0,0,8.0,17821,75.0,147.4,7.0,5,3.9,3.9,22.0,1,2,98.6,Excellent,Medium,5,0,4,0,0.0,0.0002805521265851,10.955555555555556,-1,2
LOC0534,Delhi Bus Stand,1,6,4,28.673594,76.992683,0,25,15.0,1,1,1,0,1,0,0,0,0,85.0,2,0,2,0,0,0,1,0,2,23.0,952,2.0,13.5,22.0,4,3.3,3.6,23.0,2,2,54.2,Poor,High,2,1,2,1,46.0,0.0041972717733473,2.2583333333333333,-1,0
LOC0535,Jaipur Railway Station,7,10,10,26.839854,75.675893,1,35,19.0,2,0,0,0,0,0,0,0,0,73.0,0,0,1,1,0,0,0,0,1,28.0,5647,21.0,68.1,5.0,5,2.4,2.2,5.0,1,0,23.6,Poor,High,0,0,2,0,28.0,0.000885269121813,0.8137931034482759,-1,1
LOC0536,Bengaluru Junction,7,1,6,12.973067,77.528416,1,34,5.0,2,0,0,0,1,0,1,0,0,81.5,0,2,1,0,0,0,1,1,2,38.0,9205,30.0,69.9,14.0,4,3.3,3.2,4.0,1,1,37.9,Poor,High,1,1,3,2,76.0,0.0004344992396263,0.9717948717948718,-1,1
LOC0537,Guwahati Lake View Point,8,7,1,26.137609,91.643153,0,42,10.0,1,1,0,0,0,0,0,0,0,75.3,0,0,1,0,0,0,1,1,1,8.0,2617,11.0,28.0,15.0,5,2.3,2.4,23.0,1,0,31.4,Poor,High,1,0,1,2,8.0,0.0019098548510313,3.488888888888889,-1,3
LOC0538,Visakhapatnam City Bus Stop,1,25,0,17.811585,83.079112,1,38,15.0,1,1,0,0,1,0,1,0,0,89.5,0,2,1,1,0,1,0,0,2,17.0,495,5.0,12.5,20.0,4,2.4,2.1,23.0,1,2,44.6,Poor,High,2,1,4,0,34.0,0.0080645161290322,2.477777777777778,-1,1
LOC0539,Visakhapatnam District Office,3,25,0,17.662063,83.359168,0,80,31.0,3,0,0,0,1,0,1,0,0,75.8,1,1,1,0,1,1,1,0,1,28.0,4786,22.0,54.1,15.0,1,3.0,3.1,7.0,1,2,63.7,Average,Medium,1,1,2,1,28.0,0.0002088991017338,2.1965517241379318,-1,0
LOC0540,Indore International Airport,0,9,8,22.625598,75.840161,1,7,7.0,5,1,1,1,0,1,1,1,1,105.2,2,0,2,1,0,1,0,1,0,27.0,9237,34.0,196.5,12.0,2,3.8,3.4,23.0,0,2,82.9,Good,Medium,5,2,3,1,0.0,0.0002164970772894,2.960714285714286,-1,2
LOC0541,Thane Institute of Technology,2,22,9,19.366581,72.943387,0,31,20.0,3,1,1,1,0,0,0,0,0,94.9,0,1,2,1,1,1,0,1,0,5.0,651,8.0,54.7,17.0,5,4.0,4.3,5.0,1,2,82.9,Good,Medium,3,0,4,1,0.0,0.0076687116564417,13.816666666666668,-1,0
LOC0542,Lucknow Medical Center,4,14,13,26.967178,80.842919,0,3,3.0,4,1,1,1,1,0,0,0,0,100.7,1,0,2,1,1,0,0,1,2,28.0,1584,11.0,105.5,10.0,1,3.9,4.1,10.0,1,2,100.0,Excellent,Low,3,1,3,1,56.0,0.0006309148264984,3.4482758620689653,-1,2
LOC0543,Kanpur Museum,8,11,13,26.457045,80.197639,1,126,22.0,1,0,0,0,0,0,0,0,0,74.4,2,2,0,1,0,0,1,1,0,19.0,1090,2.0,25.5,24.0,10,2.1,2.4,8.0,1,1,12.5,Poor,High,0,0,3,2,0.0,0.0091659028414298,0.625,-1,3
LOC0544,Thane Junction,7,22,9,19.153292,72.945117,1,26,16.0,2,0,0,1,0,1,0,0,1,83.8,0,0,0,1,1,0,1,0,1,23.0,10085,36.0,101.4,12.0,5,2.3,2.1,6.0,1,0,56.4,Average,Medium,2,1,1,1,23.0,0.0004957366646837,2.35,-1,1
LOC0545,Bengaluru Railway Station,7,1,6,12.961966,77.456699,1,86,14.0,3,1,0,0,0,0,0,0,1,72.6,0,0,2,1,0,0,1,0,0,20.0,14841,62.0,107.1,16.0,6,1.9,1.5,2.0,1,1,38.0,Poor,High,2,0,3,1,0.0,0.0004042581862282,1.809523809523809,-1,1
LOC0546,Nagpur Shopping Mall,5,17,9,21.029201,79.234441,1,18,14.0,4,1,1,1,0,1,0,0,1,101.8,1,2,0,1,0,1,1,1,2,42.0,4639,9.0,71.4,13.0,2,3.0,3.3,19.0,1,2,92.5,Excellent,Low,4,1,3,2,84.0,0.0004310344827586,2.1511627906976742,-1,0
LOC0547,Nagpur Green Park,6,17,9,21.208219,79.02835,1,28,20.0,1,1,0,1,0,1,0,0,0,92.1,1,2,1,0,1,1,0,1,1,10.0,723,5.0,10.5,16.0,6,2.7,2.8,1.0,1,0,52.2,Poor,High,2,1,3,1,10.0,0.0082872928176795,4.745454545454546,-1,1
LOC0548,Jaipur Heritage Fort,8,10,10,26.852184,75.77004,1,183,46.0,1,0,0,0,1,1,0,0,0,66.0,0,2,2,0,0,0,1,1,1,21.0,1090,8.0,21.5,21.0,6,1.0,1.0,11.0,1,1,28.4,Poor,High,0,2,4,2,21.0,0.0054995417048579,1.2909090909090908,-1,3
LOC0549,Bhopal Airport Terminal,0,2,8,23.263494,77.419339,0,18,8.0,5,1,1,1,0,1,1,1,1,87.1,0,1,1,1,0,0,1,1,2,22.0,11949,45.0,286.3,1.0,0,2.6,2.3,1.0,2,2,83.9,Good,Medium,5,2,3,2,44.0,0.0,3.6478260869565218,-1,2
LOC0550,Pune City Park,6,20,9,18.383263,73.823806,1,20,20.0,1,1,1,1,1,0,0,0,1,99.0,0,1,1,1,1,0,0,1,1,4.0,2933,7.0,23.2,17.0,4,2.0,2.1,13.0,1,1,79.0,Good,Medium,4,1,3,1,4.0,0.0013633265167007,15.8,-1,0
LOC0551,Surat Medical Center,4,21,5,21.076782,72.97145,0,18,7.0,7,1,0,1,0,0,0,0,1,93.7,2,0,2,1,1,0,1,1,0,17.0,2475,14.0,159.4,6.0,3,3.4,3.8,19.0,1,2,62.4,Average,Medium,3,0,3,2,0.0,0.0012116316639741,3.466666666666667,-1,0
LOC0552,Thane International Airport,0,22,9,19.0834,72.88662,0,22,18.0,6,0,1,1,1,1,1,0,1,97.0,0,0,0,1,0,0,1,0,0,39.0,12570,55.0,260.7,1.0,2,3.0,3.4,0.0,2,2,86.8,Good,Low,4,2,1,1,0.0,0.0001590963328295,2.17,-1,2
LOC0553,Delhi Public Garden,6,6,4,28.842152,77.223707,1,32,19.0,1,0,0,0,0,0,0,1,0,71.7,2,0,2,1,1,0,0,1,2,3.0,2376,6.0,24.9,10.0,5,2.0,2.0,1.0,1,1,35.0,Poor,High,0,1,3,1,6.0,0.0021034917963819,8.75,-1,1
LOC0554,Kanpur Government College,2,11,13,26.525326,80.327989,1,63,16.0,3,1,0,0,0,1,1,1,0,86.4,2,0,2,0,0,1,1,0,2,33.0,2173,5.0,41.3,20.0,2,2.8,3.0,7.0,1,2,56.1,Average,Medium,2,2,2,1,66.0,0.0009199632014719,1.65,-1,1
LOC0555,Ahmedabad Degree College,2,0,5,23.094889,72.482563,0,57,17.0,3,0,1,1,1,0,1,1,0,83.1,2,1,2,1,1,0,1,1,1,36.0,939,11.0,52.5,13.0,3,2.4,2.5,15.0,1,0,66.5,Average,Medium,3,2,4,2,36.0,0.0031914893617021,1.7972972972972974,-1,0
LOC0556,Thane Railway Station,7,22,9,19.143714,72.930797,1,16,16.0,3,1,0,0,0,1,0,0,0,79.9,2,0,0,0,1,0,1,1,2,5.0,18807,74.0,114.2,9.0,5,2.4,2.3,21.0,1,0,46.3,Poor,High,1,1,0,2,10.0,0.0002658443215652,7.716666666666666,-1,1
LOC0557,Bhopal Domestic Airport,0,2,8,23.246286,77.284636,1,29,8.0,6,0,0,0,0,1,1,0,1,80.9,1,0,2,0,0,0,1,1,2,23.0,15978,76.0,143.0,9.0,2,3.5,3.7,1.0,1,1,65.8,Average,Medium,2,1,2,2,46.0,0.000125164278115,2.7416666666666667,-1,2
LOC0558,Visakhapatnam Airport Terminal,0,25,0,17.768566,83.074666,1,28,19.0,5,1,1,1,1,1,0,1,1,96.3,1,0,2,1,0,0,1,1,0,15.0,10518,48.0,217.8,4.0,1,3.5,3.3,9.0,1,2,100.0,Excellent,Medium,4,3,3,2,0.0,9.50660709192889e-05,6.25,-1,2
LOC0559,Kanpur Tehsil Office,3,11,13,26.514587,80.437437,1,52,8.0,2,1,0,0,0,0,0,1,0,87.9,2,0,2,1,0,0,1,1,1,19.0,3004,13.0,33.1,17.0,3,2.7,3.0,3.0,1,0,42.0,Poor,High,1,1,3,2,19.0,0.0009983361064891,2.1,-1,1
LOC0560,Kanpur City Centre Mall,5,11,13,26.464777,80.341966,0,2,0.0,7,1,1,1,1,1,0,1,1,90.3,2,0,2,0,0,0,1,0,0,16.0,4739,26.0,135.5,2.0,2,3.3,3.6,15.0,1,2,86.1,Good,Medium,4,3,2,1,0.0,0.00042194092827,5.064705882352941,-1,2
LOC0561,Surat College of Engineering,2,21,5,21.210562,72.972048,1,55,25.0,3,1,0,1,1,1,0,1,0,98.3,1,0,1,1,0,1,0,1,0,12.0,2010,7.0,33.2,20.0,7,2.4,2.2,3.0,1,0,60.2,Average,High,2,3,2,1,0.0,0.0034808552958727,4.630769230769231,-1,1
LOC0562,Kochi Degree College,2,12,7,9.860425,76.321862,1,45,11.0,3,0,1,0,0,0,0,0,1,75.4,0,1,0,1,1,0,1,1,2,14.0,663,2.0,44.5,19.0,3,3.7,4.0,12.0,1,2,75.0,Good,Low,2,0,2,2,28.0,0.0045180722891566,5.0,-1,1
LOC0563,Guwahati Airport Terminal,0,7,1,26.192348,91.823936,0,23,12.0,7,1,1,1,0,1,1,0,1,96.4,1,0,0,1,1,1,0,0,0,6.0,18455,82.0,227.7,9.0,7,4.0,4.1,20.0,1,2,100.0,Excellent,Medium,5,1,1,0,0.0,0.0003792804508019,14.285714285714286,-1,2
LOC0564,Indore Heritage Fort,8,9,8,22.772391,75.942432,1,137,27.0,1,1,0,0,1,0,1,0,1,77.1,0,0,1,1,0,0,1,1,2,9.0,1021,5.0,27.5,11.0,7,3.0,2.7,20.0,1,0,43.8,Poor,High,3,1,2,2,18.0,0.0068493150684931,4.38,-1,3
LOC0565,Delhi Domestic Airport,0,6,4,28.702682,77.184222,0,2,2.0,4,1,1,1,0,1,1,1,0,90.0,0,2,2,1,1,1,1,1,2,15.0,3461,20.0,133.2,11.0,3,2.6,2.2,20.0,0,2,84.1,Good,Medium,4,2,5,2,30.0,0.0008665511265164,5.25625,-1,2
LOC0566,Udaipur Railway Station,7,24,10,24.453866,73.678758,1,19,5.0,2,1,1,0,0,1,1,1,0,86.3,2,1,1,1,0,1,1,0,2,19.0,16964,68.0,117.7,10.0,2,4.1,3.6,17.0,2,1,62.9,Average,Medium,3,2,3,1,38.0,0.0001178897730621,3.145,-1,1
LOC0567,Chennai City Bus Stop,1,4,11,13.115564,80.187404,1,26,23.0,1,0,0,0,0,0,0,0,0,76.2,0,0,2,1,1,0,0,1,0,15.0,978,2.0,11.3,19.0,7,2.0,2.1,18.0,1,0,28.0,Poor,High,0,0,3,1,0.0,0.0071501532175689,1.75,-1,1
LOC0568,Surat Central Station,7,21,5,21.279121,72.929895,1,34,24.0,3,0,0,1,0,0,1,1,0,76.3,0,0,2,0,0,0,1,1,0,44.0,10527,45.0,82.7,11.0,3,2.8,2.7,10.0,1,1,51.8,Poor,High,2,1,2,2,0.0,0.0002849544072948,1.151111111111111,-1,1
LOC0569,Nagpur Shopping Mall,5,17,9,21.254332,79.079745,0,10,10.0,5,1,1,1,1,0,1,1,1,94.1,1,0,0,0,0,0,1,1,0,33.0,16829,63.0,150.6,8.0,1,4.4,4.3,3.0,0,1,100.0,Excellent,Low,5,2,0,2,0.0,5.941770647653e-05,2.9411764705882355,-1,2
LOC0570,Bengaluru Airport Terminal,0,1,6,13.001932,77.673895,1,20,3.0,5,1,1,0,0,1,1,1,1,86.7,1,1,2,0,0,0,1,0,2,18.0,6555,33.0,123.5,9.0,1,3.8,3.9,14.0,2,2,90.9,Excellent,Low,4,2,3,1,36.0,0.0001525320317266,4.78421052631579,-1,2
LOC0571,Ahmedabad Institute of Technology,2,0,5,23.027557,72.65512,1,59,23.0,1,0,1,0,0,0,0,1,0,71.7,0,1,2,1,0,1,1,1,2,22.0,3132,12.0,60.2,22.0,4,2.2,2.0,2.0,0,1,53.0,Poor,High,1,1,4,2,44.0,0.0012767315671879,2.3043478260869565,-1,1
LOC0572,Jaipur Public Garden,6,10,10,26.770125,75.645562,1,43,24.0,1,0,0,0,0,0,0,0,0,81.6,0,2,2,1,0,1,1,0,1,4.0,2482,6.0,24.6,6.0,5,2.0,2.0,5.0,1,1,33.5,Poor,High,0,0,5,1,4.0,0.0020136931131695,6.7,-1,1
LOC0573,Indore Airport Terminal,0,9,8,22.607947,75.793229,1,6,6.0,7,1,1,1,1,1,1,1,1,108.4,2,0,2,1,0,0,1,1,2,37.0,14387,61.0,168.9,11.0,0,4.6,5.0,13.0,1,1,97.7,Excellent,Medium,5,3,3,2,74.0,0.0,2.5710526315789477,-1,2
LOC0574,Jaipur Degree College,2,10,10,26.866588,75.928479,0,17,15.0,3,1,1,0,1,0,1,0,0,80.6,0,0,0,1,0,1,0,0,2,35.0,4216,16.0,46.6,12.0,1,2.8,2.8,3.0,1,2,88.3,Good,Low,3,1,1,0,70.0,0.0002371354043158,2.452777777777777,-1,0
LOC0575,Bhopal Degree College,2,2,8,23.383551,77.376078,0,23,13.0,3,1,0,1,1,0,0,0,0,97.7,0,0,2,0,0,0,0,1,2,7.0,4689,22.0,61.7,19.0,2,2.2,2.1,0.0,1,2,68.6,Average,Medium,2,1,2,1,14.0,0.0004264392324093,8.575,-1,0
LOC0576,Udaipur Shopping Mall,5,24,10,24.565809,73.789084,0,5,5.0,5,1,1,1,1,1,1,1,1,93.6,1,1,2,1,1,1,1,0,0,32.0,12472,51.0,180.6,7.0,3,3.2,3.1,20.0,1,2,100.0,Excellent,Medium,5,3,4,1,0.0,0.0002405195221678,3.0303030303030303,-1,2
LOC0577,Guwahati International Airport,0,7,1,26.190695,91.718213,0,27,16.0,6,1,1,1,0,0,1,0,0,89.7,1,0,0,1,0,1,1,1,2,10.0,4075,21.0,190.3,9.0,1,3.5,3.4,7.0,0,2,95.4,Excellent,Low,4,0,1,2,20.0,0.0002453385672227,8.672727272727274,-1,2
LOC0578,Kolkata City Park,6,13,14,22.593863,88.331177,1,13,9.0,1,1,0,0,1,0,1,0,0,93.0,0,1,2,0,0,0,0,1,1,14.0,2018,8.0,22.1,23.0,3,2.0,1.9,1.0,1,0,63.3,Average,Medium,2,1,3,1,14.0,0.0014858841010401,4.22,-1,1
LOC0579,Mumbai Lake View Point,8,15,9,19.086832,72.802023,0,114,22.0,1,0,0,0,0,0,0,0,0,74.0,2,2,2,1,0,0,0,0,1,9.0,1070,7.0,25.4,21.0,9,2.8,2.8,13.0,1,0,5.1,Poor,High,0,0,5,0,9.0,0.0084033613445378,0.51,-1,3
LOC0580,Coimbatore Government College,2,5,11,11.019575,76.908912,1,53,20.0,3,0,1,1,1,1,1,0,0,83.9,1,0,1,1,1,0,0,1,1,25.0,3532,11.0,56.1,13.0,0,3.1,2.8,5.0,0,2,82.3,Good,Medium,3,2,2,1,25.0,0.0,3.1653846153846152,-1,1
LOC0581,Visakhapatnam Heritage Fort,8,25,0,17.621241,83.225767,1,32,24.0,1,1,0,0,0,0,1,0,0,91.0,0,0,1,0,0,0,1,1,1,10.0,2513,10.0,17.6,17.0,4,3.9,3.7,4.0,1,0,49.5,Poor,High,2,0,1,2,10.0,0.0015910898965791,4.5,-1,1
LOC0582,Coimbatore Medical Center,4,5,11,11.115062,77.049199,1,39,17.0,7,1,1,0,1,0,1,0,0,84.9,1,1,2,1,1,1,0,1,2,35.0,2513,14.0,62.0,14.0,4,4.1,4.5,20.0,0,1,88.5,Good,Medium,3,1,4,1,70.0,0.0015910898965791,2.458333333333333,-1,0
LOC0583,Jaipur General Hospital,4,10,10,26.95467,75.911641,1,40,15.0,2,1,1,1,1,1,0,0,0,94.8,0,0,0,1,0,0,0,1,2,34.0,4051,20.0,84.1,13.0,2,2.0,2.1,6.0,0,2,87.5,Good,Low,3,2,1,1,68.0,0.0004935834155972,2.5,-1,1
LOC0584,Guwahati Collectorate Office,3,7,1,26.082767,91.743582,1,70,20.0,2,0,1,0,0,0,1,0,1,71.2,0,2,0,0,0,0,1,1,1,22.0,2664,3.0,36.4,13.0,5,2.8,2.7,10.0,1,1,52.6,Poor,High,3,0,2,2,22.0,0.0018761726078799,2.2869565217391306,-1,1
LOC0585,Bengaluru City Park,6,1,6,13.068306,77.607363,1,32,9.0,1,0,1,1,0,1,0,0,1,98.0,2,1,2,0,0,0,0,1,0,18.0,2062,6.0,19.1,24.0,7,2.1,2.4,8.0,2,1,46.5,Poor,High,3,1,3,1,0.0,0.0033931168201648,2.4473684210526314,-1,1
LOC0586,Lucknow Bus Depot,1,14,13,26.920362,80.796762,1,11,11.0,1,0,0,0,0,0,0,0,0,75.3,1,0,0,1,1,0,1,0,0,15.0,1419,2.0,12.1,24.0,9,2.3,2.1,15.0,1,2,52.4,Poor,High,0,0,1,1,0.0,0.006338028169014,3.275,-1,1
LOC0587,Chandigarh Bus Stand,1,3,3,30.801126,76.669863,1,37,6.0,1,0,1,0,0,0,1,0,0,75.3,2,1,2,0,1,1,1,0,0,20.0,1414,7.0,15.4,16.0,8,2.6,2.8,21.0,0,2,47.5,Poor,High,2,0,3,1,0.0,0.0056537102473498,2.261904761904762,-1,1
LOC0588,Lucknow Domestic Airport,0,14,13,26.8056,81.042259,1,3,1.0,3,1,1,1,1,1,1,0,0,98.6,2,0,0,1,1,1,1,1,2,16.0,15406,66.0,194.1,3.0,2,3.3,3.3,2.0,1,1,98.8,Excellent,Low,4,2,1,2,32.0,0.0001298111248133,5.811764705882353,-1,2
LOC0589,Surat Government College,2,21,5,21.254196,72.91132,1,65,13.0,1,0,1,0,0,1,1,1,0,81.0,1,0,1,1,0,0,1,0,1,29.0,2090,4.0,37.2,20.0,4,2.0,2.2,8.0,0,2,62.2,Average,Medium,2,2,2,1,29.0,0.0019129603060736,2.0733333333333333,-1,1
LOC0590,Bengaluru City Centre Mall,5,1,6,12.965243,77.669691,0,22,18.0,2,1,1,0,0,1,1,0,0,89.2,0,1,2,1,1,0,1,0,1,7.0,13311,55.0,180.1,1.0,1,2.6,2.8,16.0,1,2,87.0,Good,Low,3,1,4,1,7.0,7.512019230769231e-05,10.875,-1,2
LOC0591,Ahmedabad Railway Station,7,0,5,23.099782,72.446793,1,72,21.0,2,1,1,1,0,0,0,0,0,97.8,0,1,0,1,0,0,1,1,1,38.0,16060,71.0,124.9,17.0,5,2.4,2.8,14.0,0,0,68.1,Average,Medium,3,0,2,2,38.0,0.0003113131187348,1.746153846153846,-1,1
LOC0592,Surat Temple Complex,8,21,5,21.28821,72.74249,1,199,50.0,1,0,0,0,0,0,0,0,0,61.0,0,0,0,0,0,0,0,1,1,23.0,2347,10.0,22.1,26.0,16,1.0,1.0,23.0,1,1,20.2,Poor,High,0,0,0,1,23.0,0.0068143100511073,0.8416666666666667,-1,3
LOC0593,Hyderabad Central Station,7,8,12,17.524379,78.625669,1,17,17.0,3,1,1,1,0,0,1,0,1,90.3,1,1,2,1,0,0,1,1,0,9.0,13942,55.0,88.5,18.0,5,2.8,2.6,14.0,2,2,85.1,Good,Medium,5,0,4,2,0.0,0.0003586028831671,8.51,-1,1
LOC0594,Kanpur Multispeciality Hospital,4,11,13,26.570651,80.338009,0,15,15.0,2,1,1,1,1,1,1,0,0,90.1,1,0,2,1,1,0,1,1,1,22.0,4849,25.0,109.8,11.0,3,2.6,2.4,1.0,1,2,100.0,Excellent,Low,4,2,3,2,22.0,0.0006185567010309,4.3478260869565215,-1,2
LOC0595,Surat Multispeciality Hospital,4,21,5,21.272347,72.810251,0,23,15.0,7,1,1,1,1,1,1,1,1,93.2,2,0,0,1,0,0,1,0,0,25.0,4693,20.0,116.8,12.0,6,2.9,2.6,18.0,1,2,90.8,Excellent,Medium,5,3,1,1,0.0,0.0012782275244993,3.4923076923076923,-1,0
LOC0596,Indore Railway Station,7,9,8,22.633711,75.985003,1,43,11.0,1,0,1,0,1,0,0,0,0,68.7,2,2,1,1,0,1,1,0,0,7.0,15445,64.0,100.6,16.0,10,2.7,2.7,12.0,1,1,24.0,Poor,High,1,1,4,1,0.0,0.0006474168069403,3.0,-1,1
LOC0597,Visakhapatnam City Park,6,25,0,17.816801,83.260918,1,3,2.0,1,0,0,0,0,0,0,0,0,69.1,2,2,1,0,1,0,1,0,2,6.0,2384,5.0,17.4,13.0,4,3.6,3.8,1.0,1,1,20.7,Poor,High,0,0,3,1,12.0,0.0016771488469601,2.957142857142857,-1,1
LOC0598,Udaipur Medical Center,4,24,10,24.565792,73.587188,1,29,13.0,4,1,0,1,0,0,1,1,1,96.3,0,1,0,1,0,1,1,0,2,22.0,4339,26.0,77.9,12.0,1,2.3,2.4,3.0,1,1,84.2,Good,Low,4,1,2,1,44.0,0.0002304147465437,3.660869565217392,-1,1
LOC0599,Patna Public Garden,6,19,2,25.501564,85.14318,1,26,5.0,1,0,1,1,0,0,0,0,0,86.7,1,2,2,0,0,0,1,1,1,4.0,801,2.0,21.5,23.0,6,3.1,2.9,20.0,2,1,48.7,Poor,High,2,0,4,2,4.0,0.0074812967581047,9.74,-1,1
LOC0600,Ahmedabad Airport Terminal,0,0,5,23.077773,72.61025,1,27,4.0,3,1,1,1,1,0,1,0,1,101.5,0,1,2,1,0,0,0,1,1,40.0,19689,81.0,286.5,10.0,3,3.7,3.8,18.0,1,1,94.6,Excellent,Low,5,1,4,1,40.0,0.0001523616048755,2.3073170731707315,-1,2
LOC0601,Chandigarh Degree College,2,3,3,30.706081,76.690367,1,16,11.0,3,1,1,0,0,0,0,1,0,77.1,1,1,0,0,0,0,1,1,0,30.0,3104,10.0,56.8,17.0,7,3.0,3.1,14.0,2,2,75.3,Good,Medium,2,1,1,2,0.0,0.0022544283413848,2.429032258064516,-1,1
LOC0602,Nagpur Plaza Mall,5,17,9,21.222625,78.986674,0,9,9.0,6,0,1,1,0,0,1,1,1,90.1,1,0,1,1,0,0,1,0,0,42.0,4557,17.0,162.1,10.0,1,3.2,3.2,21.0,1,2,78.8,Good,Medium,4,1,2,1,0.0,0.0002193944712593,1.832558139534884,-1,2
LOC0603,Delhi Degree College,2,6,4,28.744134,77.160473,1,43,13.0,3,1,1,0,0,1,0,0,0,79.7,1,2,2,1,0,0,1,0,1,36.0,871,5.0,34.7,14.0,6,2.6,2.7,6.0,0,1,60.3,Average,Medium,2,1,5,1,36.0,0.0068807339449541,1.6297297297297295,-1,1
LOC0604,Thiruvananthapuram Botanical Garden,8,23,7,8.429201,76.912553,1,41,9.0,1,1,0,0,0,0,1,0,0,84.2,0,0,2,1,0,1,1,1,2,20.0,821,5.0,26.3,17.0,3,2.3,1.8,17.0,1,0,48.2,Poor,Medium,2,0,3,2,40.0,0.0036496350364963,2.2952380952380955,-1,1
LOC0605,Mysuru Plaza Mall,5,16,6,12.287308,76.74074,0,24,10.0,2,1,1,1,1,1,1,0,0,93.2,1,2,0,1,0,0,1,1,2,40.0,15614,62.0,122.4,7.0,3,2.6,2.3,12.0,1,1,95.4,Excellent,Low,4,2,3,2,80.0,0.0001921229586935,2.326829268292683,-1,2
LOC0606,Udaipur General Hospital,4,24,10,24.507872,73.582334,1,13,13.0,5,1,1,1,0,1,0,0,1,82.4,2,0,0,1,0,0,1,1,2,38.0,2349,7.0,85.9,7.0,1,3.4,3.5,21.0,1,1,78.0,Good,Low,4,1,1,2,76.0,0.0004255319148936,2.0,-1,0
LOC0607,Bengaluru City Centre Mall,5,1,6,13.098616,77.591588,0,25,5.0,7,1,1,1,0,0,1,1,1,93.0,1,1,1,1,1,0,1,1,2,11.0,7147,26.0,148.3,5.0,0,3.9,3.6,4.0,0,2,100.0,Excellent,Medium,5,1,3,2,22.0,0.0,8.333333333333334,-1,2
LOC0608,Kanpur Government College,2,11,13,26.550721,80.254315,1,53,17.0,1,1,0,0,1,0,0,1,1,81.6,2,2,1,1,0,0,0,1,1,36.0,3699,17.0,44.3,24.0,5,3.1,3.4,5.0,1,0,32.7,Poor,High,2,2,4,1,36.0,0.0013513513513513,0.8837837837837839,-1,1
LOC0609,Indore Central Station,7,9,8,22.686532,75.951229,1,68,27.0,1,0,0,1,1,0,1,0,1,79.7,2,2,2,0,0,1,1,1,0,9.0,10910,43.0,71.7,23.0,8,2.6,2.9,8.0,1,1,34.1,Poor,High,3,1,4,2,0.0,0.0007332050224544,3.41,-1,1
LOC0610,Chennai Institute of Technology,2,4,11,13.224726,80.149178,0,60,23.0,1,1,0,0,0,0,0,0,1,82.6,2,0,2,1,1,0,1,1,0,16.0,2890,16.0,43.0,16.0,5,3.8,3.7,0.0,1,2,50.6,Poor,High,2,0,3,2,0.0,0.0017295053614666,2.976470588235294,-1,0
LOC0611,Indore City Bus Stop,1,9,8,22.669863,75.820714,1,40,21.0,1,0,0,0,0,0,0,0,0,75.7,1,0,2,0,0,0,1,0,2,16.0,239,2.0,6.8,19.0,4,2.5,2.0,21.0,1,0,36.2,Poor,High,0,0,2,1,32.0,0.0166666666666666,2.1294117647058823,-1,3
LOC0612,Coimbatore Railway Station,7,5,11,10.944232,76.843595,1,78,32.0,2,0,1,0,0,0,1,0,1,72.7,2,0,0,0,0,0,1,1,1,31.0,19870,80.0,104.0,16.0,6,3.1,3.3,12.0,0,1,48.3,Poor,High,3,0,0,2,31.0,0.0003019475617734,1.509375,-1,1
LOC0613,Chennai Museum,8,4,11,13.145236,80.413725,1,37,7.0,1,0,1,1,1,1,0,1,1,82.4,0,0,2,1,1,0,1,1,1,23.0,2169,11.0,25.0,12.0,2,2.4,2.6,10.0,0,1,79.0,Good,Low,3,3,3,2,23.0,0.0009216589861751,3.2916666666666665,-1,1
LOC0614,Chennai Domestic Airport,0,4,11,13.218091,80.381097,0,24,5.0,3,1,1,1,0,1,1,1,0,91.7,0,2,0,1,1,1,1,0,1,44.0,15923,68.0,191.1,1.0,1,3.4,3.5,9.0,1,2,98.7,Excellent,Low,4,2,3,1,44.0,6.279829188646068e-05,2.1933333333333334,-1,2
LOC0615,Jaipur Domestic Airport,0,10,10,27.054737,75.827529,1,12,12.0,5,1,1,0,0,0,1,0,1,80.2,1,1,0,1,1,1,1,0,2,44.0,10083,48.0,164.5,4.0,0,3.1,3.2,11.0,1,2,100.0,Excellent,Low,4,0,2,1,88.0,0.0,2.2222222222222223,-1,2
LOC0616,Thane College of Engineering,2,22,9,19.253717,72.929943,1,21,19.0,3,1,0,1,0,1,1,1,0,102.1,2,0,2,1,0,0,1,0,0,24.0,4916,18.0,51.7,26.0,8,3.4,3.3,22.0,1,1,56.2,Average,High,3,2,3,1,0.0,0.0016270083384177,2.248,-1,1
LOC0617,Udaipur City Hospital,4,24,10,24.481468,73.76331,1,23,20.0,7,1,1,0,0,0,0,1,0,92.1,1,2,0,1,1,1,1,0,2,16.0,2624,12.0,68.6,10.0,0,1.6,1.7,17.0,1,2,83.7,Good,Low,2,1,3,1,32.0,0.0,4.923529411764706,-1,0
LOC0618,Kochi Museum,8,12,7,10.010518,76.12718,1,112,32.0,1,0,0,0,0,0,0,0,1,60.4,0,2,1,0,0,0,1,1,2,22.0,642,9.0,17.4,13.0,7,1.5,1.7,3.0,1,0,7.5,Poor,High,1,0,3,2,44.0,0.0108864696734059,0.3260869565217391,-1,3
LOC0619,Nagpur Government College,2,17,9,21.19753,79.0625,0,70,28.0,2,0,1,1,1,0,1,0,1,83.9,1,1,1,1,0,0,0,1,1,29.0,2935,12.0,45.9,20.0,5,2.6,2.9,16.0,1,2,75.6,Good,Medium,4,1,3,1,29.0,0.0017029972752043,2.52,-1,0
LOC0620,Surat Degree College,2,21,5,21.08736,72.977975,0,32,20.0,1,0,0,0,0,1,1,0,0,71.7,0,1,0,1,1,0,0,1,2,29.0,3898,8.0,60.0,11.0,2,2.6,2.3,1.0,1,2,66.0,Average,Low,1,1,2,1,58.0,0.0005129520389843,2.2,-1,0
LOC0621,Nagpur Railway Station,7,17,9,21.192548,78.95385,1,33,15.0,3,1,0,0,1,0,0,0,0,84.1,0,0,1,1,1,0,1,1,0,10.0,19051,80.0,119.4,18.0,6,3.2,3.1,17.0,1,0,41.6,Poor,High,1,1,2,2,0.0,0.0003149275666596,3.7818181818181817,-1,1
LOC0622,Udaipur Grand Mall,5,24,10,24.563009,73.777493,0,8,8.0,2,1,1,1,1,0,1,1,1,94.9,0,0,1,1,0,0,1,1,2,8.0,9724,36.0,123.4,6.0,1,2.7,2.6,10.0,2,2,85.2,Good,Medium,5,2,2,2,16.0,0.0001028277634961,9.466666666666669,-1,2
LOC0623,Mysuru Multispeciality Hospital,4,16,6,12.147947,76.560868,0,11,11.0,2,1,1,1,1,1,1,0,1,100.0,0,1,1,0,1,0,0,0,0,26.0,1019,8.0,107.8,5.0,1,3.4,3.2,16.0,1,2,92.3,Excellent,Medium,5,2,2,0,0.0,0.0009803921568627,3.4185185185185185,-1,0
LOC0624,Kolkata Plaza Mall,5,13,14,22.509882,88.491455,0,25,20.0,4,1,0,1,1,0,0,0,1,94.3,2,1,1,1,1,1,1,1,0,39.0,13975,61.0,195.5,6.0,6,4.1,4.2,0.0,1,2,68.8,Average,High,3,1,3,2,0.0,0.000429307384087,1.72,-1,2
LOC0625,Delhi Tehsil Office,3,6,4,28.70689,77.225634,1,45,20.0,2,1,0,0,0,1,0,0,1,90.3,0,0,2,1,0,0,1,1,1,32.0,2412,14.0,52.8,11.0,3,3.1,2.9,11.0,1,0,58.6,Average,Medium,2,1,3,2,32.0,0.001243265644426,1.775757575757576,-1,1
LOC0626,Jaipur Temple Complex,8,10,10,26.965626,75.823452,1,131,35.0,1,0,0,1,0,0,0,0,0,84.1,2,0,1,0,0,0,1,0,0,17.0,403,2.0,19.9,25.0,7,1.7,1.8,6.0,1,0,6.3,Poor,High,1,0,1,1,0.0,0.0173267326732673,0.35,-1,3
LOC0627,Thane Public Garden,6,22,9,19.155205,72.829715,1,16,3.0,1,0,1,1,0,1,0,0,1,93.4,2,0,1,1,0,1,0,1,0,8.0,2675,10.0,29.4,14.0,7,2.9,2.8,3.0,2,0,38.1,Poor,High,3,1,2,1,0.0,0.0026158445440956,4.233333333333333,-1,1
LOC0628,Udaipur City Hospital,4,24,10,24.558573,73.784363,0,15,12.0,5,0,0,1,1,0,1,1,1,85.8,0,0,2,1,0,0,1,0,0,39.0,1997,2.0,70.7,19.0,3,3.9,4.0,7.0,1,2,70.6,Average,Medium,3,2,3,1,0.0,0.0015015015015015,1.765,-1,0
LOC0629,Indore Museum,8,9,8,22.655163,75.846686,0,87,16.0,1,0,1,1,0,0,0,0,0,92.9,0,0,2,1,1,0,1,0,1,12.0,2471,7.0,36.7,6.0,8,2.5,2.3,11.0,1,2,62.2,Average,Medium,2,0,3,1,12.0,0.0032362459546925,4.7846153846153845,-1,3
LOC0630,Kochi Degree College,2,12,7,9.905443,76.193336,1,39,23.0,2,0,0,1,1,0,0,1,1,82.0,0,2,1,1,1,0,0,1,0,35.0,1419,6.0,20.8,11.0,4,3.1,3.1,18.0,1,0,36.7,Poor,High,2,2,4,1,0.0,0.0028169014084507,1.0194444444444446,-1,1
LOC0631,Chennai Shopping Mall,5,4,11,13.081582,80.272022,0,1,1.0,5,1,0,0,0,0,1,0,1,96.4,2,0,2,1,0,0,1,1,2,26.0,18262,79.0,114.5,13.0,3,3.6,3.7,23.0,1,2,62.9,Average,Medium,3,0,3,2,52.0,0.0001642665498548,2.329629629629629,-1,2
LOC0632,Coimbatore Health Centre,4,5,11,11.129746,76.831838,1,5,5.0,5,1,0,1,0,0,1,1,1,92.7,0,0,0,1,1,0,1,1,0,19.0,2729,18.0,137.6,4.0,2,4.1,4.1,11.0,1,1,87.0,Good,Low,4,1,1,2,0.0,0.0007326007326007,4.35,-1,2
LOC0633,Ahmedabad Degree College,2,0,5,23.154378,72.655753,0,45,26.0,3,0,1,1,1,0,0,0,0,94.0,0,1,2,1,0,1,0,1,0,18.0,665,2.0,43.6,14.0,6,2.7,2.6,7.0,1,2,72.1,Average,Medium,2,1,4,1,0.0,0.009009009009009,3.794736842105263,-1,0
LOC0634,Chandigarh Airport Terminal,0,3,3,30.839438,76.840167,0,10,2.0,6,1,1,1,1,0,1,0,1,95.0,1,2,0,1,1,0,1,0,2,15.0,13006,63.0,261.0,1.0,2,4.5,4.8,13.0,1,2,100.0,Excellent,Low,5,1,3,1,30.0,0.0001537633581917,6.25,-1,2
LOC0635,Udaipur Domestic Airport,0,24,10,24.597836,73.593393,1,11,11.0,7,1,1,1,1,1,0,1,1,99.3,1,0,0,1,1,0,0,1,1,33.0,13276,58.0,214.9,7.0,1,4.7,4.7,18.0,1,1,100.0,Excellent,Low,4,3,1,1,33.0,7.531821947729155e-05,2.9411764705882355,-1,2
LOC0636,Chennai Green Park,6,4,11,13.107161,80.254416,1,38,9.0,1,1,0,1,1,0,0,0,0,97.8,0,0,2,0,0,1,0,1,1,17.0,1410,12.0,15.5,16.0,1,2.5,2.3,9.0,1,0,61.5,Average,Medium,2,1,2,1,17.0,0.0007087172218284,3.4166666666666665,-1,1
LOC0637,Thiruvananthapuram Tehsil Office,3,23,7,8.447537,76.862142,1,31,13.0,3,0,1,0,0,1,0,0,0,83.2,1,0,2,1,1,0,1,1,1,17.0,3645,18.0,27.5,18.0,7,3.2,3.7,13.0,2,2,65.6,Average,Medium,1,1,3,2,17.0,0.0019199122325836,3.644444444444444,-1,1
LOC0638,Nashik City Park,6,18,9,20.068413,73.719025,0,40,15.0,1,0,0,0,0,0,0,0,0,72.0,2,1,2,0,0,0,0,1,2,4.0,1260,7.0,24.0,9.0,4,3.0,2.6,16.0,1,0,24.9,Poor,High,0,0,3,1,8.0,0.0031720856463124,4.98,-1,3
LOC0639,Thiruvananthapuram International Airport,0,23,7,8.595117,76.966847,0,12,12.0,2,1,1,1,0,0,0,1,1,90.1,1,1,2,1,0,0,1,0,2,41.0,12628,55.0,249.6,4.0,0,4.6,4.7,13.0,0,2,100.0,Excellent,Low,4,1,4,1,82.0,0.0,2.380952380952381,-1,2
LOC0640,Nashik Medical Center,4,18,9,19.858861,73.71462,1,49,12.0,7,1,1,1,0,0,1,0,1,88.2,1,1,2,1,0,0,1,0,0,38.0,4815,25.0,99.8,9.0,2,3.9,3.9,19.0,1,2,90.0,Excellent,Medium,5,0,4,1,0.0,0.0004152823920265,2.3076923076923075,-1,0
LOC0641,Udaipur Junction,7,24,10,24.507861,73.745161,1,12,12.0,1,0,1,0,0,0,0,1,1,72.3,1,2,0,1,1,0,1,1,0,13.0,15602,62.0,107.8,13.0,3,2.1,2.0,17.0,0,2,64.3,Average,Medium,2,1,3,2,0.0,0.0001922707171697,4.592857142857143,-1,1
LOC0642,Hyderabad General Hospital,4,8,12,17.405242,78.627209,1,12,12.0,5,1,1,1,1,1,0,0,0,89.6,2,1,0,1,1,1,1,1,0,31.0,4063,18.0,87.2,12.0,5,3.8,3.6,19.0,1,2,89.2,Good,Medium,3,2,2,2,0.0,0.0012303149606299,2.7875,-1,0
LOC0643,Ahmedabad Museum,8,0,5,22.970589,72.630166,1,83,31.0,1,1,1,1,1,0,1,0,0,93.6,0,1,0,0,0,0,1,1,1,12.0,551,2.0,21.3,22.0,6,2.0,1.7,8.0,0,1,81.2,Good,Low,4,1,1,2,12.0,0.0108695652173913,6.246153846153846,-1,3
LOC0644,Chennai International Airport,0,4,11,13.019032,80.229029,1,4,4.0,6,1,1,1,1,1,0,0,0,96.4,0,1,0,1,1,0,1,1,0,8.0,14652,71.0,202.9,10.0,5,2.9,2.6,19.0,1,2,98.0,Excellent,Medium,3,2,2,2,0.0,0.0003412270524807,10.88888888888889,-1,2
LOC0645,Chandigarh Junction,7,3,3,30.839401,76.840382,1,65,22.0,2,0,0,1,0,0,0,1,0,88.0,0,2,2,0,0,1,1,0,0,13.0,19711,76.0,130.2,13.0,8,3.3,3.3,18.0,1,2,36.0,Poor,High,1,1,4,1,0.0,0.0004058441558441,2.571428571428572,-1,1
LOC0646,Indore Railway Station,7,9,8,22.576502,75.778351,1,32,23.0,3,1,1,1,0,1,0,1,0,100.4,0,2,1,1,1,0,1,1,1,42.0,3360,13.0,81.5,10.0,2,3.0,2.7,15.0,0,0,61.8,Average,Medium,3,2,4,2,42.0,0.0005950609937518,1.4372093023255814,-1,1
LOC0647,Nashik City Park,6,18,9,19.979636,73.778811,0,35,17.0,1,1,0,1,0,0,1,1,0,98.1,0,0,2,1,0,0,1,1,1,15.0,1762,2.0,26.8,19.0,8,2.7,3.2,20.0,1,0,58.7,Average,Medium,3,1,3,2,15.0,0.0045377197958026,3.66875,-1,3
LOC0648,Patna City Centre Mall,5,19,2,25.529316,85.041161,0,7,1.0,3,1,1,1,1,1,0,0,1,87.4,2,2,2,1,1,0,0,1,2,23.0,7892,23.0,175.4,10.0,1,3.7,4.2,11.0,1,2,79.0,Good,Medium,4,2,5,1,46.0,0.0001266945394653,3.2916666666666665,-1,2
LOC0649,Thiruvananthapuram City Park,6,23,7,8.534335,77.02674,1,23,15.0,1,0,0,1,0,0,1,0,1,98.1,2,0,2,1,1,0,1,0,2,21.0,1289,2.0,17.6,17.0,3,2.5,2.0,3.0,1,1,53.5,Poor,High,3,0,3,1,42.0,0.0023255813953488,2.4318181818181817,-1,1
LOC0650,Bhopal Heritage Fort,8,2,8,23.378343,77.43929,1,177,44.0,1,1,1,0,0,1,1,0,0,74.5,1,2,2,1,0,0,0,0,2,14.0,1442,2.0,20.4,21.0,5,2.1,2.2,1.0,0,1,55.0,Average,Medium,3,1,5,0,28.0,0.0034650034650034,3.6666666666666665,-1,3
LOC0651,Mumbai Medical Center,4,15,9,18.965558,72.890658,1,56,15.0,6,0,1,1,1,0,0,0,1,88.7,1,0,1,1,0,1,1,1,1,9.0,4248,17.0,81.0,16.0,3,3.2,3.7,20.0,1,1,70.3,Average,Medium,3,1,2,2,9.0,0.0007060484819957,7.029999999999999,-1,0
LOC0652,Ahmedabad Domestic Airport,0,0,5,23.14763,72.564822,0,29,15.0,5,1,1,1,1,1,1,0,0,98.8,2,1,0,1,0,0,1,1,2,33.0,10855,44.0,227.7,7.0,1,3.1,3.4,2.0,1,2,99.5,Excellent,Low,4,2,2,2,66.0,9.211495946941784e-05,2.926470588235294,-1,2
LOC0653,Mysuru City Hospital,4,16,6,12.171418,76.592687,0,6,6.0,3,1,1,1,1,1,1,1,1,92.2,0,0,0,1,0,0,1,0,0,17.0,3604,24.0,125.8,11.0,6,4.1,3.8,6.0,0,2,100.0,Excellent,Medium,5,3,1,1,0.0,0.0016643550624133,5.555555555555555,-1,0
LOC0654,Bhopal Junction,7,2,8,23.407528,77.391331,1,28,20.0,1,0,0,0,0,0,0,0,0,80.2,2,0,2,1,0,0,1,1,2,21.0,5756,22.0,58.5,12.0,5,2.7,2.2,22.0,1,1,31.5,Poor,High,0,0,3,2,42.0,0.0008685079034219,1.431818181818182,-1,1
LOC0655,Surat Airport Terminal,0,21,5,21.16054,72.692363,1,6,6.0,7,0,1,1,0,0,0,0,1,88.9,1,0,1,1,0,0,0,1,2,10.0,17641,72.0,228.3,3.0,2,4.5,4.7,3.0,1,2,76.0,Good,Medium,3,0,2,1,20.0,0.0001133658315383,6.909090909090909,-1,2
LOC0656,Surat Institute of Technology,2,21,5,21.187885,72.964074,1,7,7.0,2,1,1,0,0,0,0,0,0,91.4,1,1,2,1,0,0,1,1,1,37.0,3491,18.0,36.8,17.0,5,3.1,3.4,16.0,1,2,85.7,Good,Medium,2,0,4,2,37.0,0.0014318442153493,2.255263157894737,-1,1
LOC0657,Jaipur Collectorate Office,3,10,10,26.83842,75.872971,1,58,9.0,3,1,1,0,1,0,0,0,0,75.5,2,1,1,1,0,0,0,0,1,14.0,3087,9.0,26.0,14.0,4,1.4,1.7,9.0,2,0,37.3,Poor,High,2,1,3,0,14.0,0.0012953367875647,2.4866666666666664,-1,1
LOC0658,Bengaluru Collectorate Office,3,1,6,12.837808,77.569331,1,38,12.0,2,0,1,1,0,0,1,0,0,77.4,0,0,2,0,0,0,1,0,2,11.0,2099,2.0,37.4,18.0,4,3.0,2.6,5.0,2,1,53.4,Poor,High,3,0,2,1,22.0,0.0019047619047619,4.45,-1,1
LOC0659,Mumbai Public Garden,6,15,9,19.168358,72.782599,1,46,26.0,1,0,0,0,1,0,0,1,0,78.2,0,2,0,0,0,0,0,0,1,19.0,389,4.0,14.7,20.0,9,2.2,2.2,21.0,1,1,38.1,Poor,High,0,2,2,0,19.0,0.023076923076923,1.905,-1,3
LOC0660,Lucknow Tehsil Office,3,14,13,26.745493,80.804346,1,31,18.0,2,0,1,0,1,1,1,0,0,74.6,0,2,1,1,0,0,1,1,2,23.0,3275,15.0,44.9,17.0,3,2.4,2.7,7.0,0,0,41.4,Poor,High,2,2,4,2,46.0,0.0009157509157509,1.725,-1,1
LOC0661,Kochi City Centre Mall,5,12,7,10.017727,76.368783,0,14,6.0,6,1,1,1,1,0,1,1,1,87.8,2,2,0,1,1,0,1,1,0,39.0,3442,20.0,93.7,17.0,3,3.7,3.6,9.0,1,1,81.5,Good,Medium,5,2,3,2,0.0,0.0008713331397037,2.0375,-1,0
LOC0662,Nagpur District Office,3,17,9,21.143377,79.014624,1,29,9.0,2,0,0,0,0,0,0,0,0,78.9,1,2,1,0,1,0,1,1,2,35.0,1594,2.0,37.7,11.0,3,1.8,1.8,3.0,1,0,28.3,Poor,High,0,0,3,2,70.0,0.0018808777429467,0.7861111111111111,-1,1
LOC0663,Thiruvananthapuram Lake View Point,8,23,7,8.575082,76.957235,1,63,25.0,1,1,1,1,0,0,1,1,1,92.9,0,1,2,0,1,1,1,1,0,3.0,1937,2.0,31.5,19.0,12,1.7,1.7,8.0,1,2,78.3,Good,Medium,5,1,3,2,0.0,0.0061919504643962,19.575,-1,0
LOC0664,Kochi Health Centre,4,12,7,10.075658,76.20274,0,3,3.0,4,0,1,1,0,1,0,0,0,93.0,1,2,0,1,0,0,1,0,1,24.0,904,7.0,109.5,6.0,1,3.4,3.5,10.0,0,1,78.2,Good,Low,2,1,3,1,24.0,0.0011049723756906,3.128,-1,0
LOC0665,Pune International Airport,0,20,9,18.534662,73.992771,1,14,14.0,2,1,1,1,1,1,1,1,1,90.5,1,1,2,1,1,1,0,0,2,44.0,12800,53.0,186.2,5.0,1,3.4,3.7,5.0,1,2,100.0,Excellent,Low,5,3,4,0,88.0,7.81188969611749e-05,2.2222222222222223,-1,2
LOC0666,Kochi International Airport,0,12,7,9.933877,76.297865,1,1,1.0,2,1,1,1,1,0,1,1,1,96.4,1,2,2,1,1,0,1,1,1,33.0,9188,42.0,179.2,9.0,0,3.6,3.2,14.0,0,1,100.0,Excellent,Medium,5,2,5,2,33.0,0.0,2.9411764705882355,-1,2
LOC0667,Chandigarh Shopping Mall,5,3,3,30.811245,76.768255,0,20,15.0,4,1,1,1,0,0,0,0,1,98.6,1,2,2,1,0,0,1,1,0,43.0,18777,74.0,161.0,8.0,4,2.0,1.9,17.0,1,1,70.2,Average,High,4,0,5,2,0.0,0.0002130152305889,1.5954545454545457,-1,2
LOC0668,Chennai Government College,2,4,11,13.181214,80.406099,0,30,12.0,3,0,0,1,0,1,1,1,0,90.9,0,0,2,1,0,0,1,0,2,8.0,1533,4.0,48.8,16.0,1,2.5,3.0,16.0,1,1,62.7,Average,Medium,2,2,3,1,16.0,0.0006518904823989,6.966666666666667,-1,0
LOC0669,Ahmedabad Government College,2,0,5,23.147051,72.42477,0,70,18.0,1,0,1,0,1,0,1,0,1,73.4,2,2,1,1,1,0,1,0,2,25.0,2918,3.0,60.3,17.0,4,3.0,2.4,10.0,2,0,27.0,Poor,High,3,1,4,1,50.0,0.0013703323055841,1.0384615384615383,-1,0
LOC0670,Nagpur Health Centre,4,17,9,21.099412,79.156686,1,56,18.0,5,0,1,1,0,0,1,0,1,86.1,1,2,0,1,1,0,0,1,0,15.0,547,4.0,63.6,14.0,3,3.0,2.8,3.0,1,1,71.5,Average,Medium,4,0,3,1,0.0,0.0054744525547445,4.46875,-1,0
LOC0671,Thiruvananthapuram Government College,2,23,7,8.432378,76.851452,1,51,23.0,2,0,0,1,0,1,0,0,1,90.1,2,0,1,1,0,0,1,1,2,19.0,2290,8.0,31.7,17.0,7,2.9,3.1,6.0,1,2,42.1,Poor,High,2,1,2,2,38.0,0.0030554343081623,2.105,-1,1
LOC0672,Coimbatore Municipal Office,3,5,11,10.986557,76.881678,1,51,23.0,3,0,1,1,0,0,0,0,1,87.0,0,0,1,1,1,1,1,0,2,14.0,992,5.0,26.0,13.0,2,3.3,2.9,4.0,0,2,60.2,Average,Medium,3,0,2,1,28.0,0.0020140986908358,4.013333333333334,-1,1
LOC0673,Thane Lake View Point,8,22,9,19.327507,72.999432,0,101,25.0,1,1,1,0,0,0,1,0,0,83.5,0,2,1,1,1,0,0,1,0,22.0,1668,6.0,36.9,14.0,5,2.2,2.3,10.0,0,0,33.5,Poor,High,3,0,4,1,0.0,0.0029958058717795,1.4565217391304348,-1,3
LOC0674,Udaipur Heritage Fort,8,24,10,24.647615,73.639808,1,27,19.0,1,0,1,0,0,0,0,1,1,76.0,0,2,2,1,0,0,0,0,2,20.0,516,2.0,20.9,15.0,4,1.8,1.8,20.0,2,0,32.5,Poor,High,2,1,5,0,40.0,0.0077369439071566,1.5476190476190477,-1,1
LOC0675,Indore Plaza Mall,5,9,8,22.700438,75.987413,0,10,3.0,4,1,1,1,1,0,1,1,1,96.0,1,1,2,1,1,0,1,1,2,8.0,19207,73.0,237.0,7.0,1,4.5,4.1,6.0,1,2,100.0,Excellent,Low,5,2,4,2,16.0,5.206164098292378e-05,11.11111111111111,-1,2
LOC0676,Udaipur Bus Depot,1,24,10,24.623034,73.783162,1,2,2.0,1,0,0,1,0,0,1,0,0,90.0,2,0,1,0,1,0,1,0,0,20.0,1818,5.0,12.8,26.0,6,2.0,2.2,21.0,1,1,31.5,Poor,High,2,0,1,1,0.0,0.0032985156679494,1.5,-1,1
LOC0677,Bhopal Airport Terminal,0,2,8,23.29259,77.524989,1,28,23.0,4,1,1,1,1,0,1,1,1,95.1,1,0,0,1,1,0,0,1,0,40.0,8653,39.0,160.8,13.0,4,2.9,3.1,21.0,0,2,100.0,Excellent,Medium,5,2,1,1,0.0,0.0004622140050843,2.4390243902439024,-1,2
LOC0678,Patna District Office,3,19,2,25.658582,85.109545,1,61,16.0,2,0,1,0,0,0,0,0,0,70.3,0,0,1,1,1,0,0,1,2,23.0,1890,8.0,33.2,20.0,4,2.6,2.4,15.0,2,1,32.4,Poor,High,1,0,2,1,46.0,0.0021152829190904,1.35,-1,1
LOC0679,Lucknow International Airport,0,14,13,26.896378,80.934728,0,20,18.0,6,1,1,1,0,0,0,0,1,88.9,2,1,0,1,0,1,1,1,0,40.0,19446,87.0,235.4,4.0,6,4.1,4.3,12.0,2,2,72.8,Average,Medium,4,0,2,2,0.0,0.0003085308787987,1.775609756097561,-1,2
LOC0680,Kanpur Airport Terminal,0,11,13,26.458882,80.276424,1,15,6.0,7,0,1,1,1,0,0,1,1,103.0,1,0,2,1,0,1,0,1,1,21.0,10469,44.0,204.3,5.0,3,1.7,1.4,3.0,0,1,85.1,Good,Low,3,2,3,1,21.0,0.0002865329512893,3.8681818181818177,-1,2
LOC0681,Surat Degree College,2,21,5,21.039622,72.695237,1,11,11.0,3,1,0,1,1,0,1,0,1,88.5,2,0,2,1,1,0,1,0,2,6.0,3706,16.0,50.3,19.0,4,1.8,1.8,6.0,1,2,67.0,Average,Medium,4,1,3,1,12.0,0.0010790396547073,9.571428571428571,-1,1
LOC0682,Kanpur Junction,7,11,13,26.328323,80.320503,1,56,25.0,3,1,0,0,0,1,1,0,0,73.9,0,2,2,1,0,0,1,0,2,20.0,17292,66.0,112.5,10.0,5,1.8,1.8,2.0,1,0,37.1,Poor,High,2,1,5,1,40.0,0.0002891343318105,1.7666666666666668,-1,1
LOC0683,Udaipur Institute of Technology,2,24,10,24.690856,73.660115,0,42,8.0,3,1,1,1,0,0,1,1,0,92.1,2,1,0,1,0,0,0,1,0,19.0,3878,17.0,68.3,15.0,3,3.1,3.0,11.0,1,2,82.7,Good,Medium,4,1,2,1,0.0,0.0007733952049497,4.135,-1,0
LOC0684,Visakhapatnam Bus Depot,1,25,0,17.54082,83.14688,1,6,6.0,1,0,0,1,0,0,0,0,1,92.0,2,0,1,0,1,0,1,0,2,22.0,2676,9.0,18.8,20.0,7,2.8,2.7,4.0,1,1,37.2,Poor,High,2,0,1,1,44.0,0.0026148673888681,1.6173913043478263,-1,1
LOC0685,Bengaluru Temple Complex,8,1,6,12.9238,77.541427,1,171,40.0,1,0,0,0,0,1,0,0,0,71.2,2,2,0,1,0,0,0,1,0,9.0,947,2.0,23.5,23.0,9,1.5,1.5,6.0,1,0,8.5,Poor,High,0,1,3,1,0.0,0.0094936708860759,0.85,-1,3
LOC0686,Thane Municipal Office,3,22,9,19.07309,73.010838,1,29,22.0,3,0,0,1,0,0,1,0,0,81.4,2,1,1,0,0,0,1,1,2,30.0,2172,9.0,28.9,16.0,4,3.6,3.8,15.0,1,2,43.3,Poor,High,2,0,2,2,60.0,0.0018407731247123,1.396774193548387,-1,1
LOC0687,Chandigarh Lake View Point,8,3,3,30.597498,76.652808,1,132,31.0,1,0,1,0,0,1,0,0,0,77.7,2,0,1,0,0,0,1,1,0,21.0,1732,3.0,31.3,20.0,13,1.8,1.9,3.0,1,1,21.6,Poor,High,1,1,1,2,0.0,0.0075014425851125,0.981818181818182,-1,3
LOC0688,Indore Central Station,7,9,8,22.694764,75.982712,1,85,20.0,3,0,0,0,0,1,0,0,1,77.3,0,1,2,0,0,1,1,1,0,12.0,17621,70.0,111.3,8.0,7,1.4,1.8,12.0,1,0,32.5,Poor,High,1,1,3,2,0.0,0.0003972307343093,2.5,-1,1
LOC0689,Kanpur Bus Depot,1,11,13,26.437866,80.258465,1,23,18.0,1,1,0,0,0,0,0,0,0,83.4,2,1,2,1,0,0,1,1,1,18.0,469,2.0,10.0,15.0,8,3.0,3.1,14.0,1,2,50.2,Poor,High,1,0,4,2,18.0,0.0170212765957446,2.642105263157895,-1,3
LOC0690,Lucknow International Airport,0,14,13,26.784611,80.848823,0,29,15.0,4,1,1,1,1,0,1,1,1,102.8,0,1,2,1,1,0,0,0,1,33.0,7123,33.0,141.3,9.0,1,3.5,3.8,15.0,0,2,100.0,Excellent,Low,5,2,4,0,33.0,0.0001403705783267,2.9411764705882355,-1,2
LOC0691,Kolkata Junction,7,13,14,22.500603,88.471796,1,37,22.0,3,0,0,1,0,0,1,0,1,89.3,1,0,1,1,1,0,1,1,0,34.0,4832,22.0,72.5,22.0,13,2.5,2.6,23.0,1,0,37.0,Poor,High,3,0,2,2,0.0,0.0026898406786674,1.0571428571428572,-1,1
LOC0692,Bengaluru Health Centre,4,1,6,12.925966,77.511152,1,41,12.0,2,1,1,1,0,0,1,0,0,97.7,1,2,0,1,1,0,1,1,0,37.0,2399,12.0,67.9,17.0,6,2.4,2.1,16.0,1,2,81.8,Good,Medium,4,0,3,2,0.0,0.0025,2.152631578947368,-1,1
LOC0693,Mysuru City Centre Mall,5,16,6,12.279164,76.519172,0,12,7.0,3,0,1,0,1,0,1,1,1,82.5,1,1,1,1,0,1,1,1,1,15.0,18394,72.0,197.7,2.0,1,3.9,3.5,14.0,0,0,79.9,Good,Medium,3,2,3,2,15.0,5.436259853220984e-05,4.99375,-1,2
LOC0694,Jaipur Collectorate Office,3,10,10,26.916508,75.786535,1,70,13.0,1,1,0,1,1,0,0,0,0,92.2,0,0,2,1,0,1,0,0,1,24.0,3062,10.0,35.7,20.0,5,2.8,2.3,18.0,1,0,54.9,Poor,High,2,1,3,0,24.0,0.0016323865491348,2.196,-1,1
LOC0695,Bhopal Medical Center,4,2,8,23.290161,77.51347,0,52,25.0,7,0,1,1,0,1,0,1,0,90.5,0,0,1,1,1,1,1,0,2,37.0,2827,10.0,98.4,22.0,2,2.5,2.8,2.0,1,2,68.6,Average,Medium,2,2,2,1,74.0,0.0007072135785007,1.805263157894737,-1,0
LOC0696,Visakhapatnam District Office,3,25,0,17.62124,83.24459,1,26,8.0,1,1,1,1,0,0,0,0,0,93.4,1,0,2,0,1,0,0,1,2,31.0,1965,2.0,42.3,22.0,4,3.4,3.5,17.0,0,2,80.3,Good,Medium,3,0,2,1,62.0,0.0020345879959308,2.509375,-1,1
LOC0697,Chandigarh Airport Terminal,0,3,3,30.630381,76.710269,1,24,17.0,6,1,1,0,1,0,1,1,1,87.0,0,1,0,0,0,0,1,1,0,36.0,13836,63.0,267.8,1.0,3,4.0,4.0,7.0,2,1,87.2,Good,Low,4,2,1,2,0.0,0.0002168100021681,2.3567567567567567,-1,2
LOC0698,Udaipur Airport Terminal,0,24,10,24.603527,73.6892,1,5,5.0,6,0,1,1,1,0,1,0,0,85.1,1,0,2,1,1,0,1,1,2,14.0,8130,35.0,203.0,1.0,1,4.3,4.2,8.0,0,2,94.3,Excellent,Low,3,1,3,2,28.0,0.0001229861025704,6.286666666666666,-1,2
LOC0699,Nagpur Institute of Technology,2,17,9,21.238238,79.131756,0,12,12.0,3,0,1,0,1,0,1,1,1,68.9,0,2,2,1,0,1,1,1,2,30.0,1456,14.0,57.3,14.0,2,3.9,4.1,22.0,1,2,72.1,Average,Medium,3,2,5,2,60.0,0.001372683596431,2.325806451612903,-1,0
LOC0700,Udaipur Airport Terminal,0,24,10,24.664965,73.720484,1,22,18.0,5,1,1,1,1,1,1,0,0,94.9,1,0,2,0,0,0,1,0,2,26.0,12045,47.0,187.1,10.0,5,2.5,2.2,8.0,1,2,96.3,Excellent,Medium,4,2,2,1,52.0,0.0004150755437489,3.5666666666666664,-1,2
LOC0701,Delhi Tehsil Office,3,6,4,28.618831,77.22791,1,68,18.0,1,0,1,0,0,1,0,0,0,66.1,0,2,2,1,0,0,1,0,0,5.0,1250,2.0,24.8,21.0,8,2.8,2.5,13.0,1,1,34.3,Poor,High,1,1,5,1,0.0,0.0063948840927258,5.716666666666666,-1,3
LOC0702,Chennai Multispeciality Hospital,4,4,11,13.103599,80.394224,0,56,16.0,5,0,1,1,1,0,1,1,1,82.0,0,0,1,1,1,0,1,1,2,24.0,1564,13.0,96.5,15.0,4,3.3,3.3,17.0,2,0,57.9,Average,Medium,4,2,2,2,48.0,0.0025559105431309,2.316,-1,0
LOC0703,Nagpur Temple Complex,8,17,9,21.292035,78.98093,1,179,45.0,1,1,0,1,0,0,0,0,0,86.7,1,0,1,0,0,0,0,0,1,12.0,1463,9.0,20.4,29.0,7,1.8,2.1,0.0,1,1,41.4,Poor,High,2,0,1,0,12.0,0.0047814207650273,3.1846153846153844,-1,3
LOC0704,Mumbai Green Park,6,15,9,19.132507,72.983114,1,26,15.0,1,0,0,0,0,0,0,0,1,80.0,2,1,1,1,0,0,1,0,1,2.0,2288,10.0,13.3,15.0,4,2.6,2.6,15.0,1,1,32.3,Poor,High,1,0,3,1,2.0,0.00174748798602,10.766666666666666,-1,1
LOC0705,Kochi Heritage Fort,8,12,7,9.83682,76.312963,1,54,16.0,1,0,1,0,0,0,0,0,0,77.1,2,1,1,0,1,1,1,0,0,3.0,302,2.0,10.4,22.0,10,2.4,2.4,2.0,0,1,28.7,Poor,High,1,0,2,1,0.0,0.033003300330033,7.175,-1,3
LOC0706,Ahmedabad Institute of Technology,2,0,5,23.121825,72.711887,1,32,8.0,3,1,1,1,1,0,1,1,0,90.7,2,2,2,1,0,0,1,0,2,19.0,4453,18.0,60.8,23.0,7,3.5,3.0,18.0,2,2,64.4,Average,High,4,2,5,1,38.0,0.0015716210148181,3.22,-1,1
LOC0707,Kochi Central Station,7,12,7,9.782619,76.266854,1,58,15.0,1,0,0,0,0,0,1,0,0,70.1,2,1,2,1,1,0,1,0,1,15.0,8262,30.0,89.1,8.0,3,2.9,3.0,6.0,1,0,37.5,Poor,High,1,0,4,1,15.0,0.0003630642623744,2.34375,-1,1
LOC0708,Kanpur Domestic Airport,0,11,13,26.524528,80.235415,0,18,11.0,6,1,1,1,1,0,1,0,1,100.4,0,0,2,1,1,0,0,1,1,14.0,3280,14.0,208.1,2.0,0,5.0,5.0,18.0,1,2,100.0,Excellent,Low,5,1,3,1,14.0,0.0,6.666666666666667,-1,2
LOC0709,Kolkata Government College,2,13,14,22.56825,88.409623,0,44,20.0,2,0,1,1,0,1,1,0,1,84.8,0,2,1,1,0,1,1,0,2,33.0,1382,2.0,64.6,16.0,2,1.4,1.1,21.0,0,2,50.1,Poor,High,4,1,4,1,66.0,0.0014461315979754,1.473529411764706,-1,0
LOC0710,Visakhapatnam Green Park,6,25,0,17.596664,83.25592,1,10,1.0,1,1,1,0,1,1,1,0,1,85.8,1,1,2,1,1,0,1,1,0,11.0,1015,5.0,14.3,9.0,1,2.5,2.7,12.0,2,1,90.7,Excellent,Medium,4,2,4,2,0.0,0.0009842519685039,7.558333333333334,-1,1
LOC0711,Nagpur City Hospital,4,17,9,21.279473,79.048026,0,13,13.0,3,1,1,0,1,1,1,0,1,79.0,1,2,0,1,1,0,1,0,2,7.0,1150,13.0,90.2,7.0,2,4.7,4.7,6.0,0,2,100.0,Excellent,Low,4,2,3,1,14.0,0.0017376194613379,12.5,-1,0
LOC0712,Nagpur Health Centre,4,17,9,21.086831,79.072666,1,30,7.0,2,1,0,1,1,0,0,0,1,85.7,2,1,0,1,1,1,0,1,2,39.0,3800,22.0,108.5,10.0,3,1.8,1.8,12.0,1,1,69.0,Average,Medium,3,1,2,1,78.0,0.0007892659826361,1.725,-1,0
LOC0713,Delhi Public Garden,6,6,4,28.684096,76.998459,0,50,9.0,1,0,0,0,0,0,0,1,0,76.5,2,0,1,0,0,0,0,1,2,3.0,2643,10.0,21.9,12.0,3,1.6,1.6,11.0,1,2,26.0,Poor,High,0,1,1,1,6.0,0.0011346444780635,6.5,-1,0
LOC0714,Thiruvananthapuram City Centre Mall,5,23,7,8.536962,76.908003,0,5,5.0,2,1,1,1,0,1,1,0,1,96.5,0,0,0,0,0,1,1,1,0,7.0,18743,82.0,228.9,8.0,4,3.9,4.1,12.0,1,2,96.5,Excellent,Medium,5,1,0,2,0.0,0.0002134016218523,12.0625,-1,2
LOC0715,Surat Bus Depot,1,21,5,21.273151,72.868925,1,22,17.0,1,0,0,0,0,0,0,0,0,81.5,2,0,0,1,1,0,1,1,0,24.0,1844,10.0,12.3,28.0,12,2.8,3.1,10.0,1,1,32.1,Poor,High,0,0,1,2,0.0,0.0065040650406504,1.284,-1,1
LOC0716,Kolkata Museum,8,13,14,22.484869,88.375929,1,136,28.0,1,0,0,1,0,0,0,0,1,84.1,1,2,2,1,0,0,0,1,1,10.0,2255,8.0,35.1,17.0,4,1.6,1.4,7.0,1,1,41.5,Poor,High,2,0,5,1,10.0,0.00177304964539,3.772727272727273,-1,3
LOC0717,Pune Medical Center,4,20,9,18.640278,73.766278,0,7,7.0,6,1,1,1,1,0,1,1,1,88.9,1,1,2,1,0,0,0,1,2,9.0,1447,13.0,112.7,16.0,3,3.6,3.7,2.0,1,2,100.0,Excellent,Low,5,2,4,1,18.0,0.0020718232044198,10.0,-1,0
LOC0718,Coimbatore Tehsil Office,3,5,11,11.060654,76.978333,1,68,13.0,2,0,0,0,0,0,0,0,0,79.1,1,0,2,1,0,0,0,1,1,20.0,2680,7.0,36.3,15.0,4,2.2,2.2,13.0,1,2,48.6,Poor,High,0,0,3,1,20.0,0.0014919806042521,2.3142857142857145,-1,1
LOC0719,Hyderabad City Bus Stop,1,8,12,17.427,78.594029,1,2,2.0,1,0,1,1,0,0,1,0,0,88.9,0,1,2,1,0,1,1,1,0,23.0,1446,2.0,14.1,21.0,3,2.4,2.6,18.0,0,0,57.3,Average,Medium,3,0,4,2,0.0,0.0020732550103662,2.3875,-1,1
LOC0720,Bhopal Plaza Mall,5,2,8,23.283868,77.544197,0,5,1.0,2,1,0,1,1,1,0,1,1,92.7,2,1,0,1,1,1,1,1,0,8.0,8830,44.0,170.6,1.0,5,3.8,3.6,2.0,1,0,83.0,Good,Medium,3,3,2,2,0.0,0.0005661872947571,9.22222222222222,-1,2
LOC0721,Nashik Government College,2,18,9,19.98432,73.794997,0,8,1.0,1,1,0,0,0,1,0,1,1,88.1,1,1,0,0,1,0,0,0,2,38.0,3432,2.0,60.6,5.0,3,1.7,1.7,17.0,1,2,81.7,Good,Low,2,2,1,0,76.0,0.0008738712496358,2.094871794871795,-1,0
LOC0722,Mumbai Central Park,6,15,9,19.026199,72.769136,1,33,24.0,1,1,0,1,0,0,0,0,0,86.6,2,1,1,1,1,0,1,0,1,6.0,1699,5.0,26.7,17.0,5,2.7,2.7,1.0,1,2,50.9,Poor,High,2,0,3,1,6.0,0.0029411764705882,7.271428571428571,-1,1
LOC0723,Chennai Airport Terminal,0,4,11,13.197506,80.362058,1,29,13.0,4,1,0,1,0,1,1,1,0,95.3,2,0,1,0,0,0,1,0,0,21.0,3878,21.0,197.1,3.0,6,3.1,3.0,6.0,1,2,56.0,Average,High,3,2,1,1,0.0,0.0015467904098994,2.5454545454545454,-1,2
LOC0724,Mysuru Junction,7,16,6,12.287522,76.515367,1,18,18.0,2,1,1,0,0,0,0,1,1,85.2,2,1,2,1,0,0,1,1,2,30.0,15877,61.0,105.8,20.0,5,3.5,3.5,9.0,1,2,71.5,Average,Medium,3,1,4,2,60.0,0.0003149011210479,2.306451612903226,-1,1
LOC0725,Bengaluru International Airport,0,1,6,13.055671,77.527833,0,13,5.0,3,1,0,1,1,1,0,1,1,100.4,1,2,0,1,1,1,0,1,1,38.0,7417,35.0,210.8,10.0,0,4.4,4.4,14.0,1,1,98.4,Excellent,Low,3,3,3,1,38.0,0.0,2.5230769230769234,-1,2
LOC0726,Lucknow Junction,7,14,13,26.810211,80.948091,1,83,22.0,2,0,0,0,0,0,1,0,1,78.7,0,2,1,0,0,0,1,1,0,18.0,13310,56.0,106.7,19.0,12,2.2,2.1,8.0,1,1,15.5,Poor,High,2,0,3,2,0.0,0.000901510029299,0.8157894736842105,-1,1
LOC0727,Indore Municipal Office,3,9,8,22.63514,75.823575,1,30,13.0,2,1,1,1,1,0,0,1,1,95.7,2,0,0,1,0,0,1,1,2,12.0,3437,14.0,36.0,16.0,4,2.4,2.5,8.0,0,2,83.7,Good,Medium,4,2,1,2,24.0,0.0011634671320535,6.438461538461539,-1,1
LOC0728,Thiruvananthapuram Collectorate Office,3,23,7,8.655418,76.892489,1,17,9.0,3,0,0,0,0,0,0,0,0,79.6,1,1,1,1,0,1,0,1,1,13.0,3139,19.0,32.2,10.0,3,2.9,2.8,2.0,1,1,52.0,Poor,High,0,0,3,1,13.0,0.0009554140127388,3.7142857142857135,-1,1
LOC0729,Chandigarh Junction,7,3,3,30.657124,76.642095,1,59,23.0,3,1,0,0,0,1,1,0,0,74.0,1,2,2,0,1,0,1,0,1,18.0,4693,20.0,85.5,19.0,5,2.7,2.5,2.0,1,1,55.1,Average,Medium,2,1,4,1,18.0,0.0010651896037494,2.9,-1,1
LOC0730,Udaipur Collectorate Office,3,24,10,24.448721,73.838259,1,16,5.0,3,1,0,0,0,0,0,1,0,80.0,2,0,1,0,1,0,1,0,2,35.0,2943,12.0,39.7,15.0,7,2.8,2.4,17.0,1,2,40.1,Poor,High,1,1,1,1,70.0,0.0023777173913043,1.113888888888889,-1,1
LOC0731,Kochi Municipal Office,3,12,7,9.904736,76.371027,1,39,14.0,2,1,0,0,0,1,0,0,0,79.7,1,0,2,1,1,1,1,1,1,31.0,539,2.0,34.6,12.0,3,2.1,1.9,19.0,1,1,66.2,Average,Medium,1,1,3,2,31.0,0.0055555555555555,2.06875,-1,1
LOC0732,Kolkata Shopping Mall,5,13,14,22.528229,88.320023,0,12,11.0,7,1,0,1,0,0,1,1,0,82.0,0,0,2,1,0,0,1,1,0,25.0,11534,46.0,161.9,14.0,3,3.1,2.9,11.0,1,1,65.1,Average,Medium,3,1,3,2,0.0,0.000260078023407,2.503846153846154,-1,2
LOC0733,Chennai Green Park,6,4,11,12.97191,80.228528,1,18,4.0,1,0,1,1,1,0,0,0,0,86.9,1,0,0,1,0,0,1,0,0,17.0,2669,9.0,20.5,20.0,6,4.1,4.3,9.0,2,2,75.0,Good,Medium,2,1,1,1,0.0,0.0022471910112359,4.166666666666667,-1,1
LOC0734,Bengaluru Railway Station,7,1,6,12.840148,77.57225,1,31,5.0,1,1,1,1,1,1,1,1,1,93.7,2,2,1,1,1,0,1,0,0,27.0,4157,12.0,66.2,20.0,5,3.4,3.3,20.0,0,0,58.9,Average,High,5,3,4,1,0.0,0.0012025012025012,2.1035714285714286,-1,1
LOC0735,Guwahati Domestic Airport,0,7,1,26.208998,91.599256,0,15,14.0,7,1,1,1,0,1,1,1,1,87.3,1,2,2,1,0,0,0,0,1,38.0,17492,73.0,215.5,4.0,1,4.1,4.0,7.0,0,1,89.5,Good,Medium,5,2,5,0,38.0,5.7165723432230034e-05,2.2948717948717947,-1,2
LOC0736,Surat City Centre Mall,5,21,5,21.236861,72.909574,1,13,13.0,3,1,1,1,0,0,1,1,1,92.6,1,0,2,0,0,0,0,0,0,26.0,17220,61.0,125.7,9.0,4,4.1,4.1,7.0,0,2,91.5,Excellent,Medium,5,1,2,0,0.0,0.0002322745485163,3.388888888888889,-1,2
LOC0737,Guwahati Central Station,7,7,1,26.001221,91.873532,1,48,14.0,2,0,1,1,1,0,0,0,0,88.5,2,2,2,1,0,0,1,1,0,34.0,4154,18.0,84.5,15.0,4,1.9,1.9,16.0,1,1,41.5,Poor,High,2,1,5,2,0.0,0.000962695547533,1.1857142857142855,-1,1
LOC0738,Visakhapatnam City Park,6,25,0,17.809218,83.18886,0,32,21.0,1,1,0,0,0,0,0,0,0,88.2,2,1,1,0,1,0,0,1,2,2.0,2930,8.0,23.1,13.0,2,2.6,2.4,12.0,1,0,33.1,Poor,High,1,0,2,1,4.0,0.0006823609689525,11.033333333333331,-1,0
LOC0739,Thiruvananthapuram Airport Terminal,0,23,7,8.507409,76.842381,0,19,5.0,6,1,1,1,0,0,1,1,1,97.0,0,1,2,1,1,0,0,0,1,13.0,8100,31.0,285.9,1.0,1,2.8,2.7,11.0,1,2,99.1,Excellent,Low,5,1,4,0,13.0,0.0001234415504258,7.078571428571428,-1,2
LOC0740,Nagpur Institute of Technology,2,17,9,21.053347,79.003834,1,12,12.0,3,1,1,0,0,0,0,1,0,91.4,2,0,2,1,1,0,1,1,1,28.0,3698,15.0,39.1,11.0,0,3.5,3.8,15.0,2,0,61.5,Average,Medium,2,1,3,2,28.0,0.0,2.1206896551724137,-1,1
LOC0741,Kanpur District Office,3,11,13,26.405236,80.190893,1,40,16.0,2,0,1,1,0,0,1,0,1,94.4,0,0,2,1,0,1,1,1,1,7.0,4891,18.0,38.5,19.0,2,3.5,3.1,16.0,2,1,68.6,Average,Medium,4,0,3,2,7.0,0.0004088307440719,8.575,-1,1
LOC0742,Mysuru Temple Complex,8,16,6,12.391586,76.628498,1,198,45.0,1,1,1,1,0,0,0,0,1,93.7,1,0,1,1,0,0,0,0,0,23.0,2634,5.0,21.5,22.0,5,1.0,1.1,17.0,2,1,48.2,Poor,High,4,0,2,0,0.0,0.0018975332068311,2.0083333333333333,-1,3
LOC0743,Thane Domestic Airport,0,22,9,19.252698,73.029703,1,7,2.0,5,1,1,1,0,0,0,0,1,99.7,0,2,0,1,1,0,1,1,2,10.0,14074,62.0,165.6,4.0,2,4.1,4.6,10.0,1,1,85.0,Good,Low,4,0,3,2,20.0,0.0001420959147424,7.727272727272727,-1,2
LOC0744,Patna Bus Stand,1,19,2,25.448674,85.273241,1,14,14.0,1,0,0,1,0,0,0,0,0,86.4,0,0,2,1,0,0,1,0,2,13.0,408,13.0,9.9,28.0,7,1.8,1.5,0.0,1,2,44.8,Poor,High,1,0,3,1,26.0,0.0171149144254278,3.2,-1,3
LOC0745,Indore City Centre Mall,5,9,8,22.604155,75.899042,0,17,12.0,4,1,1,1,1,0,1,1,1,98.6,0,1,2,1,1,0,0,0,0,6.0,8045,30.0,129.8,9.0,3,3.8,3.7,8.0,0,2,98.9,Excellent,Medium,5,2,4,0,0.0,0.000372856077554,14.12857142857143,-1,2
LOC0746,Nashik Plaza Mall,5,18,9,20.069003,73.852164,0,9,9.0,2,1,1,1,0,1,1,1,1,100.6,1,2,0,1,1,1,0,1,2,24.0,8363,31.0,180.4,10.0,1,4.9,4.9,12.0,0,1,100.0,Excellent,Low,5,2,3,1,48.0,0.0001195600191296,4.0,-1,2
LOC0747,Chandigarh Bus Stand,1,3,3,30.738008,76.834091,0,13,13.0,1,0,0,0,0,0,1,0,1,79.9,0,0,2,1,0,0,1,0,1,14.0,410,4.0,11.9,26.0,5,2.6,2.9,21.0,1,1,47.1,Poor,High,2,0,3,1,14.0,0.0121654501216545,3.14,-1,3
LOC0748,Coimbatore Junction,7,5,11,10.939256,76.851009,1,75,29.0,1,0,1,1,1,0,0,0,0,85.0,2,1,2,1,0,1,1,1,0,16.0,17567,67.0,100.2,12.0,6,3.1,3.0,2.0,0,0,48.2,Poor,High,2,1,4,2,0.0,0.0003415300546448,2.835294117647059,-1,1
LOC0749,Mysuru Bus Stand,1,16,6,12.170792,76.656216,1,22,4.0,1,0,0,0,1,0,1,0,0,69.1,0,1,1,1,0,0,1,0,0,10.0,1394,4.0,10.5,10.0,7,2.6,2.7,8.0,1,0,35.0,Poor,High,1,1,3,1,0.0,0.0050179211469534,3.1818181818181817,-1,1
LOC0750,Thane Central Park,6,22,9,19.293585,73.05051,1,35,24.0,1,1,0,0,0,0,1,0,1,79.6,2,0,2,1,0,0,1,0,0,14.0,999,3.0,16.9,19.0,4,2.8,2.6,14.0,1,0,38.6,Poor,High,3,0,3,1,0.0,0.004,2.5733333333333333,-1,3
LOC0751,Nashik Grand Mall,5,18,9,19.925159,73.649798,0,4,4.0,7,1,1,0,1,1,1,1,1,77.6,0,0,2,1,0,1,0,0,2,24.0,13526,53.0,151.8,10.0,2,3.5,3.2,23.0,1,1,89.1,Good,Low,4,3,3,0,48.0,0.0001478524432616,3.564,-1,2
LOC0752,Kochi Domestic Airport,0,12,7,9.877414,76.415384,1,23,16.0,6,1,1,1,0,0,1,1,1,92.8,0,2,2,1,1,1,1,0,1,19.0,18189,77.0,195.1,11.0,3,3.0,3.0,3.0,0,1,81.4,Good,Medium,5,1,5,1,19.0,0.0001649257833974,4.07,-1,2
LOC0753,Guwahati Multispeciality Hospital,4,7,1,26.016501,91.670299,0,28,16.0,5,1,1,1,0,1,0,1,0,92.4,1,1,1,1,0,0,0,1,2,13.0,1681,18.0,129.6,3.0,3,4.2,4.3,12.0,1,2,92.9,Excellent,Medium,3,2,3,1,26.0,0.0017835909631391,6.635714285714286,-1,0
LOC0754,Patna Temple Complex,8,19,2,25.444175,85.11904,1,105,20.0,1,0,1,0,0,0,1,0,1,70.8,2,0,1,0,0,0,0,1,2,16.0,2136,6.0,22.3,18.0,8,1.6,1.8,21.0,2,0,12.1,Poor,High,3,0,1,1,32.0,0.0037435657463734,0.711764705882353,-1,3
LOC0755,Nashik Railway Station,7,18,9,19.933752,73.816524,1,75,19.0,1,0,0,0,0,0,0,0,1,69.6,0,0,2,1,0,0,1,0,2,35.0,12921,48.0,62.0,14.0,5,1.9,2.0,5.0,1,2,37.6,Poor,High,1,0,3,1,70.0,0.0003869370066553,1.0444444444444445,-1,1
LOC0756,Bhopal Institute of Technology,2,2,8,23.357284,77.422213,0,54,17.0,3,1,0,1,0,0,1,0,1,101.8,0,1,2,1,0,0,1,1,0,10.0,1551,2.0,57.0,19.0,4,2.6,2.7,16.0,1,1,64.5,Average,Medium,4,0,4,2,0.0,0.0025773195876288,5.863636363636363,-1,0
LOC0757,Thiruvananthapuram College of Engineering,2,23,7,8.604034,76.928196,1,24,15.0,2,1,1,0,1,1,0,0,1,81.6,2,0,1,1,1,0,0,1,1,38.0,4578,23.0,45.4,15.0,4,3.7,3.5,2.0,2,1,61.7,Average,High,3,2,2,1,38.0,0.0008735531775496,1.5820512820512822,-1,1
LOC0758,Chandigarh Medical Center,4,3,3,30.633072,76.668378,1,7,3.0,6,1,1,1,0,0,0,1,1,100.3,2,0,2,0,0,1,0,1,2,22.0,1406,11.0,105.0,12.0,1,3.1,3.5,16.0,0,2,74.7,Average,Medium,4,1,2,1,44.0,0.0007107320540156,3.247826086956522,-1,0
LOC0759,Jaipur Institute of Technology,2,10,10,26.785333,75.722053,0,19,13.0,3,1,1,0,0,0,0,1,0,84.8,1,0,0,1,0,0,1,0,0,7.0,4178,14.0,58.6,16.0,4,3.8,3.8,7.0,1,2,84.5,Good,Medium,2,1,1,1,0.0,0.0009571667863125,10.5625,-1,0
LOC0760,Guwahati International Airport,0,7,1,26.292467,91.735645,0,25,11.0,7,1,1,1,1,0,0,1,1,99.5,2,0,0,1,0,0,1,1,2,42.0,18112,72.0,220.5,9.0,2,3.3,3.5,18.0,1,2,91.0,Excellent,Low,4,2,1,2,84.0,0.0001104179318721,2.116279069767442,-1,2
LOC0761,Hyderabad Temple Complex,8,8,12,17.494846,78.429262,1,42,12.0,1,0,0,0,0,0,0,1,0,71.4,0,1,1,1,1,1,1,0,0,2.0,1617,4.0,27.0,16.0,8,1.9,1.9,22.0,1,2,33.8,Poor,High,0,1,3,1,0.0,0.0049443757725587,11.266666666666666,-1,1
LOC0762,Bengaluru Government College,2,1,6,12.972606,77.645587,1,56,15.0,3,1,0,0,0,0,1,0,0,72.1,1,1,1,1,1,0,1,0,0,26.0,2201,4.0,39.9,17.0,6,3.5,4.0,12.0,1,0,46.8,Poor,High,2,0,3,1,0.0,0.0027247956403269,1.7333333333333332,-1,1
LOC0763,Kochi Domestic Airport,0,12,7,9.899236,76.191675,1,28,18.0,4,1,1,1,1,0,0,1,0,90.3,0,0,1,1,1,0,1,1,0,14.0,10568,42.0,158.1,10.0,6,3.5,3.6,2.0,2,2,74.4,Average,High,3,2,2,2,0.0,0.0005676979846721,4.96,-1,2
LOC0764,Bengaluru Central Park,6,1,6,13.010026,77.72768,1,7,4.0,1,0,1,1,0,1,0,0,0,89.3,1,2,2,1,1,0,0,1,1,11.0,966,5.0,25.2,18.0,7,2.3,2.1,8.0,2,0,51.3,Poor,High,2,1,5,1,11.0,0.0072388831437435,4.275,-1,3
LOC0765,Bhopal Tehsil Office,3,2,8,23.322947,77.469924,1,71,15.0,3,0,0,1,1,0,1,0,1,90.2,0,1,1,1,0,0,1,1,1,30.0,4897,19.0,47.1,13.0,5,3.4,3.2,7.0,1,0,55.8,Average,Medium,3,1,3,2,30.0,0.0010208248264597,1.7999999999999998,-1,1
LOC0766,Patna Lake View Point,8,19,2,25.684149,85.075117,1,86,20.0,1,0,1,0,0,0,1,0,1,71.3,2,0,1,1,0,0,0,1,1,20.0,2752,12.0,32.7,22.0,9,1.7,1.6,18.0,0,1,25.7,Poor,High,3,0,2,1,20.0,0.003269160915365,1.2238095238095237,-1,3
LOC0767,Delhi City Park,6,6,4,28.786324,77.025744,1,6,6.0,1,1,0,0,1,0,0,0,0,79.7,1,2,0,0,1,0,1,1,2,5.0,2633,17.0,12.7,19.0,6,3.3,3.1,3.0,1,2,71.3,Average,Medium,1,1,2,2,10.0,0.0022779043280182,11.883333333333333,-1,1
LOC0768,Udaipur Bus Depot,1,24,10,24.669539,73.749487,1,20,18.0,1,0,0,0,0,0,0,0,0,71.2,0,2,2,0,0,0,1,0,2,3.0,1160,5.0,13.0,19.0,7,3.8,3.5,10.0,1,1,28.1,Poor,High,0,0,4,1,6.0,0.0060292850990525,7.025,-1,1
LOC0769,Indore Health Centre,4,9,8,22.785319,75.943901,1,29,18.0,4,1,1,0,0,1,0,1,1,88.3,1,0,2,1,0,0,1,1,2,12.0,4576,21.0,67.2,13.0,1,3.5,3.8,3.0,2,2,84.7,Good,Low,3,2,3,2,24.0,0.0002184837229626,6.515384615384615,-1,1
LOC0770,Patna Central Park,6,19,2,25.613942,85.042662,1,8,8.0,1,0,0,1,0,1,0,0,0,83.6,1,0,0,1,0,1,1,1,0,11.0,2687,10.0,22.8,22.0,8,2.6,2.3,0.0,1,1,61.9,Average,Medium,1,1,1,2,0.0,0.0029761904761904,5.158333333333333,-1,1
LOC0771,Jaipur Municipal Office,3,10,10,26.948227,75.930341,1,19,8.0,2,1,1,0,0,1,0,0,0,84.2,2,0,0,1,1,0,0,1,0,21.0,2671,8.0,28.7,23.0,8,2.4,2.6,16.0,1,1,57.7,Average,High,2,1,1,1,0.0,0.0029940119760479,2.622727272727273,-1,1
LOC0772,Mumbai International Airport,0,15,9,18.929394,72.906025,1,3,3.0,3,1,0,1,1,1,1,1,1,92.1,2,0,0,1,0,1,1,0,2,36.0,9897,45.0,198.4,5.0,1,3.7,3.5,1.0,1,2,95.1,Excellent,Low,4,3,1,1,72.0,0.0001010305112143,2.57027027027027,-1,2
LOC0773,Guwahati Shopping Mall,5,7,1,26.121732,91.687911,0,6,6.0,5,1,1,1,0,1,1,1,1,92.7,1,0,1,1,1,0,0,1,0,29.0,6831,26.0,132.3,1.0,1,3.7,3.9,8.0,0,2,96.9,Excellent,Medium,5,2,2,1,0.0,0.0001463700234192,3.23,-1,2
LOC0774,Kolkata Airport Terminal,0,13,14,22.454949,88.333896,0,1,1.0,5,1,0,1,1,0,1,0,1,88.3,2,0,2,1,0,1,0,1,0,7.0,8617,41.0,223.4,3.0,2,3.1,2.7,18.0,1,2,69.5,Average,Medium,4,1,3,1,0.0,0.0002320724065908,8.6875,-1,2
LOC0775,Pune District Office,3,20,9,18.427556,73.919961,1,32,14.0,1,0,1,1,1,1,0,0,0,89.5,0,2,0,1,0,1,1,1,1,13.0,1491,3.0,24.5,23.0,3,3.4,3.2,22.0,0,2,71.7,Average,Medium,2,2,3,2,13.0,0.0020107238605898,5.121428571428572,-1,1
LOC0776,Visakhapatnam Central Park,6,25,0,17.765181,83.181685,1,31,20.0,1,1,0,1,1,0,0,0,1,96.5,0,1,2,0,1,0,0,1,0,16.0,1176,2.0,17.9,13.0,5,3.5,3.4,3.0,1,2,76.8,Good,Medium,3,1,3,1,0.0,0.0042480883602378,4.517647058823529,-1,1
LOC0777,Mysuru Grand Mall,5,16,6,12.279182,76.694486,0,23,3.0,5,0,1,1,1,0,1,1,1,89.7,0,2,0,1,1,0,1,1,0,24.0,11780,49.0,178.8,14.0,7,3.8,4.0,7.0,0,2,78.6,Good,Medium,4,2,3,2,0.0,0.0005941770647653,3.144,-1,2
LOC0778,Bengaluru Multispeciality Hospital,4,1,6,12.945955,77.636545,1,23,18.0,7,1,1,0,0,1,1,1,1,81.3,1,1,0,1,1,1,0,1,0,31.0,2318,10.0,101.0,8.0,1,4.1,4.1,6.0,0,2,100.0,Excellent,Low,4,2,2,1,0.0,0.0004312203536006,3.125,-1,2
LOC0779,Mysuru Airport Terminal,0,16,6,12.439587,76.621335,1,6,1.0,3,1,1,1,0,1,1,1,1,94.3,0,1,0,1,1,1,0,1,0,40.0,5577,28.0,171.0,6.0,1,3.7,3.9,7.0,1,1,100.0,Excellent,Low,5,2,2,1,0.0,0.0001792757260666,2.4390243902439024,-1,2
LOC0780,Chennai Plaza Mall,5,4,11,13.032018,80.333718,0,1,1.0,5,1,1,1,0,1,0,1,0,92.2,1,1,0,1,0,0,0,1,0,43.0,8377,33.0,162.7,5.0,0,3.6,3.6,3.0,1,2,100.0,Excellent,Low,3,2,2,1,0.0,0.0,2.272727272727273,-1,2
LOC0781,Udaipur Heritage Fort,8,24,10,24.448404,73.636747,1,30,7.0,1,0,0,1,1,0,0,0,1,84.8,0,0,1,0,0,0,1,0,2,18.0,2800,12.0,21.1,15.0,9,3.1,3.4,11.0,1,0,36.0,Poor,High,2,1,1,1,36.0,0.003213138164941,1.894736842105263,-1,1
LOC0782,Kanpur International Airport,0,11,13,26.527692,80.400085,0,23,7.0,3,1,1,1,0,1,0,1,1,97.9,2,1,2,1,1,1,1,1,1,16.0,19401,74.0,248.9,5.0,1,3.0,2.9,4.0,0,2,92.3,Excellent,Medium,4,2,4,2,16.0,5.1541078239356766e-05,5.429411764705883,-1,2
LOC0783,Guwahati District Office,3,7,1,26.06303,91.72122,1,33,9.0,2,1,0,0,1,0,0,0,1,81.8,0,1,2,0,1,1,1,1,2,29.0,898,6.0,39.3,12.0,3,2.9,2.5,21.0,1,2,70.9,Average,Medium,2,1,3,2,58.0,0.0033370411568409,2.3633333333333337,-1,1
LOC0784,Thiruvananthapuram Bus Depot,1,23,7,8.457911,76.809129,1,8,8.0,1,0,0,0,0,0,0,0,0,75.7,0,1,1,1,0,1,1,1,0,12.0,2248,7.0,18.0,16.0,8,2.6,2.4,21.0,1,0,26.6,Poor,High,0,0,3,2,0.0,0.0035571365051133,2.0461538461538464,-1,1
LOC0785,Nagpur Heritage Fort,8,17,9,21.201081,79.230854,1,27,15.0,1,0,0,0,1,0,0,0,0,69.0,2,0,1,1,0,1,1,1,1,17.0,847,2.0,12.5,16.0,10,2.4,2.2,2.0,1,1,28.6,Poor,High,0,1,2,2,17.0,0.0117924528301886,1.588888888888889,-1,1
LOC0786,Nagpur Health Centre,4,17,9,21.25565,79.135154,1,27,16.0,2,1,0,1,1,1,0,0,1,95.6,2,1,2,1,0,1,1,0,0,32.0,730,5.0,56.7,21.0,2,4.4,4.7,4.0,1,2,77.4,Good,Medium,3,2,4,1,0.0,0.0027359781121751,2.3454545454545457,-1,1
LOC0787,Nashik Institute of Technology,2,18,9,20.118972,73.894013,1,39,17.0,3,1,0,0,0,0,1,0,1,85.1,0,0,2,0,0,1,0,1,1,23.0,4761,19.0,37.1,16.0,3,2.2,1.9,10.0,1,0,50.8,Poor,Medium,3,0,2,1,23.0,0.0006299874002519,2.1166666666666667,-1,1
LOC0788,Chandigarh Bus Stand,1,3,3,30.85825,76.841296,1,28,15.0,1,0,0,0,0,0,0,0,0,85.0,0,2,2,1,0,0,1,0,0,4.0,2130,12.0,13.8,21.0,8,3.1,3.3,10.0,1,1,26.2,Poor,High,0,0,5,1,0.0,0.003754106053496,5.24,-1,1
LOC0789,Bengaluru Central Station,7,1,6,12.982959,77.703027,1,86,32.0,2,1,0,1,0,0,0,0,1,91.8,2,0,1,1,0,0,1,0,0,33.0,15011,52.0,109.2,15.0,6,2.4,2.6,7.0,1,2,38.9,Poor,High,3,0,2,1,0.0,0.0003996802557953,1.1441176470588237,-1,1
LOC0790,Delhi Tehsil Office,3,6,4,28.785083,76.979675,1,56,13.0,3,0,0,1,1,0,1,0,0,83.6,2,0,0,1,0,0,1,1,0,22.0,2129,10.0,43.7,10.0,5,2.6,3.2,20.0,1,0,43.3,Poor,High,2,1,1,2,0.0,0.0023474178403755,1.8826086956521737,-1,1
LOC0791,Kochi Domestic Airport,0,12,7,9.994509,76.245666,0,30,12.0,4,1,1,1,1,1,0,1,1,90.1,2,0,1,1,0,0,0,1,1,25.0,4674,24.0,217.1,10.0,6,2.6,2.5,8.0,1,1,73.1,Average,High,4,3,2,1,25.0,0.001283422459893,2.8115384615384613,-1,2
LOC0792,Thiruvananthapuram Public Garden,6,23,7,8.605277,76.899516,1,13,2.0,1,1,0,0,0,0,0,0,0,78.3,0,2,2,1,0,1,0,1,1,7.0,2159,6.0,19.9,26.0,4,1.4,1.6,18.0,1,0,33.2,Poor,High,1,0,5,1,7.0,0.0018518518518518,4.15,-1,1
LOC0793,Bengaluru General Hospital,4,1,6,13.04406,77.533187,1,44,18.0,6,1,0,1,1,1,1,1,1,99.5,2,0,2,1,0,1,1,0,0,16.0,622,3.0,107.3,8.0,2,2.9,2.7,5.0,1,1,74.2,Average,Medium,4,3,3,1,0.0,0.0032102728731942,4.364705882352942,-1,0
LOC0794,Indore Grand Mall,5,9,8,22.724835,75.870325,0,19,12.0,5,1,1,0,1,0,1,1,0,81.8,1,2,0,1,1,0,1,1,2,19.0,10843,46.0,146.4,9.0,0,4.1,3.8,18.0,0,2,96.5,Excellent,Low,3,2,3,2,38.0,0.0,4.825,-1,2
LOC0795,Kanpur Railway Station,7,11,13,26.50844,80.184009,1,70,23.0,1,1,0,0,0,0,0,0,1,84.7,0,2,2,0,0,0,1,0,1,18.0,16339,66.0,108.5,12.0,5,2.2,2.3,0.0,1,0,34.0,Poor,High,2,0,4,1,18.0,0.0003059975520195,1.7894736842105263,-1,1
LOC0796,Coimbatore International Airport,0,5,11,11.019924,76.874739,1,17,2.0,7,1,1,1,1,0,0,1,1,89.7,2,1,2,0,0,0,0,1,2,20.0,14116,63.0,225.1,1.0,0,4.5,4.8,0.0,1,2,91.3,Excellent,Medium,4,2,3,1,40.0,0.0,4.347619047619047,-1,2
LOC0797,Chandigarh General Hospital,4,3,3,30.602195,76.907916,1,6,6.0,4,1,1,1,1,0,1,0,1,92.2,2,2,2,1,1,0,1,1,1,36.0,4748,26.0,83.8,6.0,1,3.0,3.1,2.0,1,1,83.5,Good,Medium,5,1,5,2,36.0,0.0002105706464518,2.256756756756757,-1,2
LOC0798,Kanpur Railway Station,7,11,13,26.527949,80.410555,1,53,22.0,2,0,1,0,1,0,1,1,1,77.3,0,0,1,1,1,1,1,1,2,31.0,10863,47.0,127.6,4.0,2,3.0,2.6,1.0,0,1,69.4,Average,Medium,3,2,2,2,62.0,0.0001840942562592,2.16875,-1,1
LOC0799,Nagpur Junction,7,17,9,21.177423,79.114754,1,11,11.0,1,0,0,1,1,0,0,0,0,94.2,2,0,2,0,1,0,1,1,0,12.0,18105,71.0,115.9,7.0,6,2.5,2.4,13.0,1,2,51.7,Poor,High,1,1,2,2,0.0,0.000331381862366,3.976923076923077,-1,1
LOC0800,Mumbai Plaza Mall,5,15,9,19.136206,72.784433,0,23,8.0,7,1,0,0,1,0,0,1,0,85.4,0,2,2,1,1,0,1,1,1,14.0,17175,71.0,159.4,10.0,3,2.6,2.7,3.0,1,1,61.4,Average,Medium,1,2,5,2,14.0,0.0001746623195156,4.093333333333333,-1,2
LOC0801,Bhopal Plaza Mall,5,2,8,23.233764,77.488433,0,7,2.0,5,0,1,1,1,0,0,1,0,82.2,0,1,2,1,1,1,1,0,2,37.0,14828,59.0,148.8,2.0,2,4.2,4.0,10.0,0,1,83.6,Good,Low,2,2,4,1,74.0,0.0001348708611504,2.2,-1,2
LOC0802,Patna District Office,3,19,2,25.623257,85.0727,1,36,19.0,2,0,0,0,1,0,0,0,0,71.2,0,2,2,0,1,0,1,1,1,8.0,1103,6.0,27.5,21.0,5,3.5,3.8,5.0,1,0,35.4,Poor,High,0,1,4,2,8.0,0.0045289855072463,3.933333333333333,-1,1
LOC0803,Coimbatore International Airport,0,5,11,10.990623,76.884486,1,16,5.0,7,0,1,0,1,1,1,0,0,73.4,2,1,2,1,0,0,1,1,2,6.0,5154,24.0,217.0,4.0,1,4.0,4.2,13.0,1,1,71.2,Average,Medium,2,2,4,2,12.0,0.0001939864209505,10.171428571428573,-1,2
LOC0804,Thiruvananthapuram Public Garden,6,23,7,8.474673,76.99445,0,30,18.0,1,1,0,1,0,0,0,1,1,94.1,0,0,1,0,0,0,1,0,2,12.0,736,4.0,23.0,12.0,0,2.8,2.8,7.0,1,2,63.4,Average,Medium,3,1,1,1,24.0,0.0,4.8769230769230765,-1,0
LOC0805,Coimbatore Heritage Fort,8,5,11,10.911004,77.050898,1,191,39.0,1,0,0,0,0,0,0,0,1,70.6,1,2,1,1,0,1,0,0,2,19.0,1766,2.0,31.1,23.0,12,1.3,1.1,1.0,1,1,16.2,Poor,High,1,0,4,0,38.0,0.0067911714770797,0.8099999999999999,-1,3
LOC0806,Kochi Tehsil Office,3,12,7,10.008727,76.154091,1,45,15.0,2,1,0,0,0,0,1,0,0,77.4,1,2,0,1,1,0,1,1,0,30.0,2753,3.0,36.0,21.0,4,2.7,2.3,21.0,1,1,57.6,Average,Medium,2,0,3,2,0.0,0.0014524328249818,1.8580645161290323,-1,1
LOC0807,Hyderabad Airport Terminal,0,8,12,17.434615,78.574076,1,27,20.0,7,0,0,1,1,1,1,1,1,91.9,0,1,0,1,0,1,0,1,1,20.0,6961,29.0,142.7,7.0,1,3.6,3.6,3.0,1,0,87.1,Good,Low,3,3,2,1,20.0,0.0001436368859523,4.147619047619047,-1,2
LOC0808,Jaipur Botanical Garden,8,10,10,27.025679,75.894029,1,61,27.0,1,0,0,0,0,1,1,0,1,72.5,0,2,0,1,1,0,1,1,0,22.0,2339,3.0,25.7,14.0,10,2.0,2.1,14.0,1,1,36.8,Poor,High,2,1,3,2,0.0,0.0042735042735042,1.6,-1,3
LOC0809,Kolkata City Hospital,4,13,14,22.558612,88.23395,1,59,17.0,7,0,1,1,0,0,1,0,1,88.7,0,0,1,1,0,0,1,1,0,33.0,1272,5.0,62.1,19.0,10,2.8,3.2,12.0,0,2,48.4,Poor,High,4,0,2,2,0.0,0.0078554595443833,1.423529411764706,-1,0
LOC0810,Kanpur Central Station,7,11,13,26.404188,80.320969,1,13,11.0,2,0,1,1,1,1,0,0,1,88.3,0,1,1,0,1,0,1,1,0,22.0,18169,75.0,104.4,15.0,7,3.1,3.5,8.0,2,1,60.1,Average,High,3,2,2,2,0.0,0.0003852504127682,2.61304347826087,-1,1
LOC0811,Surat Botanical Garden,8,21,5,21.080801,72.793607,1,67,30.0,1,0,0,1,0,0,1,0,0,81.6,1,1,2,1,0,0,1,1,1,17.0,605,5.0,23.8,14.0,6,1.5,1.2,11.0,1,1,56.9,Average,Medium,2,0,4,2,17.0,0.0099009900990099,3.161111111111111,-1,3
LOC0812,Kolkata Bus Depot,1,13,14,22.445502,88.223427,1,4,4.0,1,1,0,0,0,0,1,1,0,82.7,2,0,1,1,0,0,1,0,0,16.0,528,2.0,12.3,17.0,6,2.4,2.1,16.0,1,1,37.6,Poor,High,2,1,2,1,0.0,0.0113421550094517,2.211764705882353,-1,1
LOC0813,Hyderabad Domestic Airport,0,8,12,17.319265,78.63506,1,16,3.0,4,1,1,1,1,0,0,1,0,89.8,1,1,0,0,1,1,0,1,2,9.0,10810,51.0,233.9,1.0,1,3.7,4.5,4.0,0,2,100.0,Excellent,Low,3,2,1,1,18.0,9.249838127832764e-05,10.0,-1,2
LOC0814,Kanpur Bus Depot,1,11,13,26.522677,80.370846,1,26,8.0,1,1,0,0,0,1,0,1,0,86.9,2,0,1,0,0,0,1,0,1,12.0,1502,11.0,15.4,23.0,11,1.9,1.9,22.0,1,2,34.3,Poor,High,1,2,1,1,12.0,0.0073186959414504,2.6384615384615384,-1,1
LOC0815,Pune Railway Station,7,20,9,18.662722,73.918524,1,63,19.0,2,1,0,1,0,1,0,0,1,78.2,2,0,2,0,0,0,0,1,0,12.0,16616,63.0,123.4,11.0,5,2.2,2.7,21.0,1,1,41.6,Poor,High,3,1,2,1,0.0,0.0003008966720828,3.2,-1,1
LOC0816,Delhi Grand Mall,5,6,4,28.569847,77.075315,0,7,7.0,3,1,1,1,1,1,1,0,1,90.5,2,0,0,1,1,0,1,1,1,12.0,4247,9.0,117.9,8.0,2,3.9,4.0,6.0,0,2,100.0,Excellent,Low,5,2,1,2,12.0,0.0004708097928436,7.6923076923076925,-1,2
LOC0817,Kanpur Medical Center,4,11,13,26.471026,80.303987,1,22,13.0,7,0,1,0,0,1,0,1,1,70.9,1,0,2,0,1,0,1,1,1,7.0,2791,14.0,87.6,17.0,3,3.5,3.0,22.0,2,2,71.3,Average,Medium,2,2,2,2,7.0,0.0010744985673352,8.9125,-1,0
LOC0818,Thane Tehsil Office,3,22,9,19.216541,73.112881,1,59,26.0,1,0,0,0,0,0,0,0,0,77.9,0,2,2,1,0,0,1,1,0,6.0,2894,15.0,31.7,16.0,4,2.7,3.0,18.0,1,0,20.5,Poor,High,0,0,5,2,0.0,0.0013816925734024,2.9285714285714284,-1,1
LOC0819,Hyderabad Junction,7,8,12,17.398231,78.338465,1,83,22.0,2,0,1,0,0,0,1,1,0,85.9,2,2,1,1,0,0,1,1,0,26.0,17384,62.0,105.0,12.0,5,2.0,2.1,16.0,2,1,17.3,Poor,High,2,1,4,2,0.0,0.0002876042565429,0.6407407407407407,-1,1
LOC0820,Jaipur City Hospital,4,10,10,27.044673,75.741342,1,9,9.0,6,0,1,1,0,0,1,0,1,92.6,1,0,2,1,0,0,0,1,2,33.0,1633,16.0,61.8,14.0,0,2.7,1.9,20.0,1,2,84.7,Good,Low,4,0,3,1,66.0,0.0,2.4911764705882358,-1,0
LOC0821,Guwahati International Airport,0,7,1,26.073289,91.631552,1,20,3.0,3,0,1,1,1,0,1,1,0,85.4,1,1,2,0,0,0,0,1,2,16.0,17844,76.0,161.7,3.0,2,3.2,3.3,13.0,1,2,92.3,Excellent,Low,3,2,3,1,32.0,0.000112076211824,5.429411764705883,-1,2
LOC0822,Chennai City Park,6,4,11,13.045402,80.297233,1,20,20.0,1,0,1,0,0,0,0,0,0,82.7,0,2,2,0,0,0,1,1,2,11.0,897,2.0,15.1,19.0,4,3.1,2.6,17.0,2,0,30.9,Poor,High,1,0,4,2,22.0,0.0044543429844097,2.575,-1,1
LOC0823,Kanpur Tehsil Office,3,11,13,26.598171,80.254346,1,76,30.0,3,1,0,0,0,0,0,0,0,89.1,1,0,2,0,1,1,1,1,1,23.0,2897,9.0,41.6,24.0,11,1.7,1.6,14.0,1,0,42.3,Poor,High,1,0,2,2,23.0,0.0037957211870255,1.7625,-1,1
LOC0824,Lucknow Bus Depot,1,14,13,26.819696,80.914638,1,19,7.0,1,1,0,0,0,0,0,0,0,81.8,0,0,2,0,0,0,1,0,0,13.0,2925,10.0,14.6,24.0,14,2.5,2.3,7.0,1,1,35.4,Poor,High,1,0,2,1,0.0,0.0047846889952153,2.5285714285714285,-1,1
LOC0825,Patna Heritage Fort,8,19,2,25.489802,85.211037,1,179,46.0,1,0,0,1,0,0,0,0,1,78.1,2,2,1,0,1,0,1,1,1,8.0,2859,11.0,21.6,12.0,6,1.0,1.0,23.0,1,0,8.9,Poor,High,2,0,3,2,8.0,0.002097902097902,0.9888888888888888,-1,3
LOC0826,Chennai Heritage Fort,8,4,11,13.106697,80.283889,1,94,23.0,1,0,0,0,0,1,0,0,0,69.7,2,1,0,0,0,0,0,1,1,11.0,1739,6.0,36.6,29.0,10,2.5,2.4,1.0,1,0,25.5,Poor,High,0,1,1,1,11.0,0.0057471264367816,2.125,-1,3
LOC0827,Coimbatore Public Garden,6,5,11,11.008358,76.845839,1,42,11.0,1,0,0,1,0,0,1,0,0,91.0,2,1,1,0,0,0,0,1,2,18.0,2401,6.0,22.3,11.0,3,3.1,3.4,7.0,1,2,45.9,Poor,High,2,0,2,1,36.0,0.0012489592006661,2.4157894736842103,-1,1
LOC0828,Kochi Multispeciality Hospital,4,12,7,9.787641,76.244409,0,3,3.0,2,1,0,1,1,1,1,0,0,85.4,2,0,0,1,0,0,1,0,1,20.0,4529,32.0,150.0,9.0,1,4.1,3.9,12.0,1,2,83.6,Good,Low,3,2,1,1,20.0,0.0002207505518763,3.980952380952381,-1,2
LOC0829,Nashik College of Engineering,2,18,9,20.018607,73.645916,1,33,9.0,2,1,0,1,1,1,0,1,0,94.6,2,2,1,1,0,0,0,1,1,29.0,4981,26.0,33.3,17.0,4,2.9,2.7,20.0,1,1,49.5,Poor,High,2,3,4,1,29.0,0.0008028904054596,1.65,-1,1
LOC0830,Hyderabad Degree College,2,8,12,17.310435,78.591472,1,39,17.0,1,1,1,0,1,0,0,0,0,80.0,2,0,1,1,1,0,1,1,0,29.0,1082,7.0,39.5,17.0,6,2.8,2.9,5.0,1,2,55.8,Average,High,2,1,2,2,0.0,0.0055401662049861,1.86,-1,1
LOC0831,Patna City Hospital,4,19,2,25.642134,85.019065,1,58,17.0,7,1,1,0,1,0,0,0,0,80.3,2,2,2,1,0,0,0,1,1,19.0,3069,14.0,94.8,10.0,4,2.4,2.1,10.0,0,2,52.3,Poor,High,2,1,5,1,19.0,0.0013029315960912,2.615,-1,0
LOC0832,Chennai City Bus Stop,1,4,11,12.972456,80.174834,1,6,6.0,1,0,0,0,0,0,0,0,0,81.3,1,2,2,1,0,0,1,0,1,14.0,2875,15.0,51.7,15.0,0,3.1,3.1,11.0,1,0,42.4,Poor,High,0,0,5,1,14.0,0.0,2.8266666666666667,-1,1
LOC0833,Thane Lake View Point,8,22,9,19.141182,72.955966,1,181,48.0,1,0,0,0,0,0,1,1,0,62.8,2,0,2,1,0,0,1,0,1,10.0,615,7.0,17.1,19.0,3,2.4,2.3,10.0,1,1,34.0,Poor,High,1,1,3,1,10.0,0.0048701298701298,3.090909090909091,-1,3
LOC0834,Surat Bus Depot,1,21,5,21.129335,72.832855,1,16,16.0,1,0,0,0,0,0,0,0,0,70.7,0,1,1,1,0,0,1,0,0,7.0,1320,2.0,11.3,18.0,4,2.3,1.9,23.0,1,0,21.6,Poor,High,0,0,3,1,0.0,0.0030280090840272,2.7,-1,1
LOC0835,Kochi Medical Center,4,12,7,10.002881,76.279473,1,25,19.0,7,1,1,0,0,1,0,0,1,79.7,1,1,2,1,0,0,0,1,2,30.0,1945,11.0,90.0,14.0,0,3.7,3.6,12.0,1,1,86.5,Good,Low,3,1,4,1,60.0,0.0,2.790322580645161,-1,0
LOC0836,Ahmedabad Domestic Airport,0,0,5,23.014606,72.602432,1,7,7.0,4,1,1,0,0,1,1,1,1,71.0,1,1,1,1,1,0,1,0,2,8.0,11326,55.0,220.0,6.0,1,3.6,3.8,18.0,0,1,85.3,Good,Medium,4,2,3,1,16.0,8.828462964597864e-05,9.477777777777778,-1,2
LOC0837,Mumbai City Hospital,4,15,9,18.965724,72.906843,0,30,14.0,2,1,1,1,1,1,1,0,1,95.7,1,0,2,1,1,0,0,1,2,19.0,1645,13.0,68.9,11.0,1,3.5,3.7,23.0,1,2,100.0,Excellent,Low,5,2,3,1,38.0,0.0006075334143377,5.0,-1,2
LOC0838,Nashik Domestic Airport,0,18,9,20.052181,73.681214,0,10,2.0,7,1,1,1,1,1,1,1,1,97.7,1,2,0,1,1,0,1,1,2,24.0,14829,63.0,201.7,11.0,1,3.5,3.7,16.0,1,0,100.0,Excellent,Low,5,3,3,2,48.0,6.743088334457182e-05,4.0,-1,2
LOC0839,Jaipur Junction,7,10,10,26.779007,75.69283,1,62,27.0,1,1,1,1,1,1,1,1,1,100.2,2,0,1,1,1,0,1,0,2,16.0,7706,35.0,86.9,9.0,4,2.8,2.8,22.0,2,1,69.5,Average,High,5,3,2,1,32.0,0.0005190086933956,4.088235294117647,-1,1
LOC0840,Bhopal Airport Terminal,0,2,8,23.14048,77.3685,0,29,11.0,6,1,0,1,0,1,0,0,1,93.9,0,2,2,0,1,0,1,1,1,35.0,15257,63.0,189.6,6.0,0,3.1,3.3,20.0,1,2,69.8,Average,Medium,3,1,4,2,35.0,0.0,1.9388888888888889,-1,2
LOC0841,Surat Lake View Point,8,21,5,21.037126,72.711018,0,143,34.0,1,1,0,0,0,0,1,0,1,75.9,2,0,1,0,0,0,1,1,0,23.0,1266,2.0,27.7,16.0,12,1.4,1.3,1.0,1,0,17.1,Poor,High,3,0,1,2,0.0,0.0094711917916337,0.7125,-1,3
LOC0842,Mysuru General Hospital,4,16,6,12.390144,76.779899,0,47,20.0,7,1,1,0,0,1,1,0,1,75.8,0,1,0,0,0,1,1,1,2,9.0,4649,25.0,90.1,3.0,3,3.0,2.7,8.0,0,0,77.2,Good,Low,4,1,1,2,18.0,0.0006451612903225,7.720000000000001,-1,0
LOC0843,Nashik Municipal Office,3,18,9,19.960844,73.667282,1,67,14.0,3,0,0,1,0,0,0,0,1,84.4,2,1,1,0,1,0,1,1,1,33.0,3867,12.0,33.6,17.0,7,2.5,2.4,7.0,1,1,34.3,Poor,High,2,0,2,2,33.0,0.0018097207859358,1.008823529411765,-1,1
LOC0844,Lucknow Green Park,6,14,13,26.985648,80.831653,0,45,16.0,1,1,1,0,0,0,0,0,0,90.8,2,1,2,1,0,0,0,1,1,7.0,325,2.0,12.2,16.0,1,1.9,2.1,3.0,1,1,62.5,Average,Medium,2,0,4,1,7.0,0.0030674846625766,7.8125,-1,0
LOC0845,Nashik Railway Station,7,18,9,19.877049,73.644162,1,53,22.0,3,1,1,0,1,0,0,1,0,78.9,1,0,0,0,1,0,1,1,0,33.0,15786,57.0,85.0,14.0,6,1.8,1.6,2.0,1,1,80.4,Good,Medium,2,2,0,2,0.0,0.0003800595426616,2.364705882352941,-1,1
LOC0846,Kanpur College of Engineering,2,11,13,26.369509,80.361647,1,23,5.0,3,1,1,1,0,0,1,1,0,86.8,1,0,0,0,0,1,0,0,0,31.0,4241,22.0,60.0,7.0,1,3.2,3.3,16.0,1,1,88.8,Good,Low,4,1,0,0,0.0,0.0002357378595002,2.775,-1,1
LOC0847,Visakhapatnam Tehsil Office,3,25,0,17.558611,83.074484,1,72,19.0,2,0,0,1,0,0,0,0,1,79.1,2,1,0,1,0,1,1,0,1,36.0,4463,18.0,58.1,6.0,5,3.7,3.9,21.0,1,2,55.6,Average,Medium,2,0,2,1,36.0,0.0011200716845878,1.502702702702703,-1,1
LOC0848,Patna Grand Mall,5,19,2,25.601792,85.221692,1,9,9.0,2,1,1,1,1,1,1,1,1,96.3,1,1,1,1,1,0,1,1,0,6.0,10960,45.0,111.5,10.0,2,2.2,2.6,1.0,0,2,100.0,Excellent,Medium,5,3,3,2,0.0,0.0001824651035489,14.285714285714286,-1,2
LOC0849,Lucknow Grand Mall,5,14,13,26.938248,80.983977,1,10,10.0,3,1,1,1,0,0,0,0,1,87.6,0,2,2,1,1,0,1,0,1,30.0,8088,26.0,134.9,10.0,3,3.7,3.6,20.0,1,0,64.8,Average,Medium,4,0,5,1,30.0,0.0003708740264556,2.0903225806451613,-1,1
LOC0850,Pune Central Park,6,20,9,18.525661,73.823994,1,30,12.0,1,0,1,1,1,0,0,0,1,82.5,2,0,2,1,1,1,0,1,1,2.0,1859,7.0,26.3,15.0,1,1.2,1.2,4.0,2,0,51.2,Poor,High,3,1,3,1,2.0,0.0005376344086021,17.066666666666666,-1,0
LOC0851,Visakhapatnam Public Garden,6,25,0,17.674333,83.158626,1,2,2.0,1,0,1,0,0,1,0,0,0,78.4,0,2,2,1,0,1,0,0,2,19.0,2940,7.0,18.6,17.0,3,2.4,2.3,5.0,2,2,47.8,Poor,High,1,1,5,0,38.0,0.0010200612036722,2.39,-1,1
LOC0852,Udaipur Junction,7,24,10,24.477362,73.655619,1,31,10.0,1,1,0,1,0,0,0,1,0,98.6,2,0,2,1,0,0,1,0,2,40.0,5239,25.0,77.8,19.0,5,2.9,2.8,11.0,1,2,56.9,Average,Medium,2,1,3,1,80.0,0.0009541984732824,1.3878048780487804,-1,1
LOC0853,Chandigarh Temple Complex,8,3,3,30.871147,76.922023,1,116,38.0,1,0,0,0,1,0,0,0,0,72.3,2,2,1,0,0,0,0,0,1,4.0,2032,6.0,22.3,15.0,4,1.5,1.1,10.0,1,2,13.6,Poor,High,0,1,3,0,4.0,0.0019675356615838,2.72,-1,3
LOC0854,Mysuru Airport Terminal,0,16,6,12.427553,76.57444,1,29,17.0,6,1,1,1,0,1,1,0,1,95.9,0,0,2,1,0,1,1,1,0,39.0,12402,55.0,125.6,14.0,5,3.2,3.3,1.0,1,2,88.2,Good,Medium,5,1,3,2,0.0,0.0004031282754172,2.205,-1,2
LOC0855,Indore Heritage Fort,8,9,8,22.69047,75.886514,1,19,18.0,1,0,0,0,1,1,0,0,0,70.0,2,2,2,1,0,0,1,0,1,4.0,1430,14.0,22.2,19.0,3,2.4,2.3,2.0,1,1,35.4,Poor,High,0,2,5,1,4.0,0.0020964360587002,7.08,-1,1
LOC0856,Chennai Medical Center,4,4,11,12.947613,80.232178,0,39,20.0,5,1,0,1,1,0,1,0,1,96.8,2,1,2,1,0,0,1,1,1,24.0,2430,13.0,98.9,17.0,3,2.7,2.7,15.0,1,2,75.4,Good,Medium,4,1,4,2,24.0,0.0012340600575894,3.016,-1,0
LOC0857,Ahmedabad International Airport,0,0,5,22.944948,72.626447,1,23,6.0,4,1,1,1,0,1,1,0,0,94.0,2,1,2,1,0,0,1,1,1,19.0,9233,50.0,176.3,10.0,1,2.3,1.7,7.0,1,1,81.5,Good,Medium,4,1,4,2,19.0,0.0001082954299328,4.075,-1,2
LOC0858,Jaipur Government College,2,10,10,26.808183,75.858563,1,14,14.0,1,1,1,1,1,0,1,0,0,98.9,2,1,2,1,1,0,0,1,1,11.0,586,2.0,28.0,19.0,2,2.7,2.1,13.0,2,1,77.9,Good,Medium,4,1,4,1,11.0,0.0034071550255536,6.491666666666667,-1,1
LOC0859,Jaipur Bus Stand,1,10,10,27.058374,75.653026,1,37,17.0,1,0,0,0,1,0,1,0,0,80.3,1,2,0,0,0,1,1,0,2,11.0,662,3.0,10.7,17.0,6,3.0,3.0,16.0,1,1,54.9,Poor,High,1,1,2,1,22.0,0.0090497737556561,4.575,-1,1
LOC0860,Chennai Airport Terminal,0,4,11,13.186108,80.180364,1,16,16.0,4,1,0,1,0,0,1,0,1,91.4,0,1,0,1,1,0,1,0,0,23.0,12579,61.0,243.6,10.0,9,3.0,3.7,14.0,1,2,78.3,Good,Medium,4,0,2,1,0.0,0.0007154213036565,3.2625,-1,2
LOC0861,Guwahati Collectorate Office,3,7,1,26.254932,91.765076,1,43,26.0,2,1,0,0,0,0,0,1,0,82.3,2,1,0,0,0,0,1,0,1,24.0,4541,17.0,42.9,16.0,4,1.7,2.1,8.0,1,1,50.9,Poor,High,1,1,1,1,24.0,0.0008806693086745,2.036,-1,1
LOC0862,Nashik Junction,7,18,9,19.86699,73.745706,1,79,16.0,3,1,0,0,0,0,0,0,0,86.1,0,2,1,1,0,0,1,0,0,9.0,6026,28.0,38.3,14.0,4,2.3,2.4,3.0,1,0,19.5,Poor,High,1,0,4,1,0.0,0.0006636801061888,1.95,-1,1
LOC0863,Bhopal Collectorate Office,3,2,8,23.214912,77.305691,0,59,13.0,3,1,0,1,0,1,0,0,0,79.1,0,0,1,1,0,0,1,0,1,33.0,2536,17.0,40.5,19.0,0,3.4,3.5,15.0,1,2,57.3,Average,Medium,2,1,2,1,33.0,0.0,1.6852941176470588,-1,0
LOC0864,Nagpur Domestic Airport,0,17,9,21.050647,79.123504,0,22,4.0,6,1,1,1,0,1,1,0,1,90.6,1,0,1,1,0,0,0,1,1,18.0,13558,58.0,177.1,5.0,2,4.4,4.6,11.0,1,2,96.7,Excellent,Medium,5,1,2,1,18.0,0.0001475035032082,5.089473684210526,-1,2
LOC0865,Nagpur Lake View Point,8,17,9,21.175106,79.158394,1,35,6.0,1,0,0,1,1,0,0,0,1,86.6,2,1,1,0,0,0,1,1,2,11.0,814,3.0,16.4,17.0,5,3.4,3.3,21.0,1,0,35.4,Poor,High,2,1,2,2,22.0,0.0061349693251533,2.95,-1,3
LOC0866,Hyderabad Government College,2,8,12,17.374281,78.575917,1,40,7.0,2,1,0,0,1,0,0,0,0,80.4,0,2,2,1,0,0,1,1,2,10.0,4761,14.0,27.4,16.0,5,2.3,2.2,3.0,1,0,41.4,Poor,High,1,1,5,2,20.0,0.0010499790004199,3.763636363636364,-1,1
LOC0867,Kanpur International Airport,0,11,13,26.568162,80.302002,0,6,6.0,3,1,1,1,1,0,1,0,1,102.7,1,1,1,1,0,0,1,0,1,25.0,18423,80.0,196.5,1.0,1,3.5,3.4,10.0,0,2,100.0,Excellent,Medium,5,1,3,1,25.0,5.427702996092054e-05,3.8461538461538463,-1,2
LOC0868,Nagpur Government College,2,17,9,21.123982,79.188174,1,34,15.0,1,0,1,1,1,0,1,0,1,82.6,0,1,0,1,0,1,0,1,2,15.0,1925,2.0,55.4,13.0,2,1.8,1.7,5.0,1,1,83.0,Good,Low,4,1,2,1,30.0,0.0010384215991692,5.1875,-1,1
LOC0869,Kochi Grand Mall,5,12,7,10.055162,76.180667,0,2,2.0,3,1,1,0,1,0,1,0,0,73.9,2,2,0,1,1,0,0,0,1,5.0,17017,65.0,151.1,7.0,0,3.6,4.0,0.0,1,2,78.6,Good,Medium,3,1,3,0,5.0,0.0,13.1,-1,2
LOC0870,Surat Degree College,2,21,5,21.189197,72.976779,0,65,25.0,2,0,1,1,1,0,0,0,1,92.8,2,0,2,1,0,0,1,1,1,36.0,1347,11.0,50.0,16.0,2,3.4,3.6,6.0,2,1,60.5,Average,Medium,3,1,3,2,36.0,0.0014836795252225,1.635135135135135,-1,0
LOC0871,Indore Medical Center,4,9,8,22.587295,75.989804,1,33,8.0,6,1,0,1,0,0,0,0,1,99.3,1,1,1,1,0,1,1,0,2,6.0,3193,13.0,53.7,20.0,3,3.8,3.8,13.0,1,1,69.1,Average,Medium,3,0,3,1,12.0,0.0009392611145898,9.87142857142857,-1,0
LOC0872,Hyderabad Railway Station,7,8,12,17.456982,78.527529,1,53,8.0,2,0,1,1,1,0,0,0,1,81.0,1,1,0,1,1,0,1,1,2,7.0,19703,84.0,132.4,18.0,12,2.8,2.9,5.0,1,0,75.6,Good,Medium,3,1,2,2,14.0,0.0006090133982947,9.45,-1,1
LOC0873,Bengaluru Plaza Mall,5,1,6,12.853991,77.683237,0,5,5.0,4,1,1,1,1,0,1,0,1,89.9,0,2,2,1,1,1,0,0,2,29.0,12833,59.0,174.1,9.0,2,2.1,2.3,4.0,1,1,79.8,Good,Medium,5,1,5,0,58.0,0.0001558360604643,2.66,-1,2
LOC0874,Bengaluru District Office,3,1,6,13.048905,77.469038,1,22,16.0,2,1,0,1,1,0,0,0,0,88.0,1,1,2,1,0,0,1,1,1,11.0,4922,19.0,44.1,17.0,5,2.4,2.2,4.0,1,1,76.1,Good,Medium,2,1,4,2,11.0,0.0010156408693885,6.341666666666666,-1,1
LOC0875,Nagpur Central Station,7,17,9,21.170398,79.156362,1,84,33.0,3,0,1,1,1,1,0,0,0,75.3,2,2,0,1,0,0,1,1,1,28.0,12810,52.0,85.3,19.0,5,2.4,2.6,14.0,0,0,44.7,Poor,High,2,2,3,2,28.0,0.0003902895948794,1.5413793103448277,-1,1
LOC0876,Surat Bus Stand,1,21,5,21.159062,72.895526,1,2,2.0,1,0,0,1,0,0,0,0,0,83.3,0,0,1,0,0,0,1,0,1,22.0,2858,12.0,20.1,17.0,5,2.8,2.5,6.0,1,1,39.3,Poor,High,1,0,1,1,22.0,0.0017488632388947,1.708695652173913,-1,1
LOC0877,Thiruvananthapuram Airport Terminal,0,23,7,8.37782,77.000242,0,23,6.0,3,1,1,1,1,1,0,0,1,89.3,2,0,2,1,1,0,1,1,0,15.0,6403,30.0,196.1,4.0,3,4.2,4.2,21.0,2,1,72.4,Average,Medium,4,2,3,2,0.0,0.000468457214241,4.525,-1,2
LOC0878,Surat Multispeciality Hospital,4,21,5,21.257512,72.975168,1,19,9.0,2,1,1,0,1,0,1,0,0,76.0,0,0,0,1,1,1,0,0,0,26.0,1395,4.0,94.3,11.0,3,3.2,3.1,12.0,0,1,79.5,Good,Low,3,1,1,0,0.0,0.0021489971346704,2.9444444444444446,-1,0
LOC0879,Delhi Multispeciality Hospital,4,6,4,28.842599,77.249227,0,59,28.0,4,1,1,0,1,0,1,1,0,76.5,1,1,2,0,0,1,1,1,2,6.0,704,7.0,113.6,6.0,1,2.4,2.5,12.0,0,2,90.9,Excellent,Low,3,2,3,2,12.0,0.001418439716312,12.985714285714286,-1,0
LOC0880,Surat Degree College,2,21,5,21.090595,72.970329,0,44,15.0,2,0,0,0,1,1,0,1,0,79.2,0,1,2,1,1,0,0,1,2,19.0,4942,12.0,50.2,14.0,0,2.6,2.8,14.0,1,0,57.1,Average,Medium,0,3,4,1,38.0,0.0,2.855,-1,0
LOC0881,Mumbai International Airport,0,15,9,18.99101,72.781973,1,7,7.0,3,1,1,1,1,0,1,1,1,90.2,0,1,2,1,1,1,1,0,2,43.0,14758,60.0,215.3,5.0,0,4.5,4.4,0.0,2,2,100.0,Excellent,Low,5,2,4,1,86.0,0.0,2.272727272727273,-1,2
LOC0882,Patna Health Centre,4,19,2,25.470477,85.219237,1,48,18.0,2,1,1,1,1,0,0,0,1,95.1,2,2,1,1,0,0,1,1,1,22.0,3526,23.0,104.2,10.0,3,2.1,2.1,23.0,1,2,59.6,Average,High,4,1,4,2,22.0,0.0008505812305075,2.591304347826087,-1,0
LOC0883,Guwahati Multispeciality Hospital,4,7,1,26.272037,91.806878,1,7,1.0,6,1,1,0,1,1,1,0,0,83.1,0,0,0,1,0,0,1,1,2,37.0,2730,15.0,70.9,16.0,1,3.2,3.5,22.0,1,2,92.5,Excellent,Low,3,2,1,2,74.0,0.0003661662394727,2.4342105263157894,-1,2
LOC0884,Udaipur Bus Depot,1,24,10,24.640341,73.805265,1,30,23.0,1,0,0,0,0,0,0,1,1,75.8,2,0,1,0,1,0,0,0,1,11.0,2450,11.0,15.0,24.0,4,2.3,2.2,12.0,1,1,29.6,Poor,High,1,1,1,0,11.0,0.0016319869441044,2.466666666666667,-1,1
LOC0885,Delhi Grand Mall,5,6,4,28.627697,76.967048,1,23,14.0,7,1,1,0,1,0,1,1,1,87.3,0,2,2,1,1,0,1,1,2,27.0,16160,70.0,167.7,1.0,2,3.2,3.4,20.0,0,0,71.8,Average,Medium,4,2,5,2,54.0,0.0001237547181486,2.564285714285714,-1,2
LOC0886,Nagpur Green Park,6,17,9,21.066211,79.058723,1,31,22.0,1,1,0,0,0,0,1,0,0,79.4,2,1,1,1,1,0,0,1,2,18.0,2811,14.0,22.4,14.0,3,3.1,3.0,4.0,1,0,41.9,Poor,High,2,0,3,1,36.0,0.0010668563300142,2.205263157894737,-1,1
LOC0887,Nashik City Centre Mall,5,18,9,20.007521,73.89913,0,3,3.0,2,0,1,1,1,1,1,0,0,79.5,2,1,0,1,1,0,0,1,2,30.0,19087,77.0,191.8,11.0,1,3.4,3.3,21.0,1,2,87.8,Good,Low,3,2,2,1,60.0,5.238893545683152e-05,2.832258064516129,-1,2
LOC0888,Bengaluru Botanical Garden,8,1,6,13.003245,77.679333,1,190,31.0,1,0,0,0,1,1,0,0,1,67.9,1,1,0,1,0,0,1,1,1,20.0,635,2.0,17.3,18.0,11,1.8,2.1,9.0,1,0,52.5,Poor,High,1,2,2,2,20.0,0.0172955974842767,2.5,-1,3
LOC0889,Mumbai City Centre Mall,5,15,9,18.95684,72.906264,0,19,13.0,5,1,1,0,0,0,1,0,1,88.9,0,1,1,1,1,0,1,0,2,27.0,19552,77.0,179.4,8.0,1,3.8,3.5,15.0,1,1,74.9,Average,Medium,4,0,3,1,54.0,5.114304710274638e-05,2.6750000000000003,-1,2
LOC0890,Indore Multispeciality Hospital,4,9,8,22.665416,75.872053,1,39,22.0,2,1,1,1,0,0,0,0,0,106.2,0,0,2,1,1,0,0,1,0,29.0,4415,30.0,98.2,16.0,5,3.2,3.2,5.0,0,2,71.4,Average,Medium,3,0,3,1,0.0,0.0011322463768115,2.3800000000000003,-1,0
LOC0891,Pune General Hospital,4,20,9,18.584225,73.796976,0,44,22.0,2,0,1,1,1,0,1,1,1,90.9,1,0,0,0,1,1,0,0,2,5.0,1539,10.0,95.4,17.0,4,2.0,2.1,1.0,1,1,92.6,Excellent,Low,4,2,0,0,10.0,0.0025974025974025,15.433333333333332,-1,0
LOC0892,Patna Green Park,6,19,2,25.454274,85.237775,1,11,11.0,1,0,1,1,0,0,1,0,0,82.3,0,1,0,0,1,0,1,0,1,6.0,560,3.0,11.6,22.0,0,3.6,3.6,1.0,2,1,75.9,Good,Low,3,0,1,1,6.0,0.0,10.842857142857143,-1,1
LOC0893,Thiruvananthapuram Degree College,2,23,7,8.64638,76.87141,0,44,19.0,2,1,0,0,1,1,1,1,1,87.1,0,0,0,1,1,0,0,1,2,26.0,4321,19.0,65.1,3.0,0,2.4,2.4,2.0,1,2,89.0,Good,Low,3,3,1,1,52.0,0.0,3.2962962962962963,-1,0
LOC0894,Nashik City Centre Mall,5,18,9,20.016989,73.854503,0,6,1.0,6,1,0,0,0,0,1,0,0,84.3,1,0,0,1,1,0,1,1,1,44.0,7203,32.0,120.7,9.0,2,2.9,2.5,18.0,1,1,78.5,Good,Low,2,0,1,2,44.0,0.0002776235424764,1.7444444444444445,-1,2
LOC0895,Chandigarh Multispeciality Hospital,4,3,3,30.849575,76.697202,0,54,11.0,2,1,0,0,1,0,1,0,0,77.5,0,1,1,1,0,1,0,0,0,26.0,4540,25.0,111.6,13.0,4,2.1,2.2,22.0,1,1,48.5,Poor,High,2,1,3,0,0.0,0.000880863245981,1.7962962962962965,-1,0
LOC0896,Nashik City Park,6,18,9,19.936807,73.76973,1,26,22.0,1,0,1,1,0,0,0,0,1,92.8,2,0,1,1,0,0,0,1,1,22.0,1174,9.0,14.2,18.0,5,2.3,2.6,14.0,2,2,44.3,Poor,High,3,0,2,1,22.0,0.0042553191489361,1.9260869565217391,-1,3
LOC0897,Delhi Public Garden,6,6,4,28.806276,76.9569,1,47,25.0,1,0,0,0,0,1,0,0,0,76.9,0,1,0,1,1,0,0,1,2,4.0,2840,6.0,21.2,23.0,7,1.7,1.6,5.0,1,1,49.6,Poor,Medium,0,1,2,1,8.0,0.002463921154523,9.92,-1,3
LOC0898,Ahmedabad Grand Mall,5,0,5,22.894569,72.582555,0,8,2.0,7,1,1,0,0,1,1,1,1,84.6,1,2,1,1,1,0,0,1,0,38.0,13690,58.0,180.5,10.0,1,3.7,4.0,2.0,1,2,82.3,Good,Medium,4,2,4,1,0.0,7.304068366079907e-05,2.1102564102564103,-1,2
LOC0899,Thiruvananthapuram Municipal Office,3,23,7,8.538723,76.803025,1,51,19.0,3,0,1,1,0,0,0,0,0,92.8,0,0,0,1,1,0,0,0,2,38.0,1509,4.0,29.9,18.0,3,2.2,1.9,1.0,1,0,60.8,Average,Low,2,0,1,0,76.0,0.0019867549668874,1.558974358974359,-1,0
LOC0900,Nashik City Hospital,4,18,9,20.113515,73.710442,1,51,12.0,3,1,1,1,1,0,0,0,1,87.2,1,2,0,1,1,0,0,1,0,34.0,3733,13.0,128.5,10.0,7,2.5,2.2,14.0,2,2,74.2,Average,Medium,4,1,3,1,0.0,0.0018746652383502,2.12,-1,0
LOC0901,Jaipur City Bus Stop,1,10,10,27.018036,75.88134,1,34,22.0,1,1,0,1,0,1,1,0,0,96.5,1,2,2,0,0,0,1,0,0,22.0,549,7.0,10.0,27.0,8,2.4,2.4,16.0,1,0,48.8,Poor,High,3,1,4,1,0.0,0.0145454545454545,2.1217391304347823,-1,1
LOC0902,Patna Multispeciality Hospital,4,19,2,25.459608,85.238612,1,28,4.0,7,1,1,0,0,1,0,0,1,80.0,0,0,2,1,0,1,1,1,2,25.0,3262,13.0,77.2,15.0,6,3.9,4.0,9.0,2,0,60.3,Average,Medium,3,1,3,2,50.0,0.0018387986515476,2.319230769230769,-1,0
LOC0903,Thane Plaza Mall,5,22,9,19.122151,73.08063,0,19,17.0,2,1,1,1,0,0,1,0,1,86.3,1,2,2,1,0,1,0,0,2,30.0,8993,37.0,87.9,16.0,3,3.5,3.4,1.0,1,2,83.3,Good,Medium,5,0,5,0,60.0,0.0003335557038025,2.6870967741935483,-1,2
LOC0904,Mumbai Degree College,2,15,9,19.022749,72.983214,0,49,11.0,3,0,0,1,0,0,1,0,0,85.0,0,2,1,1,1,0,0,1,1,24.0,4786,25.0,48.4,11.0,3,2.6,2.8,6.0,1,2,42.9,Poor,High,2,0,4,1,24.0,0.0006266973052015,1.716,-1,0
LOC0905,Chandigarh Junction,7,3,3,30.755705,76.88751,1,30,24.0,2,1,0,1,1,1,0,1,0,100.0,0,1,2,1,0,0,1,1,1,25.0,5711,18.0,106.7,11.0,3,4.3,4.5,0.0,1,1,88.1,Good,Low,2,3,4,2,25.0,0.0005252100840336,3.3884615384615384,-1,1
LOC0906,Hyderabad International Airport,0,8,12,17.460504,78.497751,1,12,12.0,5,1,1,1,1,0,0,1,1,100.1,1,1,2,0,0,1,1,0,2,6.0,6315,30.0,176.7,3.0,0,3.8,3.7,19.0,0,2,100.0,Excellent,Low,4,2,3,1,12.0,0.0,14.285714285714286,-1,2
LOC0907,Chennai Green Park,6,4,11,13.229856,80.12937,1,27,7.0,1,1,0,1,0,0,0,1,0,98.4,2,2,2,1,0,0,1,0,2,9.0,2065,5.0,17.7,16.0,3,2.7,2.4,21.0,1,1,45.2,Poor,High,2,1,5,1,18.0,0.0014520813165537,4.5200000000000005,-1,1
LOC0908,Bengaluru Bus Depot,1,1,6,12.945784,77.55747,1,20,19.0,1,0,1,1,0,0,0,0,0,84.6,2,2,1,1,0,0,1,0,1,4.0,492,2.0,12.5,16.0,7,2.5,2.4,9.0,1,0,26.9,Poor,High,2,0,4,1,4.0,0.0141987829614604,5.38,-1,1
LOC0909,Coimbatore Central Station,7,5,11,11.132511,76.898326,1,39,13.0,3,1,0,0,0,0,1,0,0,80.5,2,1,1,1,0,0,1,1,0,38.0,18769,75.0,134.5,18.0,12,3.7,3.3,18.0,1,0,28.6,Poor,High,2,0,3,2,0.0,0.0006393180607352,0.7333333333333334,-1,1
LOC0910,Bengaluru General Hospital,4,1,6,12.875778,77.696419,0,11,11.0,7,1,1,1,0,0,1,1,0,97.0,1,1,0,1,1,0,1,1,2,28.0,2481,19.0,116.0,11.0,3,3.4,3.1,0.0,0,1,100.0,Excellent,Low,4,1,2,2,56.0,0.0012087026591458,3.4482758620689653,-1,0
LOC0911,Indore Museum,8,9,8,22.776949,75.910131,0,172,28.0,1,0,1,0,1,0,0,0,1,66.1,1,2,2,1,0,0,1,0,0,19.0,777,2.0,20.9,23.0,7,1.2,1.7,2.0,2,0,30.8,Poor,High,2,1,5,1,0.0,0.0089974293059125,1.54,-1,3
LOC0912,Jaipur Airport Terminal,0,10,10,26.98759,75.642391,0,8,8.0,3,0,1,1,1,1,1,0,1,84.9,0,0,2,1,1,0,1,0,0,20.0,15104,63.0,249.3,1.0,2,3.4,3.6,0.0,1,2,89.2,Good,Medium,4,2,3,1,0.0,0.0001324064879179,4.247619047619048,-1,2
LOC0913,Thane Central Park,6,22,9,19.263259,73.078292,1,13,9.0,1,1,1,1,0,0,0,0,1,96.7,0,0,2,0,0,0,1,1,2,4.0,765,2.0,16.0,20.0,4,1.2,1.1,16.0,1,1,67.8,Average,Medium,4,0,2,2,8.0,0.0052219321148825,13.56,-1,1
LOC0914,Coimbatore Railway Station,7,5,11,10.95957,77.029076,1,42,9.0,2,0,0,0,0,1,1,0,1,75.2,0,1,2,1,0,0,1,1,0,44.0,3458,16.0,90.8,9.0,7,2.2,1.9,17.0,1,1,49.3,Poor,High,2,1,4,2,0.0,0.0020237062734894,1.0955555555555554,-1,1
LOC0915,Surat Institute of Technology,2,21,5,21.148654,72.726589,1,14,14.0,1,1,0,1,0,1,0,1,0,104.7,0,0,2,1,1,0,0,1,0,39.0,1387,2.0,49.7,15.0,5,2.5,2.9,8.0,1,0,60.3,Average,Medium,2,2,3,1,0.0,0.0036023054755043,1.5074999999999998,-1,1
LOC0916,Visakhapatnam Central Station,7,25,0,17.693772,83.287805,1,33,11.0,1,1,0,0,0,0,0,0,0,77.0,2,0,2,1,0,1,0,1,0,38.0,3555,14.0,50.9,22.0,7,4.1,4.2,4.0,1,2,44.8,Poor,High,1,0,3,1,0.0,0.0019685039370078,1.1487179487179486,-1,1
LOC0917,Indore Public Garden,6,9,8,22.714751,75.895428,0,20,17.0,1,1,1,0,1,0,1,0,0,77.6,0,1,1,0,0,0,1,1,2,6.0,2596,11.0,27.2,15.0,4,2.7,2.4,13.0,0,1,65.9,Average,Medium,3,1,2,2,12.0,0.0015402387370042,9.414285714285716,-1,0
LOC0918,Thane Temple Complex,8,22,9,19.347473,73.047278,1,188,37.0,1,0,0,0,0,0,0,0,0,68.3,1,0,0,0,0,0,0,1,1,11.0,1968,12.0,23.7,18.0,6,1.0,1.0,14.0,1,1,37.9,Poor,Medium,0,0,0,1,11.0,0.0030472320975114,3.158333333333333,-1,3
LOC0919,Jaipur General Hospital,4,10,10,26.772852,75.645975,0,8,2.0,5,1,0,1,0,0,1,0,1,89.1,1,0,1,1,1,0,1,1,0,21.0,1794,13.0,67.0,18.0,3,3.3,2.8,23.0,1,1,65.6,Average,Medium,4,0,2,2,0.0,0.0016713091922005,2.981818181818181,-1,0
LOC0920,Hyderabad Tehsil Office,3,8,12,17.500215,78.462792,1,26,10.0,1,1,0,0,1,0,0,0,1,80.0,0,0,2,1,1,0,0,0,2,11.0,725,2.0,38.0,14.0,3,2.1,1.9,19.0,1,2,62.6,Average,Medium,2,1,3,0,22.0,0.0041322314049586,5.216666666666667,-1,1
LOC0921,Thane District Office,3,22,9,19.315355,72.831024,1,24,8.0,3,0,1,1,0,1,1,0,1,90.9,2,2,2,1,0,0,1,1,1,34.0,4992,17.0,39.7,10.0,2,3.3,2.6,13.0,0,0,55.7,Average,Medium,4,1,5,2,34.0,0.0004005607850991,1.5914285714285714,-1,1
LOC0922,Nashik Railway Station,7,18,9,20.030202,73.760843,1,70,22.0,1,0,0,0,0,0,1,0,0,81.1,0,2,1,1,0,0,1,1,0,16.0,16770,71.0,114.3,6.0,8,1.9,2.1,17.0,1,0,12.5,Poor,High,1,0,4,2,0.0,0.0004770138930296,0.7352941176470589,-1,1
LOC0923,Mysuru Temple Complex,8,16,6,12.207671,76.637931,1,102,19.0,1,0,0,0,0,1,0,0,1,72.9,0,0,2,0,1,0,1,0,1,10.0,1343,11.0,24.0,20.0,5,1.7,1.5,8.0,1,0,31.4,Poor,High,1,1,2,1,10.0,0.003720238095238,2.8545454545454545,-1,3
LOC0924,Kochi Degree College,2,12,7,9.90322,76.394331,0,24,11.0,2,0,1,1,0,0,1,1,0,85.9,2,0,2,1,0,0,0,0,2,5.0,762,7.0,65.2,10.0,3,2.6,2.5,9.0,0,1,55.4,Average,Medium,3,1,3,0,10.0,0.0039318479685452,9.233333333333333,-1,0
LOC0925,Guwahati Collectorate Office,3,7,1,26.138836,91.607573,1,43,26.0,3,0,0,1,0,0,1,0,0,84.8,1,0,0,0,0,0,0,1,1,9.0,610,2.0,36.6,13.0,4,3.6,3.7,8.0,1,2,70.1,Average,Medium,2,0,0,1,9.0,0.0065466448445171,7.01,-1,1
LOC0926,Ahmedabad Temple Complex,8,0,5,23.071809,72.680339,1,148,27.0,1,0,0,0,1,0,0,0,0,77.7,0,2,2,0,0,0,1,1,1,22.0,1074,2.0,15.4,17.0,9,1.9,1.9,16.0,1,0,21.6,Poor,High,0,1,4,2,22.0,0.0083720930232558,0.9391304347826088,-1,3
LOC0927,Kolkata Junction,7,13,14,22.65401,88.222842,1,44,22.0,1,1,0,1,1,0,0,0,0,97.5,1,0,2,0,0,1,1,1,2,17.0,8582,44.0,84.3,7.0,5,1.5,1.9,1.0,1,0,64.8,Average,Medium,2,1,2,2,34.0,0.000582546895025,3.6,-1,1
LOC0928,Guwahati Central Station,7,7,1,26.255602,91.706212,1,12,12.0,1,1,0,0,1,0,1,0,1,83.3,0,2,1,1,0,0,1,1,1,33.0,7726,34.0,96.6,8.0,1,2.7,2.6,16.0,1,2,59.6,Average,Medium,3,1,4,2,33.0,0.0001294163323411,1.7529411764705882,-1,1
LOC0929,Visakhapatnam Plaza Mall,5,25,0,17.714754,83.123781,0,15,15.0,4,0,1,0,0,1,0,0,1,77.3,1,2,0,1,1,0,1,1,2,17.0,8530,32.0,126.0,3.0,4,4.1,4.4,0.0,0,2,79.3,Good,Medium,2,1,3,2,34.0,0.0004688782088852,4.405555555555555,-1,2
LOC0930,Guwahati City Bus Stop,1,7,1,26.150025,91.793148,1,20,16.0,1,1,1,1,0,0,0,0,0,100.9,2,1,1,0,0,0,1,0,0,22.0,1203,2.0,11.6,20.0,11,2.9,2.8,20.0,1,0,40.6,Poor,High,3,0,2,1,0.0,0.0091362126245847,1.7652173913043478,-1,1
LOC0931,Ahmedabad Medical Center,4,0,5,23.035391,72.669883,0,20,3.0,4,1,0,1,0,1,0,0,1,88.0,0,0,0,1,1,1,1,1,2,22.0,1957,10.0,91.5,7.0,1,3.6,3.7,5.0,1,2,84.9,Good,Low,3,1,1,2,44.0,0.0005107252298263,3.691304347826087,-1,0
LOC0932,Thane Central Park,6,22,9,19.090974,72.833157,1,8,8.0,1,1,0,1,1,1,0,0,0,94.3,2,1,2,1,0,0,1,0,2,8.0,1287,2.0,11.3,27.0,5,2.7,2.8,16.0,1,0,57.4,Average,Medium,2,2,4,1,16.0,0.0038819875776397,6.377777777777777,-1,1
LOC0933,Indore Health Centre,4,9,8,22.695248,75.960861,0,48,24.0,4,1,0,0,1,0,1,0,1,72.3,1,0,2,1,0,0,1,0,0,26.0,4110,25.0,122.8,6.0,3,3.2,3.1,13.0,1,1,67.5,Average,Medium,3,1,3,1,0.0,0.0007297494526879,2.5,-1,0
LOC0934,Coimbatore Central Station,7,5,11,10.926926,77.096773,1,83,18.0,2,0,0,1,0,0,0,1,0,89.5,0,0,2,1,1,0,1,1,0,36.0,15337,64.0,85.4,18.0,7,2.2,2.0,20.0,1,2,43.8,Poor,High,1,1,3,2,0.0,0.0004563828400052,1.1837837837837837,-1,1
LOC0935,Ahmedabad District Office,3,0,5,23.087683,72.709773,1,40,7.0,1,0,0,0,0,0,0,1,1,79.7,2,1,1,1,0,1,0,1,0,10.0,2069,8.0,30.3,18.0,9,3.6,3.4,8.0,1,1,31.1,Poor,High,1,1,3,1,0.0,0.0043478260869565,2.827272727272728,-1,1
LOC0936,Chennai Institute of Technology,2,4,11,13.095526,80.209274,1,40,14.0,3,0,0,0,1,0,0,0,0,86.1,1,1,2,1,1,1,1,0,2,26.0,1897,5.0,52.7,17.0,2,2.4,2.6,14.0,1,2,66.4,Average,Medium,0,1,4,1,52.0,0.0010537407797681,2.4592592592592597,-1,1
LOC0937,Hyderabad Degree College,2,8,12,17.350127,78.623277,0,66,21.0,2,1,1,1,1,0,1,0,0,92.3,0,0,2,1,0,0,0,1,1,35.0,901,5.0,57.5,7.0,3,2.3,2.7,0.0,0,1,80.0,Good,Low,4,1,3,1,35.0,0.0033259423503325,2.2222222222222223,-1,0
LOC0938,Mysuru Lake View Point,8,16,6,12.303452,76.623982,1,92,20.0,1,1,1,0,1,0,0,0,0,75.5,0,0,1,0,0,0,0,1,2,24.0,315,3.0,21.8,15.0,3,2.2,2.5,17.0,0,1,47.9,Poor,High,2,1,1,1,48.0,0.0094936708860759,1.916,-1,1
LOC0939,Delhi District Office,3,6,4,28.798882,77.165012,1,65,18.0,1,1,1,0,0,0,0,0,0,90.4,0,0,0,1,0,0,1,1,2,13.0,4531,15.0,47.4,18.0,3,2.7,2.4,7.0,1,2,74.1,Average,Low,2,0,1,2,26.0,0.0006619593998234,5.292857142857143,-1,1
LOC0940,Visakhapatnam City Centre Mall,5,25,0,17.797211,83.196712,0,4,1.0,7,1,1,1,1,1,1,1,1,90.9,0,1,2,1,0,1,1,1,0,28.0,6525,28.0,125.2,13.0,3,3.1,3.5,7.0,2,2,99.0,Excellent,Medium,5,3,4,2,0.0,0.0004596996628869,3.413793103448276,-1,2
LOC0941,Thiruvananthapuram International Airport,0,23,7,8.574377,77.033232,1,19,12.0,7,1,1,1,0,1,1,0,0,93.9,0,0,2,1,0,1,1,1,2,9.0,8132,39.0,114.4,11.0,3,3.7,3.9,13.0,0,2,87.9,Good,Low,4,1,3,2,18.0,0.00036886757654,8.790000000000001,-1,2
LOC0942,Patna Degree College,2,19,2,25.469162,85.136194,1,11,11.0,1,0,0,1,0,0,0,0,1,89.7,1,2,1,1,0,1,1,0,0,33.0,1199,8.0,31.2,19.0,3,2.5,2.9,20.0,1,2,42.3,Poor,High,2,0,4,1,0.0,0.0025,1.2441176470588236,-1,1
LOC0943,Visakhapatnam Government College,2,25,0,17.558763,83.136525,0,63,28.0,2,0,1,0,1,0,1,0,1,71.1,2,1,0,1,0,0,1,1,1,15.0,2307,4.0,73.5,13.0,4,2.7,2.6,8.0,1,2,71.1,Average,Medium,3,1,2,2,15.0,0.0017331022530329,4.44375,-1,0
LOC0944,Nagpur Central Station,7,17,9,21.20299,79.208409,1,31,16.0,1,0,1,0,1,0,0,0,0,74.7,2,2,2,1,0,0,1,0,0,28.0,19825,77.0,143.5,12.0,7,2.5,2.3,1.0,2,2,32.7,Poor,High,1,1,5,1,0.0,0.0003530717239987,1.127586206896552,-1,1
LOC0945,Kolkata Government College,2,13,14,22.590884,88.321634,1,50,12.0,3,0,0,0,1,0,0,0,1,74.0,0,2,2,1,1,1,1,1,0,37.0,4177,17.0,51.7,14.0,6,1.7,1.3,18.0,1,1,34.5,Poor,High,1,1,5,2,0.0,0.0014360938247965,0.9078947368421052,-1,1
LOC0946,Thiruvananthapuram College of Engineering,2,23,7,8.528709,77.069825,0,27,14.0,3,1,0,1,0,0,0,1,1,93.9,1,2,2,1,0,0,1,1,1,38.0,2612,14.0,56.9,18.0,0,3.9,4.0,23.0,1,1,73.1,Average,Medium,3,1,5,2,38.0,0.0,1.874358974358974,-1,0
LOC0947,Pune Multispeciality Hospital,4,20,9,18.614986,73.809297,0,43,24.0,2,1,1,1,1,1,0,0,1,98.8,1,0,0,1,1,0,1,0,0,6.0,4699,24.0,122.2,17.0,2,3.6,3.5,14.0,1,2,100.0,Excellent,Low,4,2,1,1,0.0,0.0004255319148936,14.285714285714286,-1,0
LOC0948,Indore Shopping Mall,5,9,8,22.720176,75.956414,0,24,17.0,2,1,1,1,1,0,0,1,1,91.0,1,0,2,1,1,0,1,1,2,31.0,16714,66.0,180.7,7.0,5,2.1,1.8,19.0,0,1,91.2,Excellent,Medium,4,2,3,2,62.0,0.0002991325157044,2.85,-1,2
LOC0949,Pune Domestic Airport,0,20,9,18.550876,73.846213,0,29,14.0,2,1,1,1,1,1,1,1,1,92.8,0,2,0,1,0,1,0,0,0,21.0,10009,51.0,175.9,2.0,1,4.1,4.3,19.0,1,2,99.2,Excellent,Medium,5,3,3,0,0.0,9.99000999000999e-05,4.509090909090909,-1,2
LOC0950,Surat Degree College,2,21,5,21.091798,72.759168,1,22,18.0,1,0,1,0,0,0,0,0,0,82.3,0,2,2,1,0,1,0,0,0,22.0,2416,5.0,38.8,24.0,5,3.8,3.6,23.0,2,0,27.9,Poor,High,1,0,5,0,0.0,0.0020686801820438,1.2130434782608694,-1,1
LOC0951,Visakhapatnam City Centre Mall,5,25,0,17.806072,83.156584,0,4,4.0,3,1,1,1,1,0,0,1,1,88.3,1,0,0,1,0,1,1,1,2,44.0,7163,27.0,138.5,10.0,1,4.5,4.5,20.0,1,2,100.0,Excellent,Low,4,2,1,2,88.0,0.0001395868230039,2.2222222222222223,-1,2
LOC0952,Surat Tehsil Office,3,21,5,21.258492,72.786851,1,23,22.0,1,0,1,0,0,1,0,0,1,78.3,0,2,2,0,0,0,0,0,1,13.0,3372,8.0,42.7,6.0,2,3.3,3.1,20.0,2,2,50.3,Poor,High,2,1,4,0,13.0,0.0005929439667951,3.5928571428571425,-1,1
LOC0953,Hyderabad Bus Depot,1,8,12,17.315372,78.495616,1,7,1.0,1,0,0,0,1,0,0,1,0,68.8,0,0,2,1,0,1,1,1,1,22.0,2382,11.0,17.2,15.0,4,2.1,2.0,7.0,1,0,47.7,Poor,High,0,2,3,2,22.0,0.0016785564414603,2.073913043478261,-1,1
LOC0954,Nashik Degree College,2,18,9,19.903442,73.789739,1,46,8.0,1,1,1,1,0,1,1,0,0,81.4,0,0,2,0,1,1,0,1,0,24.0,543,2.0,34.0,16.0,7,3.2,2.9,23.0,1,0,64.0,Average,Medium,4,1,2,1,0.0,0.0128676470588235,2.56,-1,1
LOC0955,Chennai Airport Terminal,0,4,11,13.095053,80.238593,0,14,14.0,5,1,1,1,1,0,1,1,0,90.4,1,0,0,1,0,0,1,1,2,14.0,6474,25.0,215.7,1.0,1,2.6,2.5,20.0,1,0,99.6,Excellent,Low,4,2,1,2,28.0,0.0001544401544401,6.64,-1,2
LOC0956,Kochi General Hospital,4,12,7,10.004578,76.167858,1,58,26.0,2,0,1,0,1,1,0,1,1,72.5,2,0,2,1,0,0,0,1,1,14.0,3342,20.0,87.7,8.0,2,2.4,2.3,3.0,1,1,61.2,Average,Medium,2,3,3,1,14.0,0.0005982650314089,4.08,-1,1
LOC0957,Chennai Airport Terminal,0,4,11,12.982795,80.245677,1,13,12.0,2,0,1,1,1,0,1,1,1,85.0,0,0,0,1,1,1,0,0,2,24.0,6179,26.0,167.5,5.0,1,4.7,4.6,11.0,1,1,96.2,Excellent,Low,4,2,1,0,48.0,0.0001618122977346,3.848,-1,2
LOC0958,Chandigarh Municipal Office,3,3,3,21.053347,76.849813,1,63,19.0,1,1,0,1,0,1,1,0,0,98.0,2,0,2,1,1,0,0,0,2,33.0,1349,7.0,33.9,18.0,3,3.4,3.1,14.0,1,0,53.3,Poor,High,3,1,3,0,66.0,0.0022222222222222,1.5676470588235294,-1,1
LOC0959,Udaipur Multispeciality Hospital,4,24,10,24.620497,73.792767,0,17,12.0,6,1,1,1,1,1,0,1,0,85.8,2,0,2,1,1,1,0,1,1,15.0,1135,2.0,90.1,10.0,0,3.5,3.3,17.0,1,2,89.9,Good,Medium,3,3,3,1,15.0,0.0,5.61875,-1,2
LOC0960,Udaipur City Park,6,24,10,24.667163,73.761669,0,28,18.0,1,0,0,1,0,0,0,0,1,88.8,2,1,0,1,0,0,0,1,1,7.0,2028,5.0,24.3,14.0,2,3.0,3.1,19.0,1,1,53.4,Poor,Medium,2,0,2,1,7.0,0.0009857072449482,6.675,-1,3
LOC0961,Chennai Bus Depot,1,4,11,13.135529,80.166361,0,15,15.0,1,0,0,1,1,0,1,0,1,91.4,1,0,1,0,0,0,1,0,0,18.0,764,4.0,10.8,25.0,9,3.3,3.3,17.0,1,0,49.5,Poor,High,3,1,1,1,0.0,0.0117647058823529,2.6052631578947367,-1,0
LOC0962,Chandigarh Public Garden,6,3,3,30.636664,76.820484,0,32,9.0,1,0,0,0,0,1,0,0,1,78.4,1,1,0,1,0,0,1,1,1,3.0,723,2.0,20.0,7.0,3,2.9,3.2,19.0,1,0,63.5,Average,Low,1,1,2,2,3.0,0.0041436464088397,15.875,-1,0
LOC0963,Kolkata Collectorate Office,3,13,14,22.482031,88.239796,1,62,28.0,3,0,0,1,0,0,0,0,0,88.7,2,1,1,0,0,0,0,1,2,32.0,3064,10.0,41.0,20.0,4,2.6,2.9,13.0,1,1,26.6,Poor,High,1,0,2,1,64.0,0.0013050570962479,0.8060606060606061,-1,1
LOC0964,Thane Museum,8,22,9,19.265992,72.9978,1,109,22.0,1,0,0,0,0,0,0,0,0,72.4,0,0,2,1,0,1,0,0,0,14.0,2013,10.0,18.0,22.0,8,1.1,1.2,14.0,1,0,13.0,Poor,High,0,0,3,0,0.0,0.0039721946375372,0.8666666666666667,-1,3
LOC0965,Nashik Degree College,2,18,9,19.893594,73.839588,1,47,18.0,1,0,0,1,0,1,0,0,0,90.2,1,1,0,0,1,0,0,0,1,18.0,2189,13.0,58.7,24.0,6,2.7,2.8,0.0,1,2,73.5,Average,Medium,1,1,1,0,18.0,0.0027397260273972,3.8684210526315783,-1,1
LOC0966,Visakhapatnam District Office,3,25,0,17.68869,83.14305,1,74,14.0,3,1,0,0,0,0,0,0,0,83.9,0,1,1,0,0,0,0,0,0,7.0,2109,3.0,29.5,22.0,7,2.6,3.0,23.0,1,0,22.8,Poor,High,1,0,2,0,0.0,0.0033175355450236,2.85,-1,1
LOC0967,Kanpur Green Park,6,11,13,26.42048,80.276992,0,24,6.0,1,1,0,0,0,0,1,0,1,83.0,0,0,0,0,0,0,1,1,0,10.0,731,2.0,23.6,26.0,5,3.5,3.3,10.0,1,1,59.9,Average,Medium,3,0,0,2,0.0,0.0068306010928961,5.445454545454545,-1,3
LOC0968,Patna Collectorate Office,3,19,2,25.469257,85.243648,1,34,17.0,1,0,1,1,1,0,1,1,1,91.2,1,2,2,1,0,1,0,1,2,30.0,2254,12.0,24.8,23.0,3,2.9,2.9,20.0,2,0,66.8,Average,Medium,4,2,5,1,60.0,0.001330376940133,2.1548387096774198,-1,1
LOC0969,Delhi Botanical Garden,8,6,4,28.671914,77.128298,1,150,30.0,1,0,1,0,0,0,0,0,0,68.6,2,1,2,1,0,0,0,1,2,17.0,2011,6.0,30.2,18.0,3,2.1,2.2,10.0,2,0,25.2,Poor,High,1,0,4,1,34.0,0.0014910536779324,1.4,-1,3
LOC0970,Hyderabad Bus Depot,1,8,12,17.467892,78.535021,1,30,6.0,1,0,0,0,1,0,0,0,1,80.0,2,2,1,1,0,0,1,0,2,20.0,432,2.0,8.4,17.0,3,1.8,1.4,15.0,1,1,23.0,Poor,High,1,1,4,1,40.0,0.0069284064665127,1.0952380952380951,-1,1
LOC0971,Bengaluru District Office,3,1,6,12.893139,77.642174,1,22,17.0,1,0,0,0,1,0,0,1,0,71.0,0,2,1,0,1,0,1,0,1,22.0,2144,4.0,30.2,11.0,4,2.5,2.3,16.0,1,1,34.8,Poor,High,0,2,3,1,22.0,0.0018648018648018,1.5130434782608695,-1,1
LOC0972,Indore City Hospital,4,9,8,22.679242,75.736255,0,27,22.0,2,1,0,1,0,0,0,0,1,91.3,0,2,2,0,1,0,1,1,2,30.0,1814,4.0,103.0,8.0,1,3.9,4.2,22.0,1,1,61.0,Average,Medium,3,0,4,2,60.0,0.0005509641873278,1.967741935483871,-1,0
LOC0973,Thane Grand Mall,5,22,9,19.212643,72.837018,0,13,13.0,5,0,1,0,1,0,1,0,1,77.3,1,0,1,1,1,1,0,1,0,34.0,14819,66.0,186.9,11.0,3,4.7,4.6,20.0,0,2,76.9,Good,Medium,3,1,2,1,0.0,0.0002024291497975,2.197142857142857,-1,2
LOC0974,Hyderabad Plaza Mall,5,8,12,17.282787,78.481864,0,17,10.0,7,1,1,1,0,1,1,1,1,95.6,2,1,0,1,1,0,1,1,0,7.0,8433,41.0,180.8,3.0,1,4.8,4.7,5.0,2,1,94.9,Excellent,Medium,5,2,2,2,0.0,0.0001185677021579,11.8625,-1,2
LOC0975,Indore General Hospital,4,9,8,22.749678,75.784863,0,33,23.0,7,1,1,1,0,1,0,0,1,103.3,1,0,1,0,0,1,1,1,1,14.0,3773,14.0,114.3,8.0,4,3.4,3.1,8.0,1,2,87.1,Good,Medium,4,1,1,2,14.0,0.0010598834128245,5.806666666666667,-1,0
LOC0976,Lucknow City Park,6,14,13,26.996286,81.091767,0,13,9.0,1,0,0,1,1,0,0,0,1,90.9,1,2,1,1,1,0,0,1,1,13.0,667,2.0,21.6,17.0,5,3.2,3.0,22.0,1,1,56.1,Average,High,2,1,4,1,13.0,0.0074850299401197,4.007142857142857,-1,3
LOC0977,Indore Shopping Mall,5,9,8,22.713176,75.839069,0,25,7.0,5,1,1,0,1,0,1,0,1,75.8,1,1,0,1,1,0,0,0,0,42.0,6481,18.0,130.9,12.0,2,4.0,3.8,5.0,0,0,90.6,Excellent,Low,4,1,2,0,0.0,0.0003085467448318,2.1069767441860465,-1,0
LOC0978,Jaipur Domestic Airport,0,10,10,26.788612,75.779407,1,10,10.0,5,1,0,1,1,1,0,1,0,103.0,0,2,1,0,0,1,0,1,1,27.0,3538,23.0,201.1,1.0,2,3.5,3.2,3.0,1,1,67.4,Average,Medium,2,3,3,1,27.0,0.0005651313930488,2.407142857142857,-1,2
LOC0979,Mysuru Airport Terminal,0,16,6,12.266786,76.631713,0,10,2.0,2,1,1,1,1,0,1,1,1,92.2,0,0,0,0,1,0,0,1,1,19.0,10047,46.0,230.2,5.0,0,4.4,4.2,8.0,0,2,100.0,Excellent,Low,5,2,0,1,19.0,0.0,5.0,-1,2
LOC0980,Thane City Bus Stop,1,22,9,19.195508,73.024298,1,28,14.0,1,0,0,1,0,0,0,0,0,92.4,1,0,1,1,0,0,1,0,1,16.0,2441,16.0,18.5,17.0,4,1.7,1.7,8.0,1,0,42.1,Poor,High,1,0,2,1,16.0,0.0016380016380016,2.476470588235294,-1,1
LOC0981,Nashik Airport Terminal,0,18,9,20.017238,73.646078,1,30,13.0,3,1,0,1,1,0,1,0,1,105.8,0,1,2,1,1,0,0,1,0,12.0,6075,33.0,132.5,5.0,4,3.4,4.0,11.0,1,1,80.4,Good,Medium,4,1,4,1,0.0,0.0006583278472679,6.184615384615385,-1,2
LOC0982,Bhopal Institute of Technology,2,2,8,23.156011,77.314694,0,13,13.0,2,0,1,1,0,1,0,0,0,91.4,0,0,0,1,1,0,1,1,1,11.0,4524,19.0,75.9,15.0,3,1.5,1.0,11.0,0,0,67.0,Average,Low,2,1,1,2,11.0,0.0006629834254143,5.583333333333333,-1,0
LOC0983,Coimbatore College of Engineering,2,5,11,11.029653,77.041106,1,67,26.0,2,0,0,0,0,0,1,0,0,73.9,1,2,2,0,0,0,1,1,2,24.0,4773,16.0,50.5,11.0,2,2.3,2.1,9.0,1,0,33.3,Poor,High,1,0,4,2,48.0,0.0004189359028068,1.332,-1,1
LOC0984,Indore Municipal Office,3,9,8,22.863813,75.788733,1,16,13.0,2,0,0,1,0,0,0,1,0,83.2,2,0,2,0,0,1,0,1,0,39.0,3795,7.0,40.1,17.0,4,1.3,1.2,22.0,1,1,32.4,Poor,High,1,1,2,1,0.0,0.0010537407797681,0.8099999999999999,-1,1
LOC0985,Lucknow Heritage Fort,8,14,13,26.707519,80.967036,1,33,20.0,1,1,0,0,0,0,0,0,0,87.3,0,1,1,0,0,0,0,1,1,18.0,1280,5.0,27.1,16.0,5,2.4,2.1,23.0,1,1,40.9,Poor,High,1,0,2,1,18.0,0.0039032006245121,2.152631578947368,-1,3
LOC0986,Mumbai Bus Depot,1,15,9,19.134037,72.802403,1,24,4.0,1,0,0,0,0,0,0,0,1,82.1,2,0,2,0,0,0,1,0,2,9.0,2846,17.0,18.2,16.0,5,2.7,2.2,16.0,1,2,35.6,Poor,High,1,0,2,1,18.0,0.0017562346329469,3.56,-1,1
LOC0987,Ahmedabad Health Centre,4,0,5,22.999382,72.542024,0,30,19.0,3,1,1,1,1,1,1,0,1,96.2,1,0,0,1,1,1,1,1,0,16.0,2120,9.0,100.4,18.0,4,3.7,3.6,8.0,0,2,100.0,Excellent,Medium,5,2,1,2,0.0,0.0018859028760018,5.882352941176471,-1,0
LOC0988,Thiruvananthapuram Railway Station,7,23,7,8.46284,77.002578,1,76,25.0,2,0,0,1,0,0,0,0,1,87.2,0,2,1,0,1,0,1,1,2,34.0,4292,17.0,97.4,14.0,5,2.0,2.1,22.0,1,2,29.8,Poor,High,2,0,3,2,68.0,0.0011646866992778,0.8514285714285714,-1,1
LOC0989,Mysuru Tehsil Office,3,16,6,12.236962,76.649088,1,54,17.0,1,1,1,0,0,0,0,0,0,80.6,0,0,1,1,0,0,0,1,2,5.0,2437,15.0,35.1,16.0,3,3.2,3.4,5.0,2,0,40.7,Poor,High,2,0,2,1,10.0,0.0012305168170631,6.783333333333334,-1,1
LOC0990,Udaipur College of Engineering,2,24,10,24.501674,73.809496,1,18,5.0,3,1,1,1,1,0,1,1,0,94.0,0,1,2,0,0,0,1,1,1,7.0,1073,10.0,36.9,18.0,4,3.1,3.3,16.0,0,1,89.4,Good,Medium,4,2,3,2,7.0,0.0037243947858473,11.175,-1,1
LOC0991,Lucknow Railway Station,7,14,13,26.877213,80.973002,1,79,25.0,3,0,0,1,0,0,1,1,0,85.9,2,0,2,1,1,0,0,1,0,14.0,16711,66.0,102.3,8.0,5,2.2,2.7,14.0,1,1,39.7,Poor,High,2,1,3,1,0.0,0.0002991862134992,2.646666666666667,-1,1
LOC0992,Thane International Airport,0,22,9,19.233214,72.971314,1,14,7.0,4,1,1,1,0,1,1,0,1,94.8,0,1,2,1,1,0,0,0,2,11.0,4902,31.0,216.3,3.0,4,4.2,4.2,2.0,1,2,100.0,Excellent,Medium,5,1,4,0,22.0,0.0008158270446665,8.333333333333334,-1,2
LOC0993,Mumbai Junction,7,15,9,18.97197,72.772854,1,51,27.0,1,0,0,0,0,0,1,0,0,79.6,2,1,0,0,0,0,1,1,0,25.0,6455,30.0,82.2,18.0,6,3.5,3.7,21.0,1,2,44.3,Poor,High,1,0,1,2,0.0,0.0009293680297397,1.7038461538461538,-1,1
LOC0994,Chennai Plaza Mall,5,4,11,13.054544,80.369869,0,4,4.0,2,1,1,1,0,1,1,0,1,95.1,1,1,2,1,0,0,0,1,0,34.0,8790,35.0,195.3,5.0,3,3.2,3.2,6.0,1,0,91.7,Excellent,Medium,5,1,4,1,0.0,0.0003412581048799,2.62,-1,2
LOC0995,Mumbai Municipal Office,3,15,9,19.148229,72.944096,1,33,9.0,2,0,0,0,0,0,0,0,0,77.7,1,2,1,1,1,0,1,0,1,22.0,3241,12.0,42.2,23.0,6,2.7,3.0,20.0,1,0,26.4,Poor,High,0,0,4,1,22.0,0.0018507094386181,1.1478260869565218,-1,1
LOC0996,Kolkata Museum,8,13,14,22.576159,88.410837,1,92,19.0,1,1,0,1,0,0,0,0,0,89.6,2,0,0,0,1,0,1,0,2,19.0,1951,3.0,15.9,15.0,3,2.8,2.5,18.0,1,0,40.4,Poor,Medium,2,0,0,1,38.0,0.0015368852459016,2.02,-1,3
LOC0997,Udaipur General Hospital,4,24,10,24.4515,73.744022,1,35,18.0,5,1,1,0,0,1,1,1,1,82.6,0,0,2,1,1,0,1,1,2,30.0,2583,14.0,127.2,8.0,3,2.7,2.8,8.0,1,2,87.1,Good,Low,4,2,3,2,60.0,0.0011609907120743,2.8096774193548386,-1,0
LOC0998,Nashik Shopping Mall,5,18,9,19.867649,73.902173,0,7,7.0,5,1,1,1,0,0,1,0,1,89.5,2,1,0,1,1,1,0,1,1,14.0,3183,7.0,90.6,13.0,0,3.5,3.4,20.0,1,2,92.9,Excellent,Low,5,0,2,1,14.0,0.0,6.193333333333333,-1,2
LOC0999,Thiruvananthapuram College of Engineering,2,23,7,8.438924,76.851791,1,16,15.0,2,1,0,0,0,0,0,1,1,81.5,0,0,0,1,0,0,1,1,0,7.0,3635,16.0,44.5,15.0,7,3.3,3.5,19.0,1,0,53.8,Poor,High,2,1,1,2,0.0,0.0019251925192519,6.725,-1,1
LOC1000,Thane Heritage Fort,8,22,9,19.360064,72.971813,1,184,49.0,1,0,0,0,0,1,0,0,1,61.2,2,2,1,1,0,0,1,1,1,16.0,2018,7.0,26.1,16.0,6,1.8,1.7,2.0,1,0,8.9,Poor,High,1,1,4,2,16.0,0.0029717682020802,0.5235294117647059,-1,3
