Location_ID,Location_Name,Location_Type,City,State,Latitude,Longitude,Ownership_Type,Building_Age_Years,Last_Renovation_Years_Ago,Number_of_Floors,Ramp_Available,Elevator_Available,Wheelchair_Entrance,Braille_Signage,Audio_Announcements,Accessible_Washroom,Tactile_Path,Reserved_Parking,Door_Width_cm,Footpath_Condition,Lighting,Safety_Level,CCTV_Available,Staff_Trained_Accessibility,Multilingual_Signage,Public_Transport_Nearby,Parking_Available,Crowd_Level,Average_Waiting_Time,Daily_Footfall,Staff_Count,Budget_Allocated_Lakh_INR,Complaint_Resolution_Days,Accessibility_Complaints,User_Rating,Google_Maps_Rating,Last_Inspection_Months,Lift_Condition,Emergency_Exit_Accessibility,Accessibility_Score,Accessibility_Category,Improvement_Priority,Infrastructure_Score,Accessibility_Support_Score,Safety_Index,Facility_Score,Crowd_Risk,Complaint_Rate,Accessibility_Efficiency
LOC0001,Kolkata Botanical Garden,8,13,14,22.691764,88.446606,1,168,32.0,1,0,0,0,0,0,1,0,0,60.4,1,0,0,0,0,0,0,0,1,5.0,214,2.0,16.0,13.0,3,1.8,1.8,12.0,1,1,47.2,Poor,Medium,1,0,0,0,5.0,0.013953488372093023,7.866666666666667
LOC0002,Hyderabad Municipal Office,3,8,12,17.23612,78.585714,1,57,12.0,1,0,0,0,1,0,0,0,1,78.6,0,2,2,1,1,0,1,1,2,20.0,2794,9.0,37.3,12.0,3,1.9,1.8,15.0,1,0,36.1,Poor,High,1,1,5,2,40.0,0.001073345259391771,1.7190476190476192
LOC0003,Thane Government College,2,22,9,19.107785,73.081622,1,48,20.0,3,1,1,0,0,1,0,0,0,84.9,0,0,1,1,0,1,1,0,1,18.0,3741,16.0,31.6,17.0,6,1.6,1.5,12.0,2,2,50.3,Poor,High,2,1,2,1,18.0,0.0016034206306787815,2.6473684210526316
LOC0004,Nashik Green Park,6,18,9,19.849054,73.865693,1,38,22.0,1,1,0,0,0,0,1,0,0,82.8,2,0,1,1,0,0,1,1,2,23.0,2482,9.0,18.1,21.0,5,3.2,3.1,12.0,1,1,38.2,Poor,High,2,0,2,2,46.0,0.002013693113169553,1.5916666666666668
LOC0005,Patna Domestic Airport,0,19,2,25.647041,85.202726,1,5,5.0,4,1,1,1,0,0,1,0,1,95.6,0,1,0,1,0,1,0,1,2,5.0,9770,39.0,122.0,10.0,4,4.4,4.3,18.0,1,2,100.0,Excellent,Low,5,0,2,1,10.0,0.0004093746801760311,16.666666666666668
LOC0006,Nashik General Hospital,4,18,9,20.017617,73.651496,1,13,4.0,5,1,1,0,0,0,0,0,1,77.6,1,1,0,1,1,0,0,0,2,32.0,1068,2.0,33.4,8.0,2,3.6,3.6,9.0,0,2,91.5,Excellent,Low,3,0,2,0,64.0,0.0018709073900841909,2.772727272727273
LOC0007,Bhopal City Centre Mall,5,2,8,23.299486,77.509766,0,18,18.0,3,0,1,1,0,1,1,0,1,89.5,0,0,0,1,1,0,1,1,2,31.0,17743,63.0,97.9,16.0,2,3.3,3.6,12.0,1,2,87.5,Good,Low,4,1,1,2,62.0,0.0001127141568981064,2.734375
LOC0008,Guwahati Collectorate Office,3,7,1,26.018879,91.858118,1,19,19.0,3,0,1,1,0,0,0,1,0,88.7,2,1,2,0,0,0,1,1,2,31.0,1450,7.0,31.8,18.0,8,3.9,3.8,14.0,2,1,49.8,Poor,High,2,1,3,2,62.0,0.005513439007580979,1.55625
LOC0009,Hyderabad Central Station,7,8,12,17.360931,78.346702,1,37,22.0,2,0,1,0,0,0,1,0,0,69.3,2,1,0,1,0,0,1,1,0,43.0,12316,49.0,80.1,8.0,3,2.9,3.4,10.0,2,1,49.3,Poor,High,2,0,2,2,0.0,0.0002435658033612081,1.1204545454545454
LOC0010,Indore College of Engineering,2,9,8,22.868208,75.97431,1,8,8.0,2,1,1,1,0,1,1,0,0,94.1,2,0,2,1,0,1,1,1,0,35.0,1320,7.0,41.0,21.0,7,2.1,2.2,8.0,1,2,72.1,Average,High,4,1,3,2,0.0,0.005299015897047691,2.0027777777777778
LOC0011,Jaipur Museum,8,10,10,27.026657,75.865588,1,159,42.0,1,0,0,0,1,0,1,0,0,61.4,0,2,2,1,0,0,1,1,0,12.0,2579,11.0,20.5,27.0,9,1.2,1.4,16.0,1,1,22.9,Poor,High,1,1,5,2,0.0,0.0034883720930232558,1.7615384615384615
LOC0012,Ahmedabad City Centre Mall,5,0,5,23.088633,72.57839,0,24,18.0,2,0,1,1,0,0,1,0,1,85.6,0,0,2,1,0,1,1,0,0,6.0,12487,51.0,155.9,15.0,5,3.0,3.1,19.0,1,1,62.7,Average,Medium,4,0,3,1,0.0,0.00040038436899423447,8.957142857142857
LOC0013,Thane Domestic Airport,0,22,9,19.202487,73.041967,0,24,18.0,3,1,1,1,0,0,1,1,1,85.6,0,2,1,1,1,0,1,1,2,15.0,8697,39.0,280.5,1.0,1,3.2,2.8,1.0,1,1,74.3,Average,Medium,5,1,4,2,30.0,0.00011496895838123707,4.64375
LOC0014,Guwahati City Centre Mall,5,7,1,26.136602,91.816573,0,17,11.0,2,1,1,1,1,0,0,0,1,94.7,0,0,2,1,1,0,1,1,2,8.0,6422,25.0,122.2,10.0,3,3.5,3.3,23.0,0,2,88.6,Good,Low,4,1,3,2,16.0,0.00046707146193367583,9.844444444444443
LOC0015,Chandigarh Government College,2,3,3,30.780215,76.815672,1,65,17.0,2,1,0,0,1,0,0,1,1,81.2,0,1,2,1,1,0,1,1,1,14.0,608,2.0,43.6,18.0,6,1.5,1.6,23.0,1,0,56.7,Average,Medium,2,2,4,2,14.0,0.009852216748768473,3.7800000000000002
LOC0016,Bengaluru Botanical Garden,8,1,6,13.107607,77.710459,1,33,7.0,1,0,0,0,0,0,0,0,0,78.5,2,2,2,1,0,1,0,1,1,11.0,2526,13.0,29.3,18.0,5,3.1,3.2,3.0,1,1,28.2,Poor,High,0,0,5,1,11.0,0.0019786307874950534,2.35
LOC0017,Nagpur City Hospital,4,17,9,21.235647,79.144099,0,49,12.0,5,1,1,0,1,0,1,0,0,81.3,0,2,0,1,1,0,0,1,0,37.0,1708,17.0,101.1,13.0,1,4.2,4.0,15.0,1,1,75.7,Good,Medium,3,1,3,1,0.0,0.0005851375073142189,1.9921052631578948
LOC0018,Jaipur Collectorate Office,3,10,10,26.903186,75.895266,1,29,11.0,2,1,1,1,1,1,0,0,0,99.1,2,1,2,0,0,0,1,1,0,35.0,4778,19.0,44.6,14.0,6,3.5,3.5,17.0,1,2,77.4,Good,Medium,3,2,3,2,0.0,0.0012554927809165098,2.1500000000000004
LOC0019,Lucknow City Hospital,4,14,13,26.982773,80.970022,0,33,17.0,6,1,0,1,1,0,1,1,0,92.5,1,0,2,1,1,0,0,1,2,10.0,3885,27.0,120.3,13.0,2,3.8,3.3,2.0,1,2,95.1,Excellent,Low,3,2,3,1,20.0,0.000514668039114771,8.645454545454545
LOC0020,Jaipur Junction,7,10,10,26.783452,75.688684,1,84,33.0,3,0,1,1,0,0,1,0,1,87.3,0,1,0,0,1,0,1,1,2,7.0,19507,71.0,118.6,16.0,2,3.5,4.0,19.0,0,1,72.1,Average,Low,4,0,1,2,14.0,0.0001025220422390814,9.0125
LOC0021,Chandigarh Public Garden,6,3,3,30.705304,76.895537,1,28,22.0,1,1,0,0,0,1,0,0,1,72.8,0,2,0,0,0,1,0,1,0,10.0,908,2.0,19.3,19.0,10,2.6,2.4,14.0,1,0,35.3,Poor,High,2,1,2,1,0.0,0.011001100110011002,3.209090909090909
LOC0022,Hyderabad Collectorate Office,3,8,12,17.517063,78.458467,1,63,17.0,1,0,0,1,1,0,0,0,0,80.1,0,0,0,1,1,0,1,0,1,39.0,2516,9.0,30.0,14.0,6,2.5,2.3,16.0,1,0,51.0,Poor,Medium,1,1,1,1,39.0,0.0023837902264600714,1.275
LOC0023,Coimbatore Medical Center,4,5,11,10.942864,76.86589,1,14,13.0,2,0,0,1,0,0,0,1,1,85.3,1,1,1,1,1,0,1,1,2,12.0,4587,20.0,84.1,17.0,2,4.9,5.0,10.0,1,2,73.8,Average,Medium,2,1,3,2,24.0,0.00043591979075850045,5.676923076923076
LOC0024,Mumbai Lake View Point,8,15,9,18.963849,72.917664,1,45,9.0,1,1,1,0,0,0,0,1,1,82.4,2,1,0,1,0,0,0,1,2,20.0,1139,3.0,25.1,18.0,6,2.1,2.1,19.0,0,2,64.4,Average,Medium,3,1,2,1,40.0,0.005263157894736842,3.066666666666667
LOC0025,Indore Government College,2,9,8,22.720371,75.968356,0,63,27.0,1,0,1,1,0,0,1,0,0,85.9,2,0,1,1,0,0,1,1,2,9.0,4726,23.0,62.8,17.0,3,1.9,1.8,5.0,1,2,47.3,Poor,High,3,0,2,2,18.0,0.0006346519991537973,4.7299999999999995
LOC0026,Indore Bus Depot,1,9,8,22.73162,75.822143,1,2,2.0,1,1,0,0,0,0,0,0,0,87.2,2,0,2,1,0,0,1,0,2,3.0,2527,9.0,17.7,20.0,9,1.3,1.5,14.0,1,1,33.9,Poor,High,1,0,3,1,6.0,0.003560126582278481,8.475
LOC0027,Nashik Central Station,7,18,9,19.885264,73.678257,1,33,23.0,1,1,1,1,1,0,0,0,1,103.2,2,0,1,0,0,0,1,0,2,25.0,15951,64.0,102.9,8.0,2,1.5,1.4,13.0,1,1,60.3,Average,Medium,4,1,1,1,50.0,0.00012537612838515547,2.319230769230769
LOC0028,Thane Lake View Point,8,22,9,19.209888,73.005831,0,25,10.0,1,1,1,1,0,0,0,0,0,103.5,2,0,2,1,0,0,0,1,2,14.0,2452,8.0,25.3,13.0,4,3.1,3.7,4.0,0,0,55.8,Average,Medium,3,0,3,1,28.0,0.0016306563391765185,3.7199999999999998
LOC0029,Nashik Museum,8,18,9,19.856511,73.93816,0,86,26.0,1,0,1,1,0,0,0,0,0,80.2,2,0,1,0,1,0,0,1,1,8.0,338,5.0,14.4,27.0,6,2.3,2.1,21.0,2,1,25.7,Poor,High,2,0,1,1,8.0,0.017699115044247787,2.8555555555555556
LOC0030,Patna General Hospital,4,19,2,25.473278,85.249652,1,18,14.0,5,1,1,1,1,1,1,0,0,95.4,0,0,0,1,1,1,0,1,1,8.0,4411,22.0,71.7,9.0,2,3.2,3.0,11.0,1,2,100.0,Excellent,Low,4,2,1,1,8.0,0.00045330915684496827,11.11111111111111
LOC0031,Thiruvananthapuram Public Garden,6,23,7,8.585943,76.927866,1,45,9.0,1,1,1,0,1,0,0,0,1,81.4,2,0,0,0,1,0,0,1,1,7.0,2344,8.0,20.7,17.0,4,3.0,3.3,8.0,0,2,72.5,Average,Medium,3,1,0,1,7.0,0.0017057569296375266,9.0625
LOC0032,Nashik Museum,8,18,9,19.943527,73.917924,0,113,19.0,1,0,0,0,0,0,0,1,0,75.6,2,2,1,0,0,1,0,0,1,4.0,2980,17.0,33.2,24.0,9,1.8,2.0,6.0,1,0,1.2,Poor,High,0,1,3,0,4.0,0.0030191211003019122,0.24
LOC0033,Mumbai General Hospital,4,15,9,19.127555,72.947642,0,37,24.0,4,1,1,0,0,0,1,1,0,80.5,0,0,1,1,0,1,0,1,0,17.0,4401,28.0,123.9,18.0,7,2.4,2.4,11.0,1,2,59.9,Average,High,3,1,2,1,0.0,0.0015901862789641072,3.3277777777777775
LOC0034,Jaipur City Hospital,4,10,10,26.846755,75.70993,0,56,11.0,6,0,1,1,0,1,0,0,0,86.7,2,1,2,0,1,0,0,0,1,18.0,4266,24.0,128.1,13.0,4,3.7,3.8,12.0,0,1,56.1,Average,Medium,2,1,3,0,18.0,0.0009374267635340989,2.9526315789473685
LOC0035,Jaipur Bus Stand,1,10,10,26.980163,75.776539,1,10,8.0,1,0,0,0,0,1,0,0,0,78.4,2,0,1,0,0,0,1,0,2,15.0,1925,5.0,14.9,17.0,2,2.4,1.8,19.0,1,1,26.8,Poor,High,0,1,1,1,30.0,0.0010384215991692627,1.675
LOC0036,Mumbai Heritage Fort,8,15,9,19.11208,72.765811,1,25,9.0,1,0,1,1,0,0,0,0,0,82.3,1,0,1,1,0,0,1,0,0,16.0,779,2.0,13.9,25.0,6,1.7,1.7,10.0,2,1,41.3,Poor,High,2,0,2,1,0.0,0.007692307692307693,2.429411764705882
LOC0037,Mysuru Public Garden,6,16,6,12.347728,76.628697,1,34,9.0,1,1,1,0,1,0,0,0,0,76.7,2,0,1,0,1,0,0,0,2,9.0,2062,10.0,17.7,19.0,7,1.2,1.9,0.0,1,0,39.1,Poor,High,2,1,1,0,18.0,0.0033931168201648087,3.91
LOC0038,Indore Museum,8,9,8,22.722284,75.946983,1,174,40.0,1,1,0,0,0,0,0,0,1,69.1,1,0,2,0,0,0,1,1,0,14.0,1745,13.0,27.3,20.0,6,1.4,1.6,21.0,1,2,44.2,Poor,High,2,0,2,2,0.0,0.003436426116838488,2.9466666666666668
LOC0039,Guwahati Central Park,6,7,1,26.190142,91.724545,0,6,2.0,1,0,0,0,0,0,0,0,1,91.0,2,2,1,1,1,1,1,1,1,10.0,2736,5.0,24.6,23.0,1,3.1,3.2,12.0,1,0,29.2,Poor,High,1,0,4,2,10.0,0.00036536353671903543,2.6545454545454543
LOC0040,Coimbatore Collectorate Office,3,5,11,10.898379,76.860026,1,61,25.0,1,0,0,1,1,0,0,0,0,86.8,1,2,2,1,0,0,1,1,0,7.0,4769,15.0,39.9,31.0,9,2.3,2.5,15.0,1,2,43.3,Poor,High,1,1,5,2,0.0,0.0018867924528301887,5.4125
LOC0041,Bengaluru Municipal Office,3,1,6,12.946058,77.541109,1,33,12.0,1,0,0,0,0,0,1,0,0,67.7,2,2,2,1,1,0,1,1,0,6.0,965,3.0,40.8,10.0,10,1.7,1.7,11.0,1,0,14.0,Poor,High,1,0,5,2,0.0,0.010351966873706004,2.0
LOC0042,Ahmedabad City Hospital,4,0,5,22.896284,72.516077,0,19,14.0,6,1,0,0,0,0,1,0,0,77.2,0,1,0,1,1,1,1,1,2,16.0,1691,11.0,67.2,18.0,5,2.4,2.6,6.0,1,1,69.4,Average,Medium,2,0,2,2,32.0,0.002955082742316785,4.082352941176471
LOC0043,Delhi Airport Terminal,0,6,4,28.763876,77.028837,0,17,7.0,3,1,1,1,1,0,0,1,1,93.2,0,0,0,1,1,1,1,1,0,19.0,3337,14.0,149.3,6.0,3,3.1,2.9,17.0,1,1,96.4,Excellent,Low,4,2,1,2,0.0,0.0008987417615338526,4.82
LOC0044,Indore College of Engineering,2,9,8,22.581189,75.843363,0,33,19.0,2,1,1,1,1,0,0,1,1,97.6,1,1,2,1,1,0,0,0,0,18.0,1852,9.0,39.7,13.0,3,3.2,3.2,0.0,1,1,98.3,Excellent,Medium,4,2,4,0,0.0,0.0016189962223421479,5.173684210526315
LOC0045,Bengaluru Heritage Fort,8,1,6,13.032884,77.493142,1,98,33.0,1,1,1,0,0,0,0,0,0,79.6,0,2,0,1,0,0,1,1,1,15.0,2548,5.0,19.6,17.0,8,1.6,1.6,12.0,2,1,43.1,Poor,High,2,0,3,2,15.0,0.003138485680659082,2.69375
LOC0046,Chennai Central Station,7,4,11,13.213786,80.243536,1,81,24.0,3,1,0,0,0,0,1,1,0,80.4,0,1,1,1,0,1,1,1,0,11.0,4751,21.0,66.3,23.0,9,3.0,2.8,8.0,1,0,39.4,Poor,High,2,1,3,2,0.0,0.001893939393939394,3.283333333333333
LOC0047,Thane Government College,2,22,9,19.127177,72.841063,0,27,10.0,3,1,0,1,1,0,1,0,0,95.3,0,0,0,1,0,0,0,1,0,36.0,3173,17.0,65.7,21.0,7,2.1,2.2,20.0,1,0,60.6,Average,Medium,3,1,1,1,0.0,0.002205419029615627,1.637837837837838
LOC0048,Visakhapatnam Medical Center,4,25,0,17.750082,83.361663,0,25,9.0,5,1,0,0,1,0,1,1,0,88.4,2,0,2,0,0,1,1,0,0,6.0,875,17.0,106.1,9.0,3,2.8,3.0,9.0,1,2,60.0,Average,Medium,2,2,2,1,0.0,0.003424657534246575,8.571428571428571
LOC0049,Kochi Plaza Mall,5,12,7,9.91109,76.331257,0,21,13.0,7,0,0,0,1,0,0,1,1,75.5,0,0,0,1,1,1,1,1,2,35.0,6312,30.0,162.2,7.0,3,3.7,3.8,6.0,1,1,72.4,Average,Low,1,2,1,2,70.0,0.0004752098843655948,2.011111111111111
LOC0050,Mysuru District Office,3,16,6,12.373929,76.734074,1,14,14.0,2,0,0,0,0,0,0,0,0,72.2,2,0,2,0,0,0,1,0,0,14.0,2874,9.0,26.5,20.0,9,3.5,3.6,0.0,1,0,18.5,Poor,High,0,0,2,1,0.0,0.003130434782608696,1.2333333333333334
LOC0051,Bengaluru District Office,3,1,6,13.096432,77.482886,1,44,26.0,1,0,0,1,0,0,1,0,0,91.3,0,1,0,0,0,0,1,1,1,7.0,3875,20.0,31.6,18.0,9,2.3,2.0,8.0,1,0,52.8,Poor,High,2,0,1,2,7.0,0.0023219814241486067,6.6
LOC0052,Mumbai Domestic Airport,0,15,9,18.997477,72.780874,1,5,5.0,2,1,1,0,1,1,0,1,1,81.3,0,0,0,1,1,0,0,1,1,28.0,8078,34.0,159.2,12.0,3,3.9,4.1,4.0,0,2,99.0,Excellent,Low,3,3,1,1,28.0,0.0003713330857779428,3.413793103448276
LOC0053,Thane International Airport,0,22,9,19.249637,72.93505,0,5,5.0,6,1,1,1,1,0,1,1,1,99.7,0,1,0,1,1,0,1,0,1,17.0,19656,77.0,242.9,1.0,0,4.3,2.8,19.0,0,2,100.0,Excellent,Low,5,2,2,1,17.0,0.0,5.555555555555555
LOC0054,Kochi Municipal Office,3,12,7,9.844247,76.245373,1,50,10.0,1,0,0,0,0,0,1,0,1,73.1,0,0,2,1,0,1,1,1,2,13.0,1307,2.0,34.3,15.0,7,2.0,1.9,13.0,1,0,35.2,Poor,High,2,0,3,2,26.0,0.005351681957186544,2.5142857142857147
LOC0055,Bhopal General Hospital,4,2,8,23.12371,77.486343,1,48,10.0,7,0,1,1,0,0,1,1,1,85.8,0,1,2,0,0,0,1,1,2,28.0,4360,26.0,93.2,10.0,4,4.2,4.1,3.0,0,1,74.1,Average,Medium,4,1,3,2,56.0,0.0009172208209126347,2.555172413793103
LOC0056,Hyderabad Airport Terminal,0,8,12,17.280026,78.524689,0,8,8.0,7,1,1,1,0,1,1,0,0,94.5,0,0,2,1,1,0,1,0,0,25.0,14831,61.0,208.5,1.0,4,3.9,3.5,2.0,1,2,91.8,Excellent,Medium,4,1,3,1,0.0,0.00026968716289104636,3.5307692307692307
LOC0057,Nashik District Office,3,18,9,19.87387,73.828636,1,16,13.0,2,0,1,0,0,1,0,0,0,79.5,1,2,2,0,0,0,1,0,1,11.0,3846,18.0,44.0,10.0,2,3.8,3.3,15.0,1,1,62.1,Average,Medium,1,1,4,1,11.0,0.0005198856251624642,5.175
LOC0058,Thiruvananthapuram Bus Depot,1,23,7,8.672401,77.041692,1,39,9.0,1,0,0,0,0,1,0,0,0,67.6,0,1,2,1,0,0,1,0,0,9.0,677,8.0,8.1,32.0,13,2.1,1.9,0.0,1,2,35.1,Poor,High,0,1,4,1,0.0,0.019174041297935103,3.5100000000000002
LOC0059,Udaipur City Hospital,4,24,10,24.468542,73.619436,0,24,19.0,3,0,1,1,0,0,0,0,1,84.8,0,0,0,1,0,0,0,1,1,9.0,1362,7.0,138.3,12.0,0,2.6,2.3,12.0,0,2,72.5,Average,Low,3,0,1,1,9.0,0.0,7.25
LOC0060,Kanpur Health Centre,4,11,13,26.588756,80.386498,0,16,4.0,7,0,1,0,1,0,1,0,0,87.0,1,1,1,1,1,1,0,1,2,27.0,3013,12.0,86.2,10.0,1,3.5,3.4,15.0,0,2,79.5,Good,Medium,2,1,3,1,54.0,0.00033178500331785003,2.8392857142857144
LOC0061,Nagpur Central Park,6,17,9,21.224175,79.098102,1,32,8.0,1,0,0,1,0,1,0,1,1,84.7,2,0,1,0,0,0,0,0,0,13.0,2795,11.0,23.5,8.0,3,2.8,2.7,1.0,1,2,40.8,Poor,High,2,2,1,0,0.0,0.001072961373390558,2.914285714285714
LOC0062,Visakhapatnam Bus Stand,1,25,0,17.765596,83.2031,1,24,6.0,1,1,0,1,0,0,1,1,1,93.4,2,2,2,0,0,0,1,1,0,11.0,2415,19.0,16.0,15.0,3,3.0,3.0,22.0,1,0,44.9,Poor,High,4,1,4,2,0.0,0.0012417218543046358,3.7416666666666667
LOC0063,Guwahati Temple Complex,8,7,1,26.040491,91.657311,1,151,36.0,1,0,0,0,0,0,0,0,0,68.2,0,2,2,0,0,0,1,0,1,9.0,762,2.0,21.4,16.0,6,1.6,1.6,13.0,1,1,18.2,Poor,High,0,0,4,1,9.0,0.007863695937090432,1.8199999999999998
LOC0064,Lucknow Domestic Airport,0,14,13,26.964457,81.031703,1,21,5.0,3,1,1,1,0,0,1,0,1,97.9,1,0,0,1,0,1,0,0,0,22.0,14528,62.0,154.6,9.0,1,3.9,4.5,21.0,0,2,96.0,Excellent,Low,5,0,1,0,0.0,6.882786151834262e-05,4.173913043478261
LOC0065,Coimbatore Central Park,6,5,11,10.985971,77.04778,1,31,19.0,1,1,0,0,0,0,0,0,0,83.7,0,0,2,1,0,0,1,1,0,16.0,2129,5.0,13.0,23.0,6,2.5,2.5,12.0,1,0,37.7,Poor,High,1,0,3,2,0.0,0.0028169014084507044,2.2176470588235295
LOC0066,Coimbatore City Bus Stop,1,5,11,11.000039,77.006973,1,11,10.0,1,0,0,0,0,0,0,1,1,77.2,2,0,2,0,0,0,1,1,0,7.0,2236,10.0,16.9,19.0,1,2.7,2.7,2.0,1,2,44.2,Poor,High,1,1,2,2,0.0,0.0004470272686633885,5.525
LOC0067,Chennai Central Station,7,4,11,13.088452,80.296582,1,29,22.0,2,0,1,1,0,1,0,1,0,88.9,0,1,1,1,0,1,1,1,0,34.0,16052,56.0,125.1,18.0,10,2.7,3.3,20.0,1,2,58.3,Average,High,2,2,3,2,0.0,0.0006229365227683299,1.6657142857142857
LOC0068,Bhopal Temple Complex,8,2,8,23.223638,77.389446,1,122,28.0,1,0,0,0,0,0,0,0,0,68.9,1,2,2,1,0,0,1,0,2,10.0,337,2.0,18.3,18.0,4,2.6,3.0,22.0,1,0,23.1,Poor,High,0,0,5,1,20.0,0.011834319526627219,2.1
LOC0069,Patna Bus Stand,1,19,2,25.588053,85.171727,0,17,14.0,1,0,0,0,0,1,1,0,0,73.1,1,2,2,1,0,0,1,1,0,2.0,2993,5.0,20.0,13.0,3,2.9,3.1,7.0,1,1,47.8,Poor,High,1,1,5,2,0.0,0.001002004008016032,15.933333333333332
LOC0070,Guwahati Domestic Airport,0,7,1,26.174364,91.631714,0,19,11.0,7,1,1,0,0,0,1,1,1,77.0,1,0,0,1,0,0,0,1,1,35.0,19416,79.0,274.9,2.0,0,3.0,2.6,2.0,0,1,94.2,Excellent,Low,4,1,1,1,35.0,0.0,2.6166666666666667
LOC0071,Surat Municipal Office,3,21,5,21.185978,72.903509,1,57,13.0,1,1,0,1,0,0,0,0,1,104.1,2,2,2,0,0,0,0,1,2,34.0,1063,2.0,34.3,18.0,9,1.9,1.7,12.0,1,1,35.0,Poor,High,3,0,4,1,68.0,0.008458646616541353,1.0
LOC0072,Delhi Junction,7,6,4,28.802496,77.244829,1,70,12.0,2,1,0,0,0,0,0,1,0,78.0,0,0,1,0,0,0,1,1,0,9.0,18845,77.0,101.9,17.0,9,3.3,3.2,20.0,1,1,33.9,Poor,High,1,1,1,2,0.0,0.0004775549188156638,3.3899999999999997
LOC0073,Mumbai Bus Depot,1,15,9,19.070816,72.7448,1,35,7.0,1,0,1,1,0,0,0,0,0,82.4,1,0,2,0,0,1,1,0,2,8.0,1219,5.0,9.2,17.0,9,1.1,1.0,13.0,1,1,54.4,Poor,High,2,0,2,1,16.0,0.007377049180327869,6.044444444444444
LOC0074,Mysuru City Bus Stop,1,16,6,12.213261,76.676317,1,5,2.0,1,1,0,0,0,0,0,0,0,86.2,1,0,1,0,0,0,1,0,2,15.0,973,2.0,12.7,15.0,5,2.2,2.0,22.0,1,1,45.1,Poor,High,1,0,1,1,30.0,0.00513347022587269,2.81875
LOC0075,Mumbai Multispeciality Hospital,4,15,9,18.985809,72.802194,1,38,15.0,6,1,0,1,1,1,0,1,1,90.4,0,2,2,1,0,0,1,0,0,7.0,1101,4.0,74.3,5.0,3,2.9,3.2,2.0,1,1,68.3,Average,Medium,3,3,5,1,0.0,0.0027223230490018148,8.5375
LOC0076,Hyderabad City Park,6,8,12,17.465274,78.365434,1,8,8.0,1,1,1,0,1,1,0,0,1,78.3,0,0,2,1,0,0,0,1,1,14.0,2188,5.0,17.1,19.0,2,2.6,2.7,5.0,2,1,73.4,Average,Medium,3,2,3,1,14.0,0.0009136592051164915,4.8933333333333335
LOC0077,Ahmedabad City Park,6,0,5,23.120009,72.423435,1,48,8.0,1,0,1,0,0,1,0,0,0,80.2,0,0,1,0,0,1,0,1,2,24.0,1324,8.0,13.7,21.0,3,2.2,2.4,1.0,0,2,46.6,Poor,High,1,1,1,1,48.0,0.0022641509433962265,1.864
LOC0078,Thiruvananthapuram Bus Stand,1,23,7,8.429193,76.987059,1,31,18.0,1,1,0,0,0,0,1,0,0,82.3,0,2,2,0,0,0,1,0,0,4.0,2762,12.0,15.9,20.0,8,2.9,2.8,17.0,1,0,30.5,Poor,High,2,0,4,1,0.0,0.002895403546869345,6.1
LOC0079,Kolkata Public Garden,6,13,14,22.64009,88.265729,1,8,7.0,1,0,0,0,0,0,0,0,0,78.9,1,0,1,1,0,1,1,1,1,23.0,2868,5.0,24.1,18.0,7,2.6,2.5,20.0,1,1,42.3,Poor,High,0,0,2,2,23.0,0.0024398745207389336,1.7625
LOC0080,Nashik Heritage Fort,8,18,9,20.029641,73.724912,1,102,36.0,1,0,1,0,0,0,1,0,0,65.0,1,0,2,1,0,0,1,1,0,10.0,1748,5.0,30.8,23.0,9,1.0,1.2,13.0,2,2,41.4,Poor,High,2,0,3,2,0.0,0.005145797598627788,3.7636363636363637
LOC0081,Pune Government College,2,20,9,18.3999,73.974252,1,53,15.0,1,0,1,1,1,1,0,1,1,82.1,0,0,2,0,1,1,0,1,0,34.0,2453,10.0,48.9,18.0,6,3.2,3.5,19.0,1,2,74.5,Average,Medium,3,3,2,1,0.0,0.0024449877750611247,2.1285714285714286
LOC0082,Thiruvananthapuram Public Garden,6,23,7,8.505635,76.812256,1,33,8.0,1,0,0,1,0,1,1,0,1,92.0,0,2,2,1,0,0,1,0,1,22.0,633,2.0,19.2,22.0,4,3.2,3.3,21.0,1,2,57.5,Average,Medium,3,1,5,1,22.0,0.006309148264984227,2.5
LOC0083,Ahmedabad College of Engineering,2,0,5,23.023374,72.60985,0,32,13.0,1,1,1,0,1,1,0,0,0,84.3,0,2,1,1,0,0,1,0,2,14.0,2744,5.0,47.7,15.0,5,3.0,3.1,10.0,2,0,42.9,Poor,High,2,2,4,1,28.0,0.0018214936247723133,2.86
LOC0084,Delhi Public Garden,6,6,4,28.784713,77.199595,1,34,5.0,1,0,0,1,0,0,1,1,0,87.3,2,0,1,1,1,0,0,1,1,8.0,1932,10.0,22.0,19.0,6,2.4,2.0,20.0,1,0,32.0,Poor,High,2,1,2,1,8.0,0.0031039834454216243,3.5555555555555554
LOC0085,Surat Grand Mall,5,21,5,21.152343,72.778897,0,12,5.0,7,1,0,0,1,0,1,0,0,91.4,1,1,2,1,1,0,1,1,0,38.0,18176,74.0,224.5,7.0,3,3.7,3.7,21.0,1,2,87.4,Good,Medium,2,1,4,2,0.0,0.00016504373659019642,2.241025641025641
LOC0086,Hyderabad Tehsil Office,3,8,12,17.397013,78.425392,1,27,18.0,1,0,0,1,0,0,0,0,0,91.9,2,0,2,0,0,0,1,1,1,19.0,819,7.0,37.5,12.0,2,2.4,2.7,13.0,1,0,37.4,Poor,High,1,0,2,2,19.0,0.0024390243902439024,1.8699999999999999
LOC0087,Coimbatore Degree College,2,5,11,11.085313,77.037088,1,23,5.0,1,1,1,1,0,0,1,1,1,101.5,0,2,0,1,1,0,0,0,2,34.0,3051,9.0,35.9,16.0,6,4.0,4.3,4.0,2,1,78.1,Good,Medium,5,1,3,0,68.0,0.001965923984272608,2.2314285714285713
LOC0088,Mumbai Collectorate Office,3,15,9,19.114875,72.946724,1,46,23.0,1,1,0,0,0,0,0,0,0,80.0,0,2,1,1,0,0,0,1,1,23.0,1120,3.0,38.2,12.0,5,2.7,2.7,21.0,1,0,25.5,Poor,High,1,0,4,1,23.0,0.0044603033006244425,1.0625
LOC0089,Nashik City Centre Mall,5,18,9,20.138498,73.640473,0,5,5.0,3,1,1,1,1,1,1,0,0,97.8,1,1,1,1,1,0,0,0,2,44.0,6425,29.0,151.6,8.0,0,4.0,3.7,11.0,1,1,100.0,Excellent,Medium,4,2,3,0,88.0,0.0,2.2222222222222223
LOC0090,Udaipur Green Park,6,24,10,24.650785,73.612978,0,43,26.0,1,1,0,1,0,0,1,0,0,96.9,2,2,0,1,0,0,1,1,1,24.0,305,2.0,13.4,17.0,4,3.6,3.1,10.0,1,0,51.7,Poor,High,3,0,3,2,24.0,0.013071895424836602,2.068
LOC0091,Indore City Bus Stop,1,9,8,22.660231,75.752512,1,13,13.0,1,0,0,1,0,0,0,0,1,77.5,0,2,1,1,0,0,1,0,0,11.0,2173,15.0,12.6,22.0,4,1.4,1.6,18.0,1,0,18.3,Poor,High,2,0,4,1,0.0,0.0018399264029438822,1.5250000000000001
LOC0092,Visakhapatnam Railway Station,7,25,0,17.635572,83.131942,1,23,22.0,2,1,0,0,1,0,1,0,1,84.7,0,0,2,1,0,1,1,0,2,14.0,19537,75.0,126.7,13.0,2,4.1,4.4,16.0,1,2,75.3,Good,Low,3,1,3,1,28.0,0.00010236462278636504,5.02
LOC0093,Guwahati Bus Stand,1,7,1,26.10073,91.712395,1,19,12.0,1,0,0,1,0,0,0,1,0,90.8,2,0,1,0,0,0,1,0,0,22.0,2520,10.0,15.0,9.0,5,2.9,3.3,3.0,1,0,28.7,Poor,High,1,1,1,1,0.0,0.0019833399444664813,1.2478260869565216
LOC0094,Patna Public Garden,6,19,2,25.463026,85.080454,1,17,8.0,1,0,0,1,0,0,0,1,1,81.1,1,0,1,1,0,0,0,1,0,18.0,1349,5.0,18.4,23.0,8,2.3,2.3,19.0,1,0,37.2,Poor,High,2,1,2,1,0.0,0.005925925925925926,1.9578947368421054
LOC0095,Chandigarh Heritage Fort,8,3,3,30.729266,76.682895,1,42,20.0,1,1,0,0,1,0,1,0,1,76.2,1,0,2,1,0,0,1,1,1,2.0,626,3.0,16.2,12.0,4,2.6,2.4,16.0,1,1,73.6,Average,Medium,3,1,3,2,2.0,0.006379585326953748,24.53333333333333
LOC0096,Surat Public Garden,6,21,5,21.10521,72.804322,1,3,3.0,1,1,0,0,0,0,0,1,0,83.7,1,0,1,1,0,0,0,0,1,10.0,1634,3.0,22.4,13.0,4,1.4,1.3,13.0,1,2,55.8,Average,Medium,1,1,2,0,10.0,0.0024464831804281344,5.072727272727272
LOC0097,Pune Green Park,6,20,9,18.655699,73.810829,1,35,23.0,1,1,1,0,1,0,1,0,0,68.7,0,2,0,1,0,0,0,1,1,19.0,2052,6.0,22.8,23.0,2,3.5,3.3,2.0,2,2,70.5,Average,Medium,3,1,3,1,19.0,0.000974184120798831,3.525
LOC0098,Nashik Temple Complex,8,18,9,19.990479,73.749536,1,122,33.0,1,0,1,1,0,0,0,0,0,83.8,0,0,2,1,0,1,0,1,2,18.0,1364,3.0,13.2,19.0,11,2.8,2.9,22.0,2,0,32.5,Poor,High,2,0,3,1,36.0,0.00805860805860806,1.7105263157894737
LOC0099,Bhopal Institute of Technology,2,2,8,23.404841,77.280519,0,56,9.0,3,1,1,1,1,0,1,0,0,98.7,1,0,0,1,1,1,1,1,0,20.0,2407,14.0,48.0,12.0,5,2.9,2.8,13.0,0,1,93.4,Excellent,Medium,4,1,1,2,0.0,0.0020764119601328905,4.447619047619048
LOC0100,Delhi Shopping Mall,5,6,4,28.656821,77.200364,0,13,13.0,4,0,0,1,1,0,0,1,0,94.8,0,2,0,1,1,1,0,1,1,26.0,12252,44.0,171.7,7.0,1,3.6,3.7,16.0,1,2,75.4,Good,Low,1,2,3,1,26.0,8.161266628580756e-05,2.7925925925925927
LOC0101,Mysuru District Office,3,16,6,12.168274,76.543965,1,14,7.0,1,0,0,0,0,0,0,0,1,76.5,2,1,1,1,1,0,1,1,2,37.0,2948,3.0,48.3,15.0,0,2.7,2.7,6.0,1,2,44.7,Poor,High,1,0,3,2,74.0,0.0,1.1763157894736842
LOC0102,Bhopal Multispeciality Hospital,4,2,8,23.351184,77.421445,0,8,8.0,4,1,1,1,1,0,1,1,0,93.0,1,0,0,1,1,0,0,1,2,28.0,3866,20.0,74.6,16.0,0,3.7,4.0,23.0,1,2,100.0,Excellent,Low,4,2,1,1,56.0,0.0,3.4482758620689653
LOC0103,Mysuru District Office,3,16,6,12.253022,76.53827,1,59,15.0,2,0,0,1,1,0,1,1,0,83.1,2,2,0,0,0,0,1,1,1,5.0,1387,11.0,37.4,26.0,7,3.4,3.3,8.0,1,0,42.2,Poor,High,2,2,2,2,5.0,0.005043227665706052,7.033333333333334
LOC0104,Nagpur Lake View Point,8,17,9,21.155104,79.00213,1,21,12.0,1,0,1,1,0,0,1,1,1,89.9,2,1,2,1,1,0,1,1,2,5.0,2536,12.0,23.0,20.0,4,2.7,3.0,17.0,0,1,65.5,Average,Medium,4,1,4,2,10.0,0.0015766653527788726,10.916666666666666
LOC0105,Pune Institute of Technology,2,20,9,18.587839,73.752563,0,37,24.0,2,0,1,1,0,0,1,1,0,99.2,0,2,2,1,0,0,0,0,1,9.0,4338,21.0,64.4,18.0,1,3.2,3.1,16.0,1,1,64.4,Average,Medium,3,1,5,0,9.0,0.00023046784973496196,6.44
LOC0106,Thiruvananthapuram Museum,8,23,7,8.549426,76.924365,1,79,25.0,1,1,1,0,1,0,0,0,0,82.9,2,0,1,1,1,1,1,1,1,14.0,757,5.0,16.2,23.0,6,2.1,2.7,13.0,1,0,44.5,Poor,High,2,1,2,2,14.0,0.0079155672823219,2.966666666666667
LOC0107,Bengaluru City Centre Mall,5,1,6,12.910322,77.485769,0,17,8.0,3,1,0,1,1,1,1,1,1,95.2,1,1,0,1,1,0,0,1,0,25.0,3823,16.0,91.6,14.0,3,2.4,2.3,0.0,1,2,100.0,Excellent,Low,4,3,2,1,0.0,0.0007845188284518828,3.8461538461538463
LOC0108,Mysuru Tehsil Office,3,16,6,12.19838,76.647682,1,77,31.0,2,1,0,0,1,0,0,0,0,76.4,0,1,0,0,0,0,0,0,1,9.0,3749,18.0,44.2,18.0,3,2.8,2.8,15.0,1,2,64.1,Average,Low,1,1,1,0,9.0,0.0008,6.409999999999999
LOC0109,Kochi Museum,8,12,7,9.92533,76.22847,1,123,21.0,1,1,0,0,0,0,0,0,0,83.1,0,1,1,1,0,0,1,1,1,16.0,987,6.0,23.2,18.0,7,2.4,3.0,1.0,1,0,34.8,Poor,High,1,0,3,2,16.0,0.00708502024291498,2.0470588235294116
LOC0110,Coimbatore Railway Station,7,5,11,11.072621,76.929608,1,67,27.0,1,0,1,1,0,0,1,0,0,79.4,2,1,1,0,1,0,1,1,1,14.0,12322,56.0,100.2,14.0,2,3.3,2.9,1.0,1,0,50.5,Poor,High,3,0,2,2,14.0,0.00016229814168627768,3.3666666666666667
LOC0111,Ahmedabad Botanical Garden,8,0,5,23.092195,72.569386,1,5,5.0,1,0,1,0,1,0,0,1,0,68.5,0,0,2,0,1,0,1,1,0,4.0,2472,12.0,23.9,16.0,8,1.9,1.6,13.0,1,0,49.5,Poor,High,1,2,2,2,0.0,0.003234937323089365,9.9
LOC0112,Guwahati Collectorate Office,3,7,1,26.076295,91.623062,1,26,22.0,1,0,1,0,1,0,1,0,1,78.8,1,0,1,0,1,0,1,1,1,21.0,3423,15.0,35.8,18.0,7,1.9,2.1,7.0,2,2,64.0,Average,Medium,3,1,1,2,21.0,0.0020443925233644858,2.909090909090909
LOC0113,Ahmedabad Lake View Point,8,0,5,23.13788,72.483601,1,147,42.0,1,0,0,0,0,0,1,0,0,72.9,1,0,1,0,0,0,1,0,0,2.0,1638,2.0,27.9,21.0,11,1.0,1.0,20.0,1,1,18.6,Poor,High,1,0,1,1,0.0,0.006711409395973154,6.2
LOC0114,Thane Grand Mall,5,22,9,19.088859,73.062433,1,1,0.0,4,1,1,1,1,1,1,0,0,95.8,1,1,2,1,1,0,0,1,1,8.0,19783,71.0,154.6,5.0,0,3.3,3.4,10.0,0,1,100.0,Excellent,Low,4,2,4,1,8.0,0.0,11.11111111111111
LOC0115,Mumbai International Airport,0,15,9,19.008767,72.7645,0,9,9.0,3,1,1,1,0,0,1,1,0,100.9,0,0,2,1,0,1,1,1,1,7.0,14022,65.0,210.7,11.0,1,3.7,3.9,12.0,1,2,95.5,Excellent,Low,4,1,3,2,7.0,7.131141695785496e-05,11.9375
LOC0116,Thane Grand Mall,5,22,9,19.078357,72.865799,0,3,3.0,7,1,1,0,1,0,1,1,1,76.6,1,2,2,1,0,1,1,0,0,14.0,16644,65.0,173.0,10.0,1,3.4,3.4,5.0,1,2,90.9,Excellent,Medium,4,2,5,1,0.0,6.007810153199159e-05,6.0600000000000005
LOC0117,Patna Museum,8,19,2,25.535812,85.085127,1,31,13.0,1,0,0,0,1,1,0,1,1,79.1,0,0,1,0,0,0,0,1,1,7.0,2147,11.0,26.0,14.0,5,3.0,3.2,2.0,1,2,55.3,Average,Medium,1,3,1,1,7.0,0.0023277467411545625,6.9125
LOC0118,Pune City Centre Mall,5,20,9,18.559748,73.877351,0,25,12.0,7,1,1,1,1,1,1,1,0,88.6,2,1,0,1,1,1,1,1,0,18.0,12833,51.0,200.2,15.0,5,4.2,4.4,0.0,0,2,97.6,Excellent,Medium,4,3,2,2,0.0,0.00038959015116097863,5.136842105263158
LOC0119,Coimbatore Green Park,6,5,11,10.967645,77.084805,1,49,17.0,1,0,1,1,1,0,1,0,0,82.0,2,2,2,0,0,0,0,1,1,22.0,1310,2.0,13.6,15.0,9,2.7,3.3,20.0,0,1,42.7,Poor,High,3,1,4,1,22.0,0.006864988558352402,1.856521739130435
LOC0120,Guwahati City Bus Stop,1,7,1,26.164735,91.860522,1,15,15.0,1,0,0,0,0,0,0,0,0,81.3,2,2,2,0,0,0,1,0,0,4.0,243,4.0,6.4,16.0,6,2.1,2.2,22.0,1,0,8.9,Poor,High,0,0,4,1,0.0,0.02459016393442623,1.78
LOC0121,Kochi City Hospital,4,12,7,9.869229,76.152083,0,50,24.0,2,0,1,0,0,0,0,0,1,72.9,1,0,2,1,0,0,0,0,1,27.0,1566,12.0,59.7,16.0,1,2.8,2.9,1.0,1,1,62.5,Average,Medium,2,0,3,0,27.0,0.0006381620931716656,2.232142857142857
LOC0122,Surat Medical Center,4,21,5,21.281662,72.802616,0,52,16.0,5,1,1,0,0,0,1,1,1,78.2,1,1,1,1,0,1,1,1,2,29.0,1506,6.0,91.0,10.0,5,3.3,3.0,15.0,1,2,83.0,Good,Medium,4,1,3,2,58.0,0.0033178500331785005,2.7666666666666666
LOC0123,Chennai Domestic Airport,0,4,11,13.175794,76.912553,0,27,23.0,5,0,1,1,1,1,1,1,0,90.5,0,0,0,1,0,1,0,1,1,38.0,4285,21.0,263.0,8.0,2,2.6,2.5,23.0,1,2,95.1,Excellent,Low,3,3,1,1,38.0,0.0004666355576294914,2.4384615384615382
LOC0124,Kanpur Medical Center,4,11,13,26.595212,80.224275,0,21,5.0,7,0,1,1,0,1,1,0,1,93.8,2,1,2,0,1,0,1,1,1,15.0,1585,6.0,98.9,6.0,1,3.9,4.9,0.0,1,1,83.1,Good,Medium,4,1,3,2,15.0,0.0006305170239596469,5.19375
LOC0125,Thiruvananthapuram Shopping Mall,5,23,7,8.632858,77.008537,0,6,6.0,7,1,1,0,1,0,0,1,0,81.1,0,0,2,1,1,1,1,1,2,5.0,10099,41.0,183.1,15.0,0,3.2,3.3,8.0,2,1,78.1,Good,Low,2,2,3,2,10.0,0.0,13.016666666666666
LOC0126,Ahmedabad Multispeciality Hospital,4,0,5,23.076636,72.532295,1,22,8.0,7,1,0,1,1,0,1,0,0,99.6,0,2,0,1,0,0,0,1,2,8.0,1739,8.0,48.9,8.0,1,2.8,3.0,22.0,1,2,74.6,Average,Medium,3,1,3,1,16.0,0.0005747126436781609,8.288888888888888
LOC0127,Bengaluru Airport Terminal,0,1,6,13.055894,77.51493,0,23,22.0,2,1,1,1,1,1,1,0,1,99.5,0,2,0,1,1,1,0,1,0,19.0,11153,51.0,261.1,6.0,1,3.5,3.4,4.0,1,0,90.1,Excellent,Medium,5,2,3,1,0.0,8.965393580778196e-05,4.505
LOC0128,Coimbatore Collectorate Office,3,5,11,10.947134,76.908283,1,10,10.0,1,1,1,0,0,0,0,0,1,83.6,2,0,1,1,0,0,1,1,1,30.0,3377,12.0,46.0,18.0,5,1.9,1.8,21.0,0,2,49.0,Poor,High,3,0,2,2,30.0,0.0014801657785671995,1.5806451612903225
LOC0129,Nashik Institute of Technology,2,18,9,19.887187,73.660382,1,69,26.0,3,1,1,0,0,1,0,0,0,82.6,1,1,2,1,0,0,0,1,0,11.0,1015,3.0,37.6,17.0,9,2.0,1.8,20.0,1,1,62.5,Average,High,2,1,4,1,0.0,0.008858267716535433,5.208333333333333
LOC0130,Chandigarh Temple Complex,8,3,3,30.584233,76.70241,1,16,7.0,1,1,1,0,0,1,0,0,1,85.5,2,0,2,0,1,0,0,0,2,16.0,2794,9.0,32.7,14.0,3,3.2,3.5,11.0,0,0,54.0,Poor,High,3,1,2,0,32.0,0.001073345259391771,3.176470588235294
LOC0131,Indore Bus Stand,1,9,8,22.603199,75.821362,1,39,16.0,1,0,1,0,0,0,1,0,0,76.2,2,0,2,0,0,0,1,1,1,23.0,633,2.0,10.1,19.0,5,2.3,2.3,3.0,2,1,41.1,Poor,High,2,0,2,2,23.0,0.007886435331230283,1.7125000000000001
LOC0132,Coimbatore Grand Mall,5,5,11,11.107015,76.836548,0,22,22.0,3,1,1,1,1,0,1,0,1,96.8,0,1,0,0,0,1,0,0,2,16.0,8669,36.0,170.8,7.0,4,3.1,3.5,22.0,2,2,91.3,Excellent,Low,5,1,1,0,32.0,0.000461361014994233,5.370588235294117
LOC0133,Nagpur Bus Stand,1,17,9,21.250833,79.095699,1,28,13.0,1,0,1,0,0,0,0,0,0,79.4,2,0,2,1,0,1,1,0,0,6.0,1638,6.0,13.5,23.0,4,2.1,2.0,22.0,0,2,38.8,Poor,High,1,0,3,1,0.0,0.0024405125076266015,5.542857142857143
LOC0134,Surat Lake View Point,8,21,5,21.126361,72.706817,1,11,11.0,1,0,1,0,0,1,1,0,1,76.2,1,0,0,1,1,0,0,1,2,17.0,2406,5.0,34.6,25.0,7,2.4,2.3,21.0,1,1,76.2,Good,Low,3,1,1,1,34.0,0.0029081844619858743,4.233333333333333
LOC0135,Kanpur Grand Mall,5,11,13,26.546931,80.199164,0,4,4.0,4,1,1,0,1,1,1,1,0,82.4,0,1,0,0,0,1,0,1,0,33.0,8649,37.0,157.9,8.0,1,3.8,3.6,8.0,1,2,100.0,Excellent,Low,3,3,1,1,0.0,0.00011560693641618497,2.9411764705882355
LOC0136,Kochi Central Park,6,12,7,10.029954,76.329072,1,49,10.0,1,0,1,1,0,0,0,0,0,80.8,0,0,1,0,0,1,1,0,0,18.0,1970,10.0,24.8,21.0,3,2.0,2.1,10.0,0,2,42.5,Poor,High,2,0,1,1,0.0,0.0015220700152207,2.236842105263158
LOC0137,Kanpur Railway Station,7,11,13,26.304882,80.38827,1,89,15.0,3,1,1,0,0,0,0,0,0,75.1,0,1,1,1,0,0,1,0,0,44.0,17683,66.0,123.2,14.0,10,1.4,1.5,4.0,2,0,28.0,Poor,High,2,0,3,1,0.0,0.000565482922415743,0.6222222222222222
LOC0138,Kanpur Domestic Airport,0,11,13,26.314635,80.460318,1,10,10.0,5,1,1,1,1,0,0,0,1,103.1,2,0,0,1,1,1,0,1,1,21.0,7019,36.0,124.5,4.0,0,4.1,4.0,19.0,2,1,87.0,Good,Low,4,1,1,1,21.0,0.0,3.9545454545454546
LOC0139,Nagpur Public Garden,6,17,9,21.24922,79.138476,1,12,2.0,1,0,0,1,0,0,0,0,0,89.0,2,0,2,0,0,0,0,0,1,23.0,322,2.0,19.8,19.0,11,2.8,2.8,19.0,1,0,23.8,Poor,High,1,0,2,0,23.0,0.034055727554179564,0.9916666666666667
LOC0140,Bengaluru City Centre Mall,5,1,6,12.821971,77.471808,0,2,0.0,2,0,1,1,1,0,1,0,1,106.0,0,0,2,1,1,1,1,1,0,31.0,15370,61.0,145.1,7.0,1,4.2,4.1,17.0,0,2,89.5,Good,Medium,4,1,3,2,0.0,6.505757595471992e-05,2.796875
LOC0141,Mumbai International Airport,0,15,9,19.008737,73.018982,0,11,11.0,2,1,1,1,1,0,1,1,1,98.7,1,1,0,1,1,0,0,0,2,12.0,14967,64.0,214.8,11.0,1,3.8,3.5,3.0,2,2,100.0,Excellent,Low,5,2,2,0,24.0,6.680919294494922e-05,7.6923076923076925
LOC0142,Bhopal Museum,8,2,8,23.224703,77.517211,1,142,23.0,1,0,0,0,0,0,0,0,1,62.6,1,0,0,1,1,0,0,1,2,16.0,1416,10.0,14.6,25.0,10,1.0,1.1,0.0,1,1,41.8,Poor,High,1,0,1,1,32.0,0.007057163020465773,2.4588235294117644
LOC0143,Bhopal International Airport,0,2,8,23.39718,77.311827,1,24,13.0,4,1,1,1,1,0,1,0,1,98.9,0,1,2,1,0,1,1,0,1,17.0,4831,18.0,82.5,13.0,0,3.4,3.4,19.0,0,2,98.2,Excellent,Low,5,1,4,1,17.0,0.0,5.455555555555556
LOC0144,Jaipur Green Park,6,10,10,26.995616,75.808903,1,3,3.0,1,0,1,1,1,0,0,0,1,86.9,0,1,0,1,0,0,1,1,1,14.0,2619,8.0,20.7,19.0,2,4.1,4.5,0.0,2,0,76.6,Good,Low,3,1,2,2,14.0,0.0007633587786259542,5.1066666666666665
LOC0145,Lucknow Tehsil Office,3,14,13,26.880688,81.019759,1,10,10.0,1,1,1,1,0,0,0,1,1,88.8,0,2,2,1,1,1,0,1,1,31.0,3417,14.0,29.3,18.0,2,3.6,3.2,18.0,0,1,72.9,Average,Medium,4,1,5,1,31.0,0.0005851375073142189,2.278125
LOC0146,Kochi Junction,7,12,7,9.849923,76.239504,1,19,9.0,1,0,0,1,1,0,0,0,1,91.5,2,2,0,1,0,1,1,1,2,8.0,18478,72.0,118.2,7.0,3,2.8,2.7,11.0,1,2,59.1,Average,Medium,2,1,3,2,16.0,0.00016234644731857786,6.566666666666666
LOC0147,Thane Shopping Mall,5,22,9,19.365715,72.965155,0,5,5.0,3,1,0,1,1,1,1,0,1,105.2,1,2,0,1,1,0,1,1,2,13.0,13998,54.0,165.0,7.0,0,5.0,4.9,12.0,1,1,100.0,Excellent,Low,4,2,3,2,26.0,0.0,7.142857142857143
LOC0148,Jaipur Heritage Fort,8,10,10,27.038432,75.642042,1,54,16.0,1,0,0,0,0,1,1,0,1,77.9,0,0,1,1,1,0,1,1,2,14.0,1163,7.0,21.6,12.0,4,2.9,2.5,16.0,1,1,46.4,Poor,High,2,1,2,2,28.0,0.003436426116838488,3.0933333333333333
LOC0149,Bhopal Collectorate Office,3,2,8,23.310931,77.432434,1,70,22.0,1,0,1,0,1,0,0,0,0,74.2,0,2,2,1,0,0,1,0,0,39.0,3468,12.0,29.4,15.0,4,3.4,3.1,10.0,2,0,30.4,Poor,High,1,1,5,1,0.0,0.0011530700490054772,0.76
LOC0150,Kolkata Collectorate Office,3,13,14,22.434267,88.435007,1,16,11.0,2,0,0,0,0,0,0,0,1,71.1,2,0,0,1,1,1,1,1,0,15.0,1762,9.0,30.3,21.0,4,1.7,1.7,22.0,1,1,36.5,Poor,High,1,0,1,2,0.0,0.0022688598979013048,2.28125
LOC0151,Hyderabad Municipal Office,3,8,12,17.297999,78.466508,1,65,19.0,3,1,0,0,1,1,0,1,0,89.1,0,0,0,1,0,1,1,1,1,36.0,2181,2.0,34.8,16.0,4,2.6,2.8,3.0,1,2,76.4,Good,Low,1,3,1,2,36.0,0.0018331805682859762,2.064864864864865
LOC0152,Udaipur Collectorate Office,3,24,10,24.581484,73.584904,1,36,7.0,2,0,0,0,1,0,0,0,0,76.3,0,0,1,1,0,0,1,1,2,16.0,1334,3.0,14.5,18.0,7,1.3,1.3,14.0,1,1,32.3,Poor,High,0,1,2,2,32.0,0.0052434456928838954,1.9
LOC0153,Lucknow City Park,6,14,13,26.850072,80.998712,1,49,8.0,1,0,1,1,0,0,1,1,0,95.5,2,0,2,0,0,0,0,0,1,2.0,1551,13.0,21.9,18.0,8,1.8,2.1,14.0,2,0,38.8,Poor,High,3,1,2,0,2.0,0.005154639175257732,12.933333333333332
LOC0154,Patna International Airport,0,19,2,25.586772,85.058019,0,10,7.0,7,1,1,1,0,0,1,0,1,92.5,0,1,2,1,1,0,0,0,0,32.0,6782,24.0,220.3,4.0,4,4.5,4.4,8.0,1,2,93.6,Excellent,Medium,5,0,4,0,0.0,0.0005897095680377414,2.836363636363636
LOC0155,Indore Museum,8,9,8,22.638884,75.717625,1,67,11.0,1,0,1,0,0,0,0,0,0,73.2,1,0,2,0,0,0,1,0,1,19.0,1281,3.0,20.4,11.0,3,2.8,3.3,2.0,0,1,53.5,Poor,Medium,1,0,2,1,19.0,0.00234009360374415,2.675
LOC0156,Ahmedabad Government College,2,0,5,22.974426,72.42452,1,69,28.0,2,1,0,0,0,0,0,0,1,82.3,1,2,2,1,0,1,1,1,0,20.0,1727,4.0,37.9,30.0,11,2.5,2.0,13.0,1,2,43.5,Poor,High,2,0,5,2,0.0,0.00636574074074074,2.0714285714285716
LOC0157,Mumbai Railway Station,7,15,9,19.08653,72.928448,1,24,14.0,1,1,0,1,1,1,0,0,0,86.4,0,2,1,1,1,0,1,1,2,42.0,7569,35.0,90.6,14.0,3,2.2,2.8,15.0,1,0,46.7,Poor,High,2,2,4,2,84.0,0.0003963011889035667,1.086046511627907
LOC0158,Mysuru College of Engineering,2,16,6,12.317058,76.660913,1,35,19.0,2,1,1,0,0,0,0,0,0,85.8,1,0,0,1,0,0,0,0,2,21.0,2759,6.0,54.0,15.0,3,3.2,3.5,20.0,0,1,70.8,Average,Low,2,0,1,0,42.0,0.0010869565217391304,3.2181818181818183
LOC0159,Mumbai Municipal Office,3,15,9,19.141528,72.887197,1,56,14.0,2,0,0,1,1,0,1,0,1,82.2,2,0,2,0,0,0,1,1,2,15.0,2592,9.0,31.9,21.0,6,2.7,2.7,1.0,1,1,48.0,Poor,High,3,1,2,2,30.0,0.0023139220979560356,3.0
LOC0160,Thiruvananthapuram Junction,7,23,7,8.385571,77.045212,1,33,6.0,3,0,0,1,0,0,0,1,0,89.3,0,1,2,0,0,1,1,0,0,17.0,11957,42.0,103.1,16.0,7,2.7,2.7,17.0,1,1,45.6,Poor,High,1,1,3,1,0.0,0.0005853821709315939,2.533333333333333
LOC0161,Udaipur General Hospital,4,24,10,24.439572,73.850929,1,30,8.0,7,1,1,1,1,0,1,0,0,97.0,1,1,1,1,1,1,0,1,2,8.0,4243,27.0,95.0,9.0,1,3.1,2.7,20.0,2,1,86.5,Good,Medium,4,1,3,1,16.0,0.000235626767200754,9.61111111111111
LOC0162,Coimbatore City Bus Stop,1,5,11,11.160359,76.990072,1,24,18.0,1,0,0,0,0,0,0,0,0,78.7,2,0,0,0,1,0,1,1,2,11.0,2588,3.0,15.3,12.0,2,1.6,1.8,12.0,1,0,33.4,Poor,Medium,0,0,0,2,22.0,0.000772499034376207,2.783333333333333
LOC0163,Bengaluru City Bus Stop,1,1,6,13.016118,77.660731,1,19,6.0,1,0,0,0,0,0,0,0,0,75.8,0,2,2,1,0,0,1,1,1,14.0,2895,14.0,17.9,15.0,7,1.2,1.3,3.0,1,1,30.6,Poor,High,0,0,5,2,14.0,0.0024171270718232043,2.04
LOC0164,Delhi Railway Station,7,6,4,28.635675,76.991714,1,14,14.0,3,1,1,1,0,1,0,0,1,104.4,0,0,1,1,0,1,1,0,1,11.0,7680,41.0,66.4,14.0,4,2.8,2.5,22.0,2,2,69.5,Average,Medium,4,1,2,1,11.0,0.0005207655253222236,5.791666666666667
LOC0165,Lucknow Bus Stand,1,14,13,26.966441,80.94889,1,8,8.0,1,0,0,1,0,1,0,1,0,89.5,0,0,1,0,1,0,1,1,2,6.0,1996,9.0,12.9,19.0,6,2.0,1.6,0.0,1,0,40.6,Poor,High,1,2,1,2,12.0,0.0030045067601402104,5.8
LOC0166,Guwahati Lake View Point,8,7,1,26.062074,91.704565,1,45,17.0,1,0,1,0,0,1,0,0,0,70.9,0,2,2,1,0,0,1,0,1,6.0,2250,6.0,25.9,19.0,7,1.5,1.0,12.0,2,0,25.7,Poor,High,1,1,5,1,6.0,0.003109729009329187,3.6714285714285713
LOC0167,Ahmedabad Government College,2,0,5,23.131262,72.562889,0,44,24.0,2,1,1,1,1,1,0,0,0,90.4,1,1,2,0,1,1,1,1,2,33.0,2928,19.0,74.3,10.0,3,3.7,3.6,5.0,0,2,100.0,Excellent,Low,3,2,3,2,66.0,0.0010242403550699897,2.9411764705882355
LOC0168,Mysuru Shopping Mall,5,16,6,12.312215,76.6857,0,15,10.0,5,1,1,0,1,1,1,0,1,78.7,1,1,2,1,0,1,1,1,0,11.0,15935,63.0,149.2,10.0,4,4.2,3.8,22.0,0,1,93.8,Excellent,Medium,4,2,4,2,0.0,0.000251004016064257,7.816666666666666
LOC0169,Pune Central Park,6,20,9,18.565257,73.905661,1,18,18.0,1,0,0,0,1,0,0,1,0,75.9,0,1,1,1,0,0,0,1,0,3.0,2163,6.0,20.4,16.0,6,2.5,2.5,3.0,1,0,37.7,Poor,High,0,2,3,1,0.0,0.0027726432532347504,9.425
LOC0170,Ahmedabad Bus Stand,1,0,5,23.085218,72.481866,1,8,8.0,1,0,0,1,0,0,0,0,0,90.6,0,0,2,0,0,0,1,0,0,2.0,2647,7.0,12.0,24.0,8,1.8,2.0,6.0,1,0,33.3,Poor,High,1,0,2,1,0.0,0.0030211480362537764,11.1
LOC0171,Bengaluru Museum,8,1,6,12.943142,77.72437,1,164,29.0,1,0,0,0,1,0,0,0,0,75.1,1,2,2,1,0,0,0,0,1,22.0,1297,3.0,26.1,13.0,5,1.7,1.6,14.0,1,0,32.0,Poor,High,0,1,5,0,22.0,0.003852080123266564,1.391304347826087
LOC0172,Surat Bus Depot,1,21,5,21.171912,72.81255,1,28,4.0,1,0,0,0,0,0,0,0,0,74.3,0,2,2,0,0,0,1,0,0,15.0,1690,3.0,13.2,21.0,9,2.1,2.0,23.0,1,0,9.5,Poor,High,0,0,4,1,0.0,0.005322294500295683,0.59375
LOC0173,Chandigarh Degree College,2,3,3,30.865278,76.795846,1,67,29.0,3,0,1,0,1,0,1,0,1,72.0,1,2,0,1,1,0,1,0,0,34.0,4874,20.0,50.6,19.0,9,2.3,2.1,7.0,2,1,54.3,Poor,High,3,1,3,1,0.0,0.0018461538461538461,1.5514285714285714
LOC0174,Surat Heritage Fort,8,21,5,21.307524,72.803166,1,154,32.0,1,0,0,0,0,0,0,0,0,76.1,0,2,2,0,0,0,1,1,1,7.0,2011,9.0,21.7,27.0,13,1.5,1.6,20.0,1,0,8.1,Poor,High,0,0,4,2,7.0,0.0064612326043737576,1.0125
LOC0175,Surat City Park,6,21,5,21.215066,72.915755,1,49,22.0,1,0,1,1,0,0,0,0,0,90.5,1,1,1,0,0,0,0,1,0,6.0,2496,18.0,32.0,20.0,4,1.5,1.5,18.0,0,0,43.7,Poor,High,2,0,2,1,0.0,0.0016019223067681217,6.242857142857143
LOC0176,Kochi Central Station,7,12,7,10.009062,76.355648,1,89,24.0,3,0,0,1,1,0,0,0,0,80.0,0,0,0,0,0,0,1,0,2,5.0,4981,12.0,41.5,22.0,8,2.3,2.4,19.0,1,2,47.9,Poor,High,1,1,0,1,10.0,0.0016057808109193096,7.983333333333333
LOC0177,Nashik Tehsil Office,3,18,9,19.903238,73.855823,1,76,25.0,3,1,0,0,0,0,0,0,0,79.7,2,0,1,1,0,0,0,1,0,29.0,1944,2.0,36.6,19.0,7,1.7,1.7,14.0,1,0,13.2,Poor,High,1,0,2,1,0.0,0.0035989717223650387,0.44
LOC0178,Kochi Collectorate Office,3,12,7,10.021563,76.336193,1,36,17.0,2,1,0,0,0,0,0,1,1,84.8,0,1,1,1,0,0,1,1,1,37.0,1978,8.0,34.7,15.0,1,1.9,1.6,10.0,1,2,58.9,Average,Medium,2,1,3,2,37.0,0.0005053057099545225,1.55
LOC0179,Delhi City Centre Mall,5,6,4,28.659179,77.038878,0,5,5.0,7,1,1,1,1,0,1,0,1,93.2,1,1,2,0,0,1,1,1,2,6.0,9379,37.0,154.5,8.0,1,4.1,3.9,10.0,0,2,100.0,Excellent,Low,5,1,3,2,12.0,0.00010660980810234541,14.285714285714286
LOC0180,Delhi Railway Station,7,6,4,28.707397,77.232969,1,58,28.0,2,0,1,1,0,0,0,1,1,83.0,0,1,2,1,1,0,1,0,2,15.0,4651,16.0,72.3,12.0,4,2.9,2.8,13.0,0,2,70.0,Average,Medium,3,1,4,1,30.0,0.0008598452278589854,4.375
LOC0181,Delhi Plaza Mall,5,6,4,28.761397,77.129424,0,6,6.0,6,1,1,1,1,1,0,1,0,90.3,0,2,2,1,0,0,0,1,0,12.0,9839,33.0,126.3,11.0,2,4.5,4.6,12.0,1,2,87.4,Good,Medium,3,3,5,1,0.0,0.0002032520325203252,6.723076923076923
LOC0182,Lucknow Plaza Mall,5,14,13,26.753562,80.935953,0,10,10.0,2,1,1,0,0,0,0,1,1,79.3,0,0,0,1,0,1,1,1,1,15.0,17972,70.0,180.1,3.0,4,2.8,2.6,2.0,1,2,88.0,Good,Low,3,1,1,2,15.0,0.00022255605630668225,5.5
LOC0183,Mumbai Lake View Point,8,15,9,18.987821,73.005709,1,29,19.0,1,0,1,0,0,0,0,0,0,76.3,2,0,2,0,0,0,1,0,2,20.0,1607,7.0,19.2,14.0,2,2.4,2.6,20.0,2,1,34.4,Poor,High,1,0,2,1,40.0,0.0012437810945273632,1.638095238095238
LOC0184,Kochi Medical Center,4,12,7,9.960367,76.410148,0,20,15.0,6,0,0,1,1,1,1,0,0,87.2,1,0,2,1,1,0,0,1,2,27.0,1382,9.0,92.3,8.0,1,4.9,5.0,23.0,1,2,85.0,Good,Low,2,2,3,1,54.0,0.0007230657989877079,3.0357142857142856
LOC0185,Udaipur International Airport,0,24,10,24.576239,73.743845,0,6,6.0,2,0,1,1,1,1,0,0,1,97.7,0,0,0,0,1,0,0,1,1,23.0,11574,55.0,162.5,8.0,0,3.4,3.4,9.0,0,1,89.6,Good,Low,3,2,0,1,23.0,0.0,3.733333333333333
LOC0186,Mysuru Collectorate Office,3,16,6,12.331893,76.568357,1,21,21.0,1,0,0,0,0,0,1,0,0,76.7,2,0,2,1,0,1,1,1,0,39.0,752,7.0,25.7,17.0,10,1.9,1.8,21.0,1,2,32.6,Poor,High,1,0,3,2,0.0,0.013280212483399735,0.8150000000000001
LOC0187,Ahmedabad Shopping Mall,5,0,5,22.953003,72.467001,0,3,3.0,7,1,1,0,0,0,1,0,1,90.8,0,1,0,1,0,1,1,1,0,43.0,19858,84.0,184.7,4.0,1,3.1,3.0,5.0,1,2,95.4,Excellent,Low,4,0,2,2,0.0,5.035500276952515e-05,2.1681818181818184
LOC0188,Bengaluru Municipal Office,3,1,6,12.895025,77.518491,1,79,29.0,2,0,1,0,0,1,1,0,0,70.8,0,0,1,1,0,0,0,1,1,20.0,1766,11.0,34.2,19.0,6,1.6,1.3,19.0,2,1,33.7,Poor,High,2,1,2,1,20.0,0.003395585738539898,1.6047619047619048
LOC0189,Mysuru Central Park,6,16,6,12.232994,76.515009,1,5,5.0,1,0,0,0,0,1,0,1,1,71.2,1,0,2,0,1,0,0,1,0,5.0,2041,2.0,19.1,15.0,7,3.1,3.3,1.0,1,2,60.3,Average,Medium,1,2,2,1,0.0,0.0034280117531831538,10.049999999999999
LOC0190,Visakhapatnam Municipal Office,3,25,0,17.827985,83.314051,1,74,29.0,1,0,1,0,0,0,0,0,0,80.1,0,0,2,0,1,0,0,0,0,15.0,3217,10.0,38.1,14.0,3,2.1,2.1,16.0,0,1,39.7,Poor,High,1,0,2,0,0.0,0.0009322560596643878,2.48125
LOC0191,Ahmedabad District Office,3,0,5,22.88761,72.592941,1,14,6.0,3,1,1,0,0,1,1,1,0,80.4,2,2,1,0,0,0,1,1,1,12.0,2770,6.0,40.3,17.0,5,1.6,1.5,3.0,0,1,46.5,Poor,High,3,2,3,2,12.0,0.001804402742692169,3.576923076923077
LOC0192,Lucknow Central Station,7,14,13,26.979606,80.856455,1,24,17.0,1,0,1,0,0,0,0,1,0,82.2,0,0,2,1,1,0,1,1,1,34.0,3823,15.0,52.6,12.0,4,3.1,2.7,19.0,1,1,63.3,Average,Medium,1,1,3,2,34.0,0.0010460251046025104,1.8085714285714285
LOC0193,Kolkata City Hospital,4,13,14,22.424173,88.299586,1,29,11.0,5,0,1,0,1,1,0,0,1,76.8,2,1,1,1,0,0,0,0,1,9.0,2114,13.0,75.2,6.0,2,3.0,2.7,18.0,0,1,54.2,Poor,High,2,2,3,0,9.0,0.0009456264775413711,5.42
LOC0194,Pune Grand Mall,5,20,9,18.580643,73.859065,0,1,1.0,3,1,1,1,1,1,0,0,1,98.4,0,1,1,1,1,0,1,1,0,26.0,10387,35.0,145.9,3.0,3,4.6,4.7,0.0,1,2,97.9,Excellent,Medium,4,2,3,2,0.0,0.0002887947631882942,3.625925925925926
LOC0195,Kanpur City Bus Stop,1,11,13,26.593675,80.381714,1,2,2.0,1,0,1,1,0,0,0,0,0,95.3,1,1,2,1,0,0,1,0,0,24.0,2872,9.0,17.8,15.0,6,2.7,2.8,13.0,2,0,57.4,Average,Medium,2,0,4,1,0.0,0.002088409328228333,2.296
LOC0196,Nashik Heritage Fort,8,18,9,19.9269,73.878506,1,186,46.0,1,1,0,0,0,0,0,0,0,74.8,2,1,2,0,0,0,1,1,2,3.0,225,2.0,15.8,26.0,11,1.0,1.0,0.0,1,0,19.3,Poor,High,1,0,3,2,6.0,0.048672566371681415,4.825
LOC0197,Kolkata Shopping Mall,5,13,14,22.537613,88.368456,0,14,14.0,2,1,1,1,0,0,1,1,0,91.1,1,0,2,0,0,1,0,1,0,29.0,13882,55.0,148.1,9.0,3,3.6,4.0,10.0,0,2,90.3,Excellent,Medium,4,1,2,1,0.0,0.0002160916228480876,3.01
LOC0198,Chandigarh Municipal Office,3,3,3,30.707663,76.706471,1,49,23.0,1,0,1,0,0,1,0,1,0,70.4,0,2,1,1,0,0,1,1,0,36.0,2158,6.0,55.4,15.0,10,2.1,2.1,13.0,0,1,27.7,Poor,High,1,2,4,2,0.0,0.004631773969430292,0.7486486486486487
LOC0199,Kolkata Bus Depot,1,13,14,22.502653,88.312671,0,13,13.0,1,0,0,0,0,0,0,1,0,75.3,2,0,2,0,0,0,1,0,0,8.0,1396,7.0,14.3,16.0,5,3.9,4.2,14.0,1,1,34.5,Poor,High,0,1,2,1,0.0,0.0035790980672870437,3.8333333333333335
LOC0200,Delhi Central Station,7,6,4,28.821704,77.205042,1,64,18.0,1,1,0,1,0,0,0,0,1,95.3,0,1,1,0,1,0,1,1,2,42.0,11850,44.0,116.5,10.0,4,3.1,2.8,9.0,1,0,52.5,Poor,High,3,0,2,2,84.0,0.0003375242595561556,1.2209302325581395
LOC0201,Indore General Hospital,4,9,8,22.610393,75.860571,1,47,10.0,4,1,0,0,0,0,1,1,0,83.6,1,0,2,1,0,0,1,0,2,35.0,1277,11.0,76.8,13.0,7,2.7,2.7,9.0,1,2,66.5,Average,Medium,2,1,3,1,70.0,0.005477308294209703,1.8472222222222223
LOC0202,Kanpur City Bus Stop,1,11,13,26.583197,80.363551,1,21,10.0,1,1,1,0,1,0,1,0,0,83.1,2,2,2,1,1,0,1,0,2,2.0,873,2.0,10.1,21.0,6,1.4,1.9,1.0,2,1,48.7,Poor,High,3,1,5,1,4.0,0.006864988558352402,16.233333333333334
LOC0203,Udaipur Grand Mall,5,24,10,24.57615,73.809702,0,2,2.0,2,0,1,1,1,1,0,1,1,91.7,1,2,1,1,0,0,1,1,0,21.0,11260,53.0,138.7,6.0,2,4.1,4.1,20.0,2,2,74.6,Average,High,3,3,4,2,0.0,0.00017760412041559364,3.3909090909090907
LOC0204,Bengaluru Domestic Airport,0,1,6,12.948934,77.635955,1,30,24.0,3,0,1,1,1,1,1,1,0,89.8,0,1,1,1,1,1,1,0,2,9.0,18138,74.0,202.6,9.0,0,2.8,2.8,11.0,1,1,81.7,Good,Medium,3,3,3,1,18.0,0.0,8.17
LOC0205,Bengaluru Airport Terminal,0,1,6,13.044596,77.666204,1,29,4.0,3,1,1,1,1,1,1,0,0,85.8,1,1,2,1,0,1,0,1,1,33.0,19478,88.0,154.8,8.0,2,3.2,2.8,8.0,0,2,100.0,Excellent,Low,4,2,4,1,33.0,0.0001026746752913394,2.9411764705882355
LOC0206,Kochi Collectorate Office,3,12,7,10.054883,76.34514,1,12,12.0,2,1,0,1,1,1,1,0,0,98.4,1,2,2,0,0,0,1,1,2,25.0,2603,8.0,40.4,18.0,3,3.2,3.0,16.0,1,1,76.0,Good,Medium,3,2,4,2,50.0,0.001152073732718894,2.923076923076923
LOC0207,Kochi Bus Depot,1,12,7,9.808982,76.405654,1,10,6.0,1,0,1,0,0,0,1,0,0,78.0,1,2,2,1,1,0,1,1,0,9.0,2947,15.0,17.1,14.0,5,2.7,2.8,19.0,0,0,49.2,Poor,High,2,0,5,2,0.0,0.0016960651289009499,4.92
LOC0208,Kochi General Hospital,4,12,7,10.075202,76.411508,0,14,14.0,3,1,1,1,0,0,1,0,1,100.4,0,0,2,0,1,1,0,1,0,34.0,4782,25.0,141.0,7.0,3,3.2,3.3,7.0,1,2,86.8,Good,Medium,5,0,2,1,0.0,0.0006272214091574326,2.48
LOC0209,Thane Plaza Mall,5,22,9,19.142792,72.87929,0,19,17.0,7,1,0,1,1,0,1,0,1,93.0,0,1,0,0,0,0,1,0,0,33.0,16961,69.0,203.5,14.0,6,4.0,3.5,23.0,1,1,79.4,Good,Medium,4,1,1,1,0.0,0.00035373187124159886,2.335294117647059
LOC0210,Surat Medical Center,4,21,5,21.123554,72.974081,0,41,16.0,3,1,1,0,0,1,1,0,0,91.8,1,0,0,1,1,1,1,1,0,17.0,581,11.0,114.8,7.0,1,3.5,3.8,4.0,2,2,93.9,Excellent,Low,3,1,1,2,0.0,0.001718213058419244,5.216666666666667
LOC0211,Kochi Medical Center,4,12,7,9.970969,76.322914,0,36,13.0,5,1,1,1,1,1,1,0,0,100.7,0,0,1,1,0,1,0,0,1,18.0,1132,13.0,125.3,14.0,2,2.5,2.7,19.0,0,1,76.2,Good,Medium,4,2,2,0,18.0,0.00176522506619594,4.010526315789474
LOC0212,Nagpur Railway Station,7,17,9,21.072228,79.044228,1,33,5.0,3,0,0,0,0,0,0,0,1,77.8,2,2,2,1,1,1,1,1,0,26.0,5241,23.0,64.0,14.0,5,3.1,3.4,4.0,1,0,25.1,Poor,High,1,0,5,2,0.0,0.0009538344143456696,0.9296296296296297
LOC0213,Pune Domestic Airport,0,20,9,18.515351,73.744387,0,15,4.0,5,1,1,1,1,1,1,0,1,106.5,2,1,1,0,0,0,1,0,1,31.0,18894,80.0,208.8,4.0,3,3.7,4.1,19.0,0,2,83.4,Good,Medium,5,2,2,1,31.0,0.00015877216194760518,2.60625
LOC0214,Kolkata Grand Mall,5,13,14,22.580622,88.505725,0,10,10.0,5,1,1,1,1,0,0,0,1,105.0,1,1,2,1,0,0,0,1,0,23.0,13557,60.0,166.4,14.0,5,3.3,3.2,5.0,0,0,84.2,Good,Medium,4,1,4,1,0.0,0.0003687859566307715,3.5083333333333333
LOC0215,Bengaluru District Office,3,1,6,12.844877,77.672455,1,73,13.0,2,0,1,0,0,1,0,0,0,72.2,0,2,0,0,0,0,0,1,1,8.0,2405,13.0,36.1,19.0,3,3.0,3.1,11.0,2,0,35.0,Poor,Medium,1,1,2,1,8.0,0.0012468827930174563,3.888888888888889
LOC0216,Chennai College of Engineering,2,4,11,12.947837,80.302371,1,64,19.0,3,0,0,0,1,0,0,0,0,72.0,0,1,2,1,0,0,1,1,0,15.0,2881,12.0,34.4,23.0,10,2.9,2.6,23.0,1,0,30.0,Poor,High,0,1,4,2,0.0,0.0034698126301179735,1.875
LOC0217,Coimbatore Central Park,6,5,11,11.087583,76.918637,0,5,5.0,1,1,1,1,0,0,0,0,1,94.9,2,1,2,0,0,1,0,1,1,24.0,2154,3.0,24.1,13.0,2,3.5,3.2,15.0,2,2,73.2,Average,Medium,4,0,3,1,24.0,0.0009280742459396752,2.928
LOC0218,Patna Grand Mall,5,19,2,25.641348,85.035079,0,21,10.0,6,1,1,1,1,0,1,1,0,101.1,1,1,0,1,0,0,0,0,2,25.0,14470,59.0,186.8,8.0,1,3.1,2.9,14.0,2,2,100.0,Excellent,Low,4,2,2,0,50.0,6.910372469076083e-05,3.8461538461538463
LOC0219,Lucknow City Centre Mall,5,14,13,26.73458,80.864853,0,3,3.0,7,0,1,0,1,1,1,1,0,84.9,1,1,0,1,1,1,1,1,2,38.0,6612,18.0,151.6,9.0,0,2.8,3.0,10.0,1,1,100.0,Excellent,Low,2,3,2,2,76.0,0.0,2.5641025641025643
LOC0220,Lucknow College of Engineering,2,14,13,26.992018,80.947609,1,66,13.0,3,0,0,0,0,0,1,0,0,68.0,1,0,2,0,0,0,1,1,1,10.0,818,2.0,38.8,9.0,3,2.7,2.9,7.0,1,1,50.4,Poor,Medium,1,0,2,2,10.0,0.003663003663003663,4.581818181818182
LOC0221,Udaipur Airport Terminal,0,24,10,24.538622,73.605577,1,28,11.0,5,0,1,1,1,1,1,0,1,97.0,2,1,0,0,1,0,1,0,1,13.0,13282,58.0,173.2,15.0,1,3.9,3.6,1.0,0,1,89.5,Good,Low,4,2,1,1,13.0,7.528419784687193e-05,6.392857142857143
LOC0222,Thiruvananthapuram District Office,3,23,7,8.421999,76.976756,1,62,26.0,1,0,0,0,0,0,0,0,0,77.6,1,0,0,1,0,0,1,0,1,19.0,2805,18.0,45.2,15.0,6,2.5,2.5,8.0,1,0,45.2,Poor,Medium,0,0,1,1,19.0,0.0021382751247327157,2.2600000000000002
LOC0223,Pune Junction,7,20,9,18.370426,73.897608,1,85,20.0,2,0,0,0,0,0,1,0,1,78.1,2,1,2,1,1,0,1,1,2,13.0,3471,11.0,61.7,7.0,2,1.8,1.8,12.0,1,0,37.3,Poor,High,2,0,4,2,26.0,0.000576036866359447,2.664285714285714
LOC0224,Hyderabad Lake View Point,8,8,12,17.277059,78.528573,1,186,38.0,1,1,0,0,0,0,0,0,0,73.4,0,0,1,1,0,0,0,0,1,5.0,822,2.0,13.8,19.0,8,2.2,1.8,2.0,1,0,23.1,Poor,High,1,0,2,0,5.0,0.009720534629404616,3.85
LOC0225,Hyderabad Central Station,7,8,12,17.387709,78.409907,1,34,14.0,3,1,0,1,0,0,1,0,1,88.0,2,1,1,1,1,0,1,0,0,36.0,5706,23.0,51.6,7.0,3,2.5,2.1,17.0,1,2,53.9,Poor,High,4,0,3,1,0.0,0.0005256702295426669,1.4567567567567568
LOC0226,Coimbatore City Park,6,5,11,11.131091,76.833432,1,26,17.0,1,1,1,1,0,0,0,1,0,94.6,2,2,2,1,1,0,1,1,2,2.0,2062,6.0,20.0,20.0,2,2.5,2.3,6.0,2,2,60.7,Average,Medium,3,1,5,2,4.0,0.0009694619486185168,20.233333333333334
LOC0227,Ahmedabad District Office,3,0,5,23.042595,72.466374,1,65,23.0,1,1,0,0,1,1,0,0,0,78.6,2,0,2,0,0,0,1,1,1,39.0,1552,10.0,20.7,9.0,2,1.3,1.1,8.0,1,1,48.9,Poor,High,1,2,2,2,39.0,0.00128783000643915,1.2225
LOC0228,Mumbai Plaza Mall,5,15,9,19.145205,72.892011,0,9,9.0,2,1,0,1,1,1,1,0,1,87.5,0,0,0,1,0,1,1,1,0,9.0,10798,45.0,173.2,12.0,3,2.9,2.9,2.0,1,1,83.9,Good,Low,4,2,1,2,0.0,0.0002778035003241041,8.39
LOC0229,Kanpur Museum,8,11,13,26.571317,80.203521,1,85,22.0,1,1,0,1,0,0,1,0,0,95.0,2,2,2,1,0,0,1,0,2,15.0,2072,10.0,10.5,23.0,5,2.5,2.4,23.0,1,0,31.4,Poor,High,3,0,5,1,30.0,0.00241196333815726,1.9625
LOC0230,Coimbatore Temple Complex,8,5,11,11.132046,77.035713,1,144,40.0,1,1,0,1,0,0,0,0,0,101.6,2,1,1,0,1,0,1,0,2,19.0,2293,13.0,25.8,17.0,7,1.2,1.0,13.0,1,1,34.0,Poor,High,2,0,2,1,38.0,0.003051438535309503,1.7
LOC0231,Bhopal Airport Terminal,0,2,8,23.287229,77.549988,1,16,9.0,4,1,1,0,0,0,1,0,1,87.2,0,1,2,1,0,1,1,1,1,10.0,19837,76.0,155.0,5.0,0,3.3,3.7,4.0,1,2,90.6,Excellent,Low,4,0,4,2,10.0,0.0,8.236363636363636
LOC0232,Mysuru Plaza Mall,5,16,6,12.360697,76.770409,0,8,8.0,3,1,1,1,1,1,1,0,1,100.5,0,1,2,1,0,0,1,0,0,37.0,16934,72.0,208.4,3.0,1,3.7,3.7,10.0,0,2,100.0,Excellent,Medium,5,2,4,1,0.0,5.9049306170652494e-05,2.6315789473684212
LOC0233,Delhi Green Park,6,6,4,28.603934,77.248579,1,5,5.0,1,0,0,0,0,0,1,1,1,75.3,0,0,2,0,0,0,1,0,1,20.0,796,5.0,29.2,16.0,3,3.0,3.1,20.0,1,2,58.2,Average,Medium,2,1,2,1,20.0,0.0037641154328732747,2.7714285714285714
LOC0234,Bhopal Temple Complex,8,2,8,23.14607,77.311641,1,174,38.0,1,0,1,0,0,0,0,0,0,74.2,2,2,2,0,1,0,1,1,1,3.0,2089,6.0,18.7,7.0,9,1.3,1.0,18.0,2,1,17.0,Poor,High,1,0,4,2,3.0,0.00430622009569378,4.25
LOC0235,Guwahati Junction,7,7,1,26.243201,91.800532,1,14,3.0,3,1,1,1,0,0,0,0,0,94.8,0,0,1,1,0,0,1,1,0,37.0,19788,83.0,112.2,1.0,1,3.3,3.6,1.0,0,2,70.5,Average,Medium,3,0,2,2,0.0,5.0533124463085555e-05,1.855263157894737
LOC0236,Thiruvananthapuram Bus Depot,1,23,7,8.400872,76.947927,1,27,11.0,1,0,1,0,0,0,0,0,0,71.7,1,0,0,0,1,0,1,0,0,12.0,442,2.0,11.6,8.0,6,1.7,1.7,11.0,2,0,44.5,Poor,High,1,0,0,1,0.0,0.013544018058690745,3.423076923076923
LOC0237,Guwahati Botanical Garden,8,7,1,26.052465,91.86866,1,48,10.0,1,0,0,1,0,0,1,0,1,89.5,2,2,2,1,1,0,0,0,0,17.0,2918,9.0,41.8,20.0,9,2.5,2.6,3.0,1,2,33.5,Poor,High,3,0,5,0,0.0,0.003083247687564234,1.8611111111111112
LOC0238,Nashik Junction,7,18,9,20.126228,73.661871,1,20,3.0,1,1,0,1,0,1,0,1,0,93.8,2,2,2,1,0,0,1,1,2,38.0,11146,48.0,39.1,17.0,5,1.9,2.0,19.0,1,0,41.5,Poor,High,2,2,5,2,76.0,0.0004485511796896026,1.064102564102564
LOC0239,Thiruvananthapuram Municipal Office,3,23,7,8.40595,77.001027,1,55,18.0,2,1,1,1,0,0,0,0,0,93.4,2,2,0,1,1,0,1,1,2,34.0,2643,8.0,46.6,17.0,5,2.4,2.5,9.0,2,2,57.4,Average,Medium,3,0,3,2,68.0,0.0018910741301059002,1.64
LOC0240,Patna Green Park,6,19,2,25.621947,85.250855,1,31,11.0,1,0,0,0,0,0,0,0,0,76.1,2,2,2,1,0,0,1,1,1,14.0,1650,13.0,17.2,18.0,6,2.6,2.7,23.0,1,0,17.1,Poor,High,0,0,5,2,14.0,0.0036341611144760752,1.1400000000000001
LOC0241,Guwahati District Office,3,7,1,26.057513,91.768019,1,30,5.0,1,1,1,1,0,0,1,1,0,93.6,2,0,1,0,1,0,0,1,1,25.0,1474,6.0,20.5,18.0,5,3.0,2.8,1.0,1,2,70.9,Average,High,4,1,1,1,25.0,0.003389830508474576,2.726923076923077
LOC0242,Mysuru Degree College,2,16,6,12.242723,76.66177,0,44,9.0,2,0,1,0,0,0,0,1,1,74.3,1,2,0,0,0,0,0,0,1,17.0,552,2.0,52.1,14.0,2,3.0,2.9,15.0,2,2,58.1,Average,Medium,2,1,2,0,17.0,0.003616636528028933,3.227777777777778
LOC0243,Udaipur City Park,6,24,10,24.499327,73.794492,1,4,4.0,1,1,0,1,1,0,0,0,0,94.7,0,0,0,0,1,0,0,0,1,12.0,2806,10.0,26.4,23.0,5,2.3,2.4,8.0,1,1,71.9,Average,Medium,2,1,0,0,12.0,0.0017812611328820805,5.5307692307692315
LOC0244,Mysuru Central Station,7,16,6,12.376203,76.732476,1,15,15.0,2,0,0,1,1,0,0,0,0,89.2,2,1,2,0,0,0,1,1,0,35.0,13283,53.0,92.8,16.0,7,2.8,2.8,19.0,1,0,36.2,Poor,High,1,1,3,2,0.0,0.0005269497139415839,1.0055555555555555
LOC0245,Lucknow City Hospital,4,14,13,26.977994,80.836734,1,23,13.0,5,0,1,0,1,1,0,0,0,80.0,2,1,2,1,1,1,1,1,0,27.0,3669,22.0,96.9,21.0,4,2.9,3.0,22.0,0,2,61.5,Average,High,1,2,4,2,0.0,0.0010899182561307902,2.1964285714285716
LOC0246,Pune Degree College,2,20,9,18.582755,73.81738,0,56,20.0,3,1,0,1,1,0,0,0,1,92.1,1,0,0,1,0,0,1,1,2,15.0,1683,10.0,71.3,21.0,4,1.6,1.7,4.0,1,1,77.8,Good,Low,3,1,1,2,30.0,0.0023752969121140144,4.8625
LOC0247,Guwahati Medical Center,4,7,1,26.270366,91.721363,0,14,14.0,6,1,1,1,1,0,0,0,1,102.1,1,0,2,1,0,0,1,1,0,34.0,3391,19.0,109.5,5.0,3,3.1,3.2,7.0,1,2,95.8,Excellent,Medium,4,1,3,2,0.0,0.000884433962264151,2.737142857142857
LOC0248,Chandigarh Government College,2,3,3,30.655152,76.882513,1,31,11.0,3,1,1,1,1,0,0,0,0,101.9,2,1,2,0,0,1,1,1,2,11.0,4622,15.0,51.1,12.0,2,2.5,2.7,3.0,2,0,63.4,Average,Medium,3,1,3,2,22.0,0.00043261951113995244,5.283333333333333
LOC0249,Visakhapatnam Institute of Technology,2,25,0,17.62363,83.306408,0,31,19.0,2,0,0,1,1,1,1,0,0,71.4,0,0,2,0,1,0,1,0,1,22.0,1285,7.0,42.8,19.0,4,3.4,3.8,8.0,1,1,62.7,Average,Medium,2,2,2,1,22.0,0.003110419906687403,2.726086956521739
LOC0250,Coimbatore Bus Stand,1,5,11,11.085855,77.011467,1,14,2.0,1,0,0,0,0,0,0,0,0,76.3,2,1,1,0,0,0,1,0,1,22.0,1579,2.0,14.4,11.0,4,3.4,3.6,18.0,1,2,34.9,Poor,High,0,0,2,1,22.0,0.002531645569620253,1.517391304347826
LOC0251,Thiruvananthapuram Central Park,6,23,7,8.382006,77.017164,1,7,7.0,1,0,0,1,1,0,1,1,1,86.8,2,2,1,1,0,0,0,1,1,14.0,1061,3.0,9.8,13.0,2,2.7,2.3,11.0,1,2,49.8,Poor,High,3,2,4,1,14.0,0.0018832391713747645,3.32
LOC0252,Mysuru City Park,6,16,6,12.213277,76.704847,1,47,14.0,1,0,1,1,0,1,0,0,0,78.0,0,2,2,1,0,0,1,1,0,15.0,2786,10.0,28.9,21.0,4,2.8,2.9,0.0,2,1,43.8,Poor,High,2,1,5,2,0.0,0.0014352350197344816,2.7375
LOC0253,Coimbatore City Park,6,5,11,10.997004,76.875834,1,4,2.0,1,0,0,1,1,0,0,0,1,86.1,2,1,0,0,1,0,0,1,0,15.0,2294,9.0,22.7,21.0,4,2.7,2.9,20.0,1,1,54.9,Poor,High,2,1,1,1,0.0,0.0017429193899782135,3.43125
LOC0254,Nagpur Multispeciality Hospital,4,17,9,20.999662,79.005868,1,32,21.0,3,1,1,1,0,1,0,0,1,93.4,1,2,2,1,0,0,1,1,1,28.0,1514,5.0,48.9,9.0,1,3.5,3.6,10.0,1,2,90.0,Excellent,Medium,4,1,5,2,28.0,0.0006600660066006601,3.103448275862069
LOC0255,Hyderabad Institute of Technology,2,8,12,17.509442,78.52781,1,67,14.0,2,0,0,0,0,0,0,0,0,84.1,1,0,1,0,0,0,1,0,0,37.0,2319,13.0,49.7,21.0,7,2.5,2.9,22.0,1,0,19.9,Poor,High,0,0,1,1,0.0,0.003017241379310345,0.5236842105263158
LOC0256,Mumbai City Park,6,15,9,18.95816,72.958514,1,18,18.0,1,0,1,0,1,0,0,0,1,78.2,0,0,1,1,1,0,1,1,1,18.0,701,2.0,23.3,20.0,2,2.9,2.6,9.0,0,1,60.1,Average,Medium,2,1,2,2,18.0,0.002849002849002849,3.1631578947368424
LOC0257,Jaipur Domestic Airport,0,10,10,26.996157,75.723863,1,28,10.0,3,1,0,1,0,0,1,1,1,90.6,2,2,0,1,1,1,0,1,0,9.0,19234,83.0,173.7,12.0,4,3.4,3.3,12.0,1,2,67.9,Average,High,4,1,3,1,0.0,0.0002079542500649857,6.790000000000001
LOC0258,Chandigarh Railway Station,7,3,3,30.865167,76.669846,1,55,18.0,3,0,0,0,1,0,0,0,0,74.2,0,0,1,0,0,0,1,0,2,42.0,18581,75.0,135.9,6.0,3,2.6,2.7,18.0,1,1,32.3,Poor,High,0,1,1,1,84.0,0.00016144656118824668,0.7511627906976743
LOC0259,Coimbatore Botanical Garden,8,5,11,10.910097,76.85392,1,100,20.0,1,0,0,0,0,0,1,0,0,82.5,1,0,0,1,0,0,0,0,1,4.0,774,3.0,18.5,21.0,8,1.8,2.0,2.0,1,2,52.6,Poor,High,1,0,1,0,4.0,0.01032258064516129,10.52
LOC0260,Guwahati Heritage Fort,8,7,1,26.25214,91.779705,1,85,22.0,1,0,0,0,1,1,1,1,0,71.9,0,0,1,1,0,0,1,0,0,10.0,2285,12.0,21.6,24.0,8,1.8,1.8,16.0,1,1,32.9,Poor,High,1,3,2,1,0.0,0.003499562554680665,2.9909090909090907
LOC0261,Chennai International Airport,0,4,11,13.167816,80.234727,1,22,22.0,5,1,1,1,1,0,1,0,0,88.1,2,0,0,1,1,1,1,1,1,6.0,5069,16.0,163.1,16.0,0,3.4,3.7,16.0,1,2,92.9,Excellent,Low,4,1,1,2,6.0,0.0,13.271428571428572
LOC0262,Pune Government College,2,20,9,18.557511,73.967482,1,38,9.0,1,1,0,1,1,0,0,0,0,93.4,1,1,2,1,1,0,1,0,1,33.0,3541,9.0,57.0,20.0,4,1.3,1.0,17.0,1,1,75.2,Good,Medium,2,1,4,1,33.0,0.001129305477131564,2.211764705882353
LOC0263,Nashik City Bus Stop,1,18,9,20.101551,73.847219,1,40,6.0,1,1,1,1,0,0,0,0,1,92.6,0,2,1,0,0,0,1,0,0,5.0,1014,2.0,14.5,11.0,6,2.6,2.6,21.0,0,2,49.1,Poor,High,4,0,3,1,0.0,0.005911330049261084,8.183333333333334
LOC0264,Surat Bus Stand,1,21,5,21.282482,72.696544,1,30,10.0,1,0,1,0,0,0,0,0,0,71.6,2,1,1,1,0,0,1,0,0,22.0,2327,10.0,17.0,10.0,10,2.5,2.8,1.0,0,1,27.6,Poor,High,1,0,3,1,0.0,0.00429553264604811,1.2
LOC0265,Thane Domestic Airport,0,22,9,19.10933,72.978485,1,5,5.0,2,1,1,1,0,0,1,1,0,97.0,2,0,2,1,1,0,1,0,2,20.0,12223,50.0,213.9,12.0,3,3.5,3.6,15.0,1,1,79.1,Good,Medium,4,1,3,1,40.0,0.00024541884816753925,3.7666666666666666
LOC0266,Guwahati Bus Depot,1,7,1,26.200944,91.793587,1,33,22.0,1,1,0,1,0,0,0,1,0,99.3,2,0,1,0,0,0,1,0,0,2.0,1386,12.0,10.6,15.0,6,2.6,2.9,2.0,1,2,44.0,Poor,High,2,1,1,1,0.0,0.004325883201153569,14.666666666666666
LOC0267,Indore City Park,6,9,8,22.784133,75.894066,1,34,15.0,1,1,0,0,1,0,1,1,1,84.5,2,2,1,0,0,1,1,1,0,7.0,2236,10.0,19.9,24.0,11,3.0,3.0,4.0,1,0,30.4,Poor,High,3,2,3,2,0.0,0.0049172999552972736,3.8
LOC0268,Lucknow Degree College,2,14,13,26.938089,81.0696,1,33,5.0,3,1,1,0,0,1,0,1,0,86.5,1,0,1,1,1,0,0,0,2,11.0,4475,16.0,45.3,21.0,5,3.4,3.5,19.0,2,1,62.2,Average,Medium,2,2,2,0,22.0,0.0011170688114387846,5.183333333333334
LOC0269,Kolkata Multispeciality Hospital,4,13,14,22.515099,88.383494,0,46,11.0,4,1,1,1,0,0,1,0,1,100.5,1,2,2,1,0,0,0,0,2,9.0,4138,22.0,101.4,16.0,4,3.9,4.1,3.0,0,2,80.5,Good,Medium,5,0,5,0,18.0,0.0009664170089393573,8.05
LOC0270,Nagpur International Airport,0,17,9,21.017298,79.034176,1,4,2.0,5,0,1,1,0,0,0,1,1,88.9,1,0,2,1,1,0,1,1,2,20.0,14605,65.0,172.4,2.0,1,3.6,3.5,20.0,1,2,88.3,Good,Low,3,1,3,2,40.0,6.846501437765302e-05,4.204761904761905
LOC0271,Hyderabad Multispeciality Hospital,4,8,12,17.413028,78.558453,0,24,18.0,4,1,1,0,0,0,1,0,1,83.6,1,0,2,1,0,0,0,0,2,18.0,4222,18.0,132.7,4.0,1,4.5,4.8,17.0,1,2,88.4,Good,Low,4,0,3,0,36.0,0.00023679848448969926,4.652631578947369
LOC0272,Hyderabad City Park,6,8,12,17.238655,78.484248,1,24,18.0,1,0,0,0,0,0,0,0,0,76.8,2,2,2,0,0,0,0,0,2,3.0,1169,10.0,17.3,15.0,3,3.6,3.4,5.0,1,0,19.2,Poor,High,0,0,4,0,6.0,0.002564102564102564,4.8
LOC0273,Thiruvananthapuram Domestic Airport,0,23,7,8.441608,77.055763,0,23,5.0,6,1,1,1,0,1,1,1,1,101.4,0,0,0,1,0,0,0,0,1,9.0,13449,59.0,167.9,9.0,2,4.0,3.9,1.0,2,2,97.8,Excellent,Low,5,2,1,0,9.0,0.00014869888475836432,9.78
LOC0274,Coimbatore Heritage Fort,8,5,11,11.091294,76.993519,1,17,14.0,1,1,0,1,1,0,1,0,0,92.6,0,0,1,1,1,1,1,1,2,3.0,223,3.0,15.4,13.0,4,3.1,3.1,19.0,1,0,63.3,Average,Medium,3,1,2,2,6.0,0.017857142857142856,15.825
LOC0275,Hyderabad Heritage Fort,8,8,12,17.500234,78.517391,1,200,45.0,1,0,0,0,1,0,1,0,0,61.5,0,0,1,1,0,0,1,1,0,14.0,387,8.0,23.6,23.0,6,2.4,2.0,19.0,1,1,29.1,Poor,High,1,1,2,2,0.0,0.015463917525773196,1.9400000000000002
LOC0276,Visakhapatnam Green Park,6,25,0,17.689469,83.207442,0,33,5.0,1,0,0,0,1,0,0,1,0,83.0,0,2,0,1,0,0,0,1,0,4.0,2124,9.0,22.6,16.0,5,2.2,2.2,23.0,1,1,41.3,Poor,High,0,2,3,1,0.0,0.002352941176470588,8.26
LOC0277,Indore City Bus Stop,1,9,8,22.637237,75.915727,0,24,11.0,1,0,0,0,0,0,1,0,0,78.5,2,0,1,0,0,0,1,0,0,4.0,651,2.0,10.3,17.0,4,2.8,3.0,18.0,1,0,17.3,Poor,High,1,0,1,1,0.0,0.006134969325153374,3.46
LOC0278,Chandigarh Green Park,6,3,3,30.859175,76.726881,1,9,2.0,1,1,1,0,0,1,0,0,0,82.6,2,0,1,1,0,1,1,0,1,6.0,2232,6.0,22.8,17.0,4,3.6,3.7,18.0,2,0,42.5,Poor,High,2,1,2,1,6.0,0.0017913121361397223,6.071428571428571
LOC0279,Kolkata Central Park,6,13,14,22.484935,88.30325,1,35,12.0,1,0,0,1,0,0,1,0,0,91.5,0,0,1,1,1,1,1,0,2,23.0,2869,7.0,28.2,22.0,6,2.9,2.8,1.0,1,0,43.3,Poor,High,2,0,2,1,46.0,0.0020905923344947735,1.8041666666666665
LOC0280,Indore Multispeciality Hospital,4,9,8,22.866622,75.942901,0,59,13.0,2,1,1,0,1,1,1,0,0,84.2,0,1,1,1,1,1,1,1,0,11.0,3820,19.0,121.5,9.0,6,3.0,3.1,13.0,1,2,77.1,Good,Medium,3,2,3,2,0.0,0.0015702695629416384,6.425
LOC0281,Pune Institute of Technology,2,20,9,18.590565,73.845463,1,30,11.0,3,1,1,0,1,1,1,1,0,81.2,0,0,2,1,1,0,0,1,0,39.0,4412,16.0,32.4,24.0,7,1.6,1.0,2.0,0,0,66.1,Average,Medium,3,3,3,1,0.0,0.0015862225243598459,1.6524999999999999
LOC0282,Bengaluru Junction,7,1,6,13.114255,77.631029,1,51,20.0,3,1,0,1,1,0,0,0,0,94.5,0,1,0,0,0,0,1,0,1,17.0,10546,46.0,108.4,13.0,5,2.1,1.7,12.0,1,1,70.5,Average,Medium,2,1,1,1,17.0,0.000474068455484972,3.9166666666666665
LOC0283,Chandigarh Multispeciality Hospital,4,3,3,30.717344,76.653102,0,44,20.0,4,1,1,1,0,1,1,1,0,94.2,1,1,0,1,1,0,1,1,2,22.0,4380,18.0,130.5,10.0,1,3.5,3.5,14.0,0,2,100.0,Excellent,Low,4,2,2,2,44.0,0.00022825838849577722,4.3478260869565215
LOC0284,Jaipur Government College,2,10,10,26.834116,75.884545,0,24,13.0,3,0,1,1,0,0,1,0,1,80.9,2,0,0,0,0,1,0,0,1,28.0,2766,10.0,60.0,13.0,3,3.6,3.3,4.0,1,2,72.2,Average,Medium,4,0,0,0,28.0,0.0010842067220816769,2.4896551724137934
LOC0285,Mysuru Collectorate Office,3,16,6,12.374317,76.749711,1,54,27.0,2,0,0,0,0,0,1,0,0,62.4,1,0,0,0,0,1,1,0,2,30.0,4573,22.0,43.1,21.0,5,2.2,2.1,17.0,1,0,43.0,Poor,Medium,1,0,0,1,60.0,0.0010931351114997813,1.3870967741935485
LOC0286,Kanpur Government College,2,11,13,26.472807,80.333914,0,39,9.0,1,0,1,1,0,1,0,1,1,91.6,1,2,2,1,0,1,0,1,0,5.0,3548,10.0,74.0,12.0,3,3.2,3.3,9.0,0,2,73.5,Average,Medium,3,2,5,1,0.0,0.0008453085376162299,12.25
LOC0287,Pune Municipal Office,3,20,9,18.567929,73.828008,1,72,27.0,2,1,1,0,0,0,0,0,0,75.4,0,0,2,1,0,0,1,1,1,7.0,4983,22.0,51.6,6.0,3,2.7,2.8,13.0,0,2,63.4,Average,Medium,2,0,3,2,7.0,0.0006019261637239165,7.925
LOC0288,Nashik Tehsil Office,3,18,9,19.889672,73.792755,1,57,21.0,2,0,0,0,1,1,0,1,0,85.6,0,2,2,0,1,0,0,1,1,39.0,2896,15.0,43.4,17.0,7,2.6,2.2,11.0,1,0,38.4,Poor,High,0,3,4,1,39.0,0.002416292716603383,0.96
LOC0289,Bhopal Railway Station,7,2,8,23.244437,77.41669,1,36,18.0,3,0,0,1,0,1,1,0,0,84.5,0,1,2,0,1,0,1,1,0,44.0,10659,42.0,95.1,16.0,9,2.8,2.9,5.0,1,2,57.8,Average,High,2,1,3,2,0.0,0.0008442776735459662,1.2844444444444443
LOC0290,Indore Government College,2,9,8,22.79793,75.908769,1,11,4.0,2,0,0,1,0,0,0,1,1,93.4,0,0,2,1,0,0,1,0,1,29.0,1958,6.0,45.3,12.0,5,2.2,2.4,9.0,1,1,58.0,Average,Medium,2,1,3,1,29.0,0.002552322613578356,1.9333333333333333
LOC0291,Kolkata Temple Complex,8,13,14,22.649872,88.455228,1,44,23.0,1,0,1,0,0,0,1,0,1,79.2,0,0,2,0,0,1,1,1,2,24.0,2309,12.0,26.5,14.0,3,2.2,2.0,11.0,1,0,53.0,Poor,Medium,3,0,2,2,48.0,0.0012987012987012987,2.12
LOC0292,Bhopal Airport Terminal,0,2,8,23.359748,77.43093,1,19,4.0,5,1,1,1,0,1,0,0,0,94.7,0,0,2,1,1,1,0,1,2,11.0,15300,61.0,194.2,13.0,2,3.6,3.5,15.0,0,2,84.3,Good,Low,3,1,3,1,22.0,0.00013071041108424287,7.0249999999999995
LOC0293,Mumbai Collectorate Office,3,15,9,19.071181,72.782985,1,69,15.0,3,1,1,0,0,1,1,0,1,74.1,0,0,1,1,1,0,0,0,2,6.0,4425,18.0,32.1,20.0,6,2.9,2.8,16.0,1,1,57.3,Average,Medium,4,1,2,0,12.0,0.0013556258472661546,8.185714285714285
LOC0294,Chennai Junction,7,4,11,13.100695,80.305473,1,24,8.0,3,0,0,0,1,0,0,0,0,68.2,0,1,1,0,0,0,1,0,0,7.0,3570,10.0,79.2,8.0,9,2.4,2.4,17.0,1,1,30.6,Poor,High,0,1,2,1,0.0,0.002520302436292355,3.825
LOC0295,Nagpur City Centre Mall,5,17,9,21.256203,79.061595,0,21,7.0,5,1,1,1,1,1,1,0,1,97.9,2,2,2,1,1,0,1,1,2,20.0,15419,60.0,185.6,14.0,0,4.5,4.4,9.0,0,1,84.2,Good,Medium,5,2,5,2,40.0,0.0,4.0095238095238095
LOC0296,Nashik City Bus Stop,1,18,9,20.023413,73.750629,1,3,3.0,1,1,0,0,0,0,0,0,0,86.9,2,1,2,0,1,0,1,0,0,23.0,969,2.0,11.4,23.0,8,3.2,3.0,17.0,1,0,35.4,Poor,High,1,0,3,1,0.0,0.008247422680412371,1.4749999999999999
LOC0297,Coimbatore Grand Mall,5,5,11,11.11497,76.984761,0,11,4.0,2,1,1,1,0,0,1,1,1,88.2,2,1,2,1,1,0,1,1,1,43.0,3241,11.0,129.1,7.0,1,4.0,3.7,9.0,1,2,93.8,Excellent,Medium,5,1,4,2,43.0,0.00030845157310302283,2.131818181818182
LOC0298,Bhopal City Centre Mall,5,2,8,23.282656,77.317357,0,22,12.0,7,0,1,1,1,1,1,0,0,90.8,0,1,2,1,1,1,1,0,0,22.0,8591,34.0,147.4,5.0,3,2.8,2.5,2.0,2,2,84.0,Good,Medium,3,2,4,1,0.0,0.00034916201117318437,3.652173913043478
LOC0299,Jaipur Temple Complex,8,10,10,26.865719,75.693418,1,112,28.0,1,0,1,1,0,1,0,0,0,84.7,2,1,1,0,1,0,1,1,2,24.0,677,2.0,17.6,22.0,7,2.9,3.5,7.0,0,0,34.8,Poor,High,2,1,2,2,48.0,0.01032448377581121,1.392
LOC0300,Jaipur Collectorate Office,3,10,10,26.831118,75.858509,1,28,4.0,1,1,1,0,0,0,0,1,0,82.1,0,0,0,0,0,0,0,1,1,32.0,3644,8.0,46.6,19.0,3,2.8,2.7,23.0,0,0,60.7,Average,Low,2,1,0,1,32.0,0.0008230452674897119,1.8393939393939396
LOC0301,Jaipur Shopping Mall,5,10,10,26.89195,75.850743,0,15,12.0,5,1,1,0,1,0,1,1,1,76.7,1,0,1,1,0,1,0,1,2,13.0,13315,52.0,135.6,9.0,3,3.6,3.6,13.0,2,2,83.8,Good,Medium,4,2,2,1,26.0,0.00022529288074496845,5.985714285714286
LOC0302,Kolkata Heritage Fort,8,13,14,22.429381,88.246237,1,136,30.0,1,0,0,0,0,0,0,1,0,72.1,1,0,2,0,0,0,1,1,1,3.0,488,2.0,22.1,19.0,8,1.6,1.7,19.0,1,0,30.7,Poor,High,0,1,2,2,3.0,0.016359918200409,7.675
LOC0303,Bhopal Domestic Airport,0,2,8,23.15908,77.363979,0,2,2.0,6,1,1,1,1,1,1,0,1,95.1,0,2,2,1,1,0,1,1,1,14.0,15847,75.0,191.1,5.0,0,4.0,4.3,6.0,0,2,100.0,Excellent,Medium,5,2,5,2,14.0,0.0,6.666666666666667
LOC0304,Hyderabad City Hospital,4,8,12,17.29189,78.342124,1,47,15.0,6,0,1,1,0,1,1,0,1,86.2,2,2,0,0,0,0,1,1,1,34.0,1373,12.0,57.9,13.0,4,2.3,2.2,8.0,1,0,52.3,Poor,High,4,1,2,2,34.0,0.002911208151382824,1.4942857142857142
LOC0305,Thiruvananthapuram International Airport,0,23,7,8.504503,77.018939,1,24,21.0,7,0,1,0,1,1,1,0,1,76.9,0,0,2,1,0,1,1,1,1,27.0,19547,85.0,241.7,1.0,1,3.4,3.8,21.0,1,2,85.4,Good,Low,3,2,3,2,27.0,5.11561285041948e-05,3.0500000000000003
LOC0306,Mysuru Central Station,7,16,6,12.433041,76.539488,1,59,26.0,1,1,0,0,0,0,0,0,0,85.2,0,0,0,1,1,0,1,1,2,23.0,10104,37.0,97.1,14.0,6,3.1,3.2,2.0,1,1,57.8,Average,Medium,1,0,1,2,46.0,0.0005937654626422563,2.408333333333333
LOC0307,Patna City Hospital,4,19,2,25.587709,85.22529,0,47,17.0,4,1,0,0,0,0,1,0,1,75.8,1,1,1,0,0,0,0,0,2,25.0,2859,20.0,110.2,13.0,4,4.7,5.0,0.0,1,0,57.7,Average,Medium,3,0,2,0,50.0,0.0013986013986013986,2.2192307692307693
LOC0308,Thiruvananthapuram Junction,7,23,7,8.480729,76.977853,1,84,15.0,1,0,1,1,0,0,0,0,0,83.6,0,0,1,0,0,0,1,1,0,9.0,15179,52.0,76.9,9.0,5,2.4,2.4,7.0,0,2,41.2,Poor,High,2,0,1,2,0.0,0.00032938076416337287,4.12
LOC0309,Thane Plaza Mall,5,22,9,19.144301,73.003198,0,24,21.0,5,1,1,1,1,1,1,0,0,96.8,2,2,2,1,0,0,0,1,0,17.0,15785,70.0,139.0,4.0,5,2.7,2.7,0.0,1,2,73.8,Average,High,4,2,5,1,0.0,0.0003167363486633726,4.1
LOC0310,Surat Plaza Mall,5,21,5,21.247709,72.794909,0,18,18.0,7,1,1,1,0,0,0,1,1,90.3,0,1,2,1,1,0,0,0,2,9.0,8143,35.0,134.6,13.0,1,4.1,3.9,20.0,2,1,81.9,Good,Low,4,1,4,0,18.0,0.00012278978388998034,8.190000000000001
LOC0311,Udaipur Multispeciality Hospital,4,24,10,24.711418,73.63112,0,24,12.0,5,0,0,1,1,0,0,0,1,88.6,1,1,0,0,0,0,1,0,0,34.0,2767,15.0,56.5,14.0,2,3.0,3.2,15.0,1,2,74.4,Average,Medium,2,1,1,1,0.0,0.000722543352601156,2.125714285714286
LOC0312,Chennai Tehsil Office,3,4,11,13.050459,80.389769,1,60,21.0,1,0,1,0,1,0,0,0,0,77.3,0,0,2,1,0,1,0,1,1,38.0,1904,8.0,34.4,14.0,3,2.2,2.2,20.0,1,0,51.7,Poor,Medium,1,1,3,1,38.0,0.0015748031496062992,1.3256410256410258
LOC0313,Bengaluru Tehsil Office,3,1,6,13.015931,77.712435,1,47,18.0,3,0,0,0,1,1,0,0,1,77.8,0,1,1,1,0,0,1,1,2,22.0,3305,10.0,46.7,15.0,5,3.0,3.2,0.0,1,0,45.5,Poor,High,1,2,3,2,44.0,0.0015124016938898972,1.9782608695652173
LOC0314,Nashik International Airport,0,18,9,20.026105,73.722676,1,16,2.0,6,1,0,1,0,1,1,1,0,95.8,2,2,2,1,0,1,1,0,2,32.0,4977,26.0,111.2,2.0,1,4.3,4.0,0.0,1,2,72.4,Average,Medium,3,2,5,1,64.0,0.0002008838891120932,2.1939393939393943
LOC0315,Mumbai Grand Mall,5,15,9,18.986284,72.782446,0,4,4.0,6,1,1,1,1,0,1,1,1,102.6,2,0,2,1,0,1,0,0,2,28.0,15361,57.0,161.3,10.0,0,4.9,4.9,14.0,1,2,97.2,Excellent,Medium,5,2,3,0,56.0,0.0,3.3517241379310345
LOC0316,Guwahati Domestic Airport,0,7,1,26.121687,91.84048,1,18,10.0,3,1,1,1,0,1,0,0,0,96.0,2,0,0,1,0,0,1,0,1,19.0,19722,86.0,238.5,1.0,1,3.6,3.5,19.0,1,0,74.9,Average,Medium,3,1,1,1,19.0,5.070222582771384e-05,3.745
LOC0317,Delhi Heritage Fort,8,6,4,28.755726,77.110591,1,10,7.0,1,0,0,0,0,1,0,0,0,83.5,1,0,2,0,1,0,1,1,1,17.0,2295,13.0,30.1,22.0,6,1.5,1.0,21.0,1,0,44.4,Poor,High,0,1,2,2,17.0,0.002613240418118467,2.466666666666667
LOC0318,Chennai City Hospital,4,4,11,13.153924,80.375965,1,32,15.0,3,1,1,1,0,1,0,1,0,90.4,2,1,2,1,1,0,0,1,1,28.0,1226,5.0,98.5,15.0,3,1.9,2.5,4.0,1,2,82.1,Good,Medium,3,2,4,1,28.0,0.0024449877750611247,2.8310344827586205
LOC0319,Thane Grand Mall,5,22,9,19.076888,73.047988,0,19,17.0,2,1,1,1,0,1,1,1,1,92.9,1,2,1,1,1,1,1,1,1,44.0,14472,64.0,115.0,8.0,1,4.9,5.0,11.0,0,1,93.8,Excellent,Medium,5,2,4,2,44.0,6.909417536101706e-05,2.0844444444444443
LOC0320,Kochi Tehsil Office,3,12,7,10.02116,76.403928,1,52,27.0,1,0,0,0,0,0,0,1,0,82.4,2,1,0,0,0,0,1,0,2,28.0,2505,7.0,24.9,15.0,4,2.0,2.6,13.0,1,1,39.4,Poor,High,0,1,1,1,56.0,0.0015961691939345571,1.3586206896551725
LOC0321,Hyderabad Government College,2,8,12,17.402892,78.456197,1,29,5.0,2,1,0,1,0,0,0,0,0,92.2,0,0,2,0,0,0,1,1,0,11.0,597,3.0,47.1,16.0,8,2.8,2.7,1.0,1,0,46.8,Poor,High,2,0,2,2,0.0,0.013377926421404682,3.9
LOC0322,Lucknow Grand Mall,5,14,13,26.811224,80.802293,0,11,6.0,4,1,1,1,1,1,0,1,0,100.1,1,0,1,1,0,1,1,1,1,16.0,7214,25.0,132.4,12.0,3,3.1,3.1,22.0,1,2,96.3,Excellent,Medium,3,3,2,2,16.0,0.0004158004158004158,5.664705882352941
LOC0323,Hyderabad Airport Terminal,0,8,12,17.49208,78.435974,1,12,12.0,5,1,1,0,1,0,1,1,1,83.7,1,1,2,1,1,1,1,1,1,44.0,9297,41.0,189.5,7.0,2,3.0,3.1,23.0,0,2,100.0,Excellent,Low,4,2,4,2,44.0,0.00021510002151000216,2.2222222222222223
LOC0324,Hyderabad Airport Terminal,0,8,12,17.404718,78.372857,0,8,6.0,6,1,1,1,0,1,1,0,1,102.9,0,0,2,1,1,0,1,0,2,9.0,10364,49.0,230.1,1.0,0,3.6,3.3,21.0,1,2,97.3,Excellent,Low,5,1,3,1,18.0,0.0,9.73
LOC0325,Visakhapatnam Institute of Technology,2,25,0,17.70345,83.284047,0,28,13.0,2,1,1,0,1,0,1,0,1,88.5,1,1,1,1,1,1,0,1,2,17.0,1585,4.0,42.0,22.0,3,2.7,2.6,1.0,0,1,82.7,Good,Medium,4,1,3,1,34.0,0.0018915510718789407,4.594444444444445
LOC0326,Indore Railway Station,7,9,8,22.681634,75.733304,1,49,14.0,2,0,1,1,0,0,1,0,0,89.1,1,2,1,1,0,0,1,0,2,17.0,14592,55.0,111.2,15.0,3,3.2,3.0,21.0,1,0,46.9,Poor,High,3,0,4,1,34.0,0.00020557801685739738,2.6055555555555556
LOC0327,Patna Grand Mall,5,19,2,25.61849,85.044856,0,22,7.0,4,0,1,1,1,0,1,1,1,89.4,2,0,0,1,1,0,1,1,0,44.0,18856,84.0,162.9,10.0,4,3.7,3.5,15.0,2,2,76.2,Good,Medium,4,2,1,2,0.0,0.000212122819112266,1.6933333333333334
LOC0328,Patna Medical Center,4,19,2,25.736687,85.270924,0,26,22.0,7,1,0,0,1,0,1,1,1,83.6,0,1,2,1,1,1,0,1,1,13.0,997,7.0,100.9,9.0,0,4.0,4.3,4.0,1,2,91.7,Excellent,Low,3,2,4,1,13.0,0.0,6.55
LOC0329,Jaipur Grand Mall,5,10,10,26.901405,75.722415,0,8,2.0,6,1,1,1,0,1,1,1,1,89.5,0,0,2,1,1,0,1,1,2,10.0,10526,46.0,174.7,3.0,0,3.6,3.5,16.0,2,1,88.2,Good,Low,5,2,3,2,20.0,0.0,8.018181818181818
LOC0330,Nashik Plaza Mall,5,18,9,19.93029,73.841851,1,3,3.0,5,1,1,0,1,0,0,0,0,75.4,0,2,1,1,1,0,0,1,1,8.0,15440,67.0,156.0,6.0,2,3.9,3.7,11.0,1,1,65.8,Average,Medium,2,1,4,1,8.0,0.00012952528981283597,7.311111111111111
LOC0331,Coimbatore Plaza Mall,5,5,11,10.907534,76.91575,0,17,17.0,5,1,1,1,0,1,1,1,0,93.5,1,0,1,1,1,0,0,0,2,19.0,17005,66.0,144.2,6.0,2,4.2,4.2,18.0,0,2,92.9,Excellent,Medium,4,2,2,0,38.0,0.00011760555098200635,4.6450000000000005
LOC0332,Jaipur Botanical Garden,8,10,10,27.003544,75.759834,1,23,17.0,1,0,1,1,1,1,0,0,1,94.3,2,0,1,1,0,0,0,1,0,6.0,566,3.0,23.5,13.0,5,2.8,2.7,12.0,0,1,53.1,Poor,High,3,2,2,1,0.0,0.008818342151675485,7.585714285714286
LOC0333,Kochi Airport Terminal,0,12,7,10.000022,76.253814,1,8,8.0,4,1,0,1,1,1,0,0,1,82.8,2,1,0,1,1,0,1,0,1,28.0,18117,77.0,227.5,4.0,1,4.0,3.9,17.0,1,2,87.8,Good,Low,3,2,2,1,28.0,5.519372999227288e-05,3.027586206896552
LOC0334,Chennai Institute of Technology,2,4,11,13.100065,80.172302,0,59,17.0,3,1,1,1,1,0,0,0,0,90.0,2,0,0,1,1,1,1,1,2,14.0,3988,12.0,58.9,14.0,2,2.9,2.3,20.0,2,1,72.2,Average,Medium,3,1,1,2,28.0,0.000501378791677112,4.8133333333333335
LOC0335,Nagpur City Park,6,17,9,21.28096,79.077643,1,21,10.0,1,0,1,0,1,0,0,0,0,82.7,0,0,2,1,0,0,0,0,0,18.0,612,2.0,16.7,19.0,9,2.7,2.1,19.0,0,1,46.3,Poor,High,1,1,3,0,0.0,0.01468189233278956,2.4368421052631577
LOC0336,Indore City Bus Stop,1,9,8,22.703448,75.771324,1,7,7.0,1,0,0,1,1,0,0,0,0,91.9,2,0,0,0,0,0,1,0,0,11.0,701,9.0,9.9,24.0,7,1.9,2.0,19.0,1,1,43.5,Poor,High,1,1,0,1,0.0,0.009971509971509971,3.625
LOC0337,Coimbatore Municipal Office,3,5,11,10.883037,76.839544,1,43,12.0,1,0,0,0,0,0,1,0,1,79.7,2,0,2,1,0,0,0,1,0,17.0,3750,15.0,37.9,14.0,5,2.6,2.4,7.0,1,0,29.3,Poor,High,2,0,3,1,0.0,0.0013329778725673154,1.6277777777777778
LOC0338,Patna Domestic Airport,0,19,2,25.686217,85.085509,1,1,1.0,3,1,1,0,1,1,0,1,1,85.2,1,1,2,1,1,1,1,0,0,31.0,5364,28.0,145.0,7.0,3,4.0,4.3,22.0,0,1,96.2,Excellent,Medium,3,3,4,1,0.0,0.0005591798695246971,3.00625
LOC0339,Patna City Bus Stop,1,19,2,25.479052,85.060093,1,19,4.0,1,0,0,0,0,0,0,0,0,81.3,0,0,1,0,0,0,1,0,0,14.0,2264,12.0,13.8,17.0,10,2.9,3.0,23.0,1,1,21.5,Poor,High,0,0,1,1,0.0,0.004415011037527594,1.4333333333333333
LOC0340,Mumbai Bus Depot,1,15,9,19.025577,72.783636,1,39,19.0,1,0,0,0,0,1,0,0,0,72.5,0,2,0,1,0,0,1,0,1,5.0,2194,7.0,15.3,23.0,7,2.2,2.4,4.0,1,1,35.9,Poor,High,0,1,3,1,5.0,0.0031890660592255125,5.983333333333333
LOC0341,Thiruvananthapuram Government College,2,23,7,8.514066,76.972986,1,34,18.0,1,1,0,1,0,1,1,0,1,96.0,2,1,0,1,1,0,1,1,0,18.0,4410,23.0,46.2,22.0,6,2.7,2.8,16.0,1,2,73.5,Average,Medium,4,1,2,2,0.0,0.0013602357742008614,3.8684210526315788
LOC0342,Kolkata Tehsil Office,3,13,14,22.52367,88.279093,1,28,10.0,3,1,0,1,1,1,0,1,0,96.3,1,0,0,0,1,1,1,1,0,22.0,3204,14.0,38.6,20.0,6,3.7,3.4,10.0,1,1,88.8,Good,Medium,2,3,0,2,0.0,0.00187207488299532,3.860869565217391
LOC0343,Nashik Municipal Office,3,18,9,20.146425,73.716723,1,34,16.0,2,1,0,0,0,0,1,0,0,77.0,0,0,0,1,0,0,1,1,2,36.0,2641,14.0,41.7,25.0,6,2.8,3.3,8.0,1,2,62.6,Average,Medium,2,0,1,2,72.0,0.002271006813020439,1.691891891891892
LOC0344,Delhi Government College,2,6,4,28.693598,77.160803,0,13,13.0,1,1,0,1,0,0,0,1,1,84.5,2,1,2,1,1,1,0,1,0,10.0,844,4.0,63.0,13.0,5,3.8,3.7,12.0,1,0,56.5,Average,High,3,1,4,1,0.0,0.005917159763313609,5.136363636363637
LOC0345,Chandigarh Public Garden,6,3,3,30.766167,76.738266,1,25,10.0,1,1,0,1,0,0,1,0,1,85.7,0,0,0,0,0,0,1,1,1,6.0,476,2.0,8.0,14.0,4,1.7,2.0,15.0,1,0,60.3,Average,Medium,4,0,0,2,6.0,0.008385744234800839,8.614285714285714
LOC0346,Udaipur Junction,7,24,10,24.534784,73.737874,1,64,27.0,2,1,0,1,1,0,1,1,0,96.1,0,0,0,1,1,0,1,0,0,24.0,16905,70.0,121.1,15.0,8,2.2,2.1,15.0,1,0,65.4,Average,Medium,3,2,1,1,0.0,0.0004732047793682716,2.616
LOC0347,Hyderabad Health Centre,4,8,12,17.515084,78.615963,1,26,4.0,2,1,1,1,1,0,1,1,1,98.4,1,1,1,0,1,1,1,0,2,24.0,727,6.0,75.1,14.0,2,3.8,3.7,12.0,0,2,100.0,Excellent,Medium,5,2,2,1,48.0,0.0027472527472527475,4.0
LOC0348,Thane City Park,6,22,9,19.276421,73.073964,1,12,7.0,1,0,0,1,1,0,0,0,1,85.4,0,2,2,1,1,1,0,1,1,19.0,1514,6.0,17.8,17.0,4,2.0,1.9,6.0,1,2,57.3,Average,Medium,2,1,5,1,19.0,0.0026402640264026403,2.8649999999999998
LOC0349,Kochi Bus Stand,1,12,7,9.79373,76.154002,1,3,3.0,1,0,0,0,0,0,0,0,0,74.2,1,0,2,0,0,0,1,0,0,4.0,1881,10.0,15.5,18.0,8,1.9,1.8,18.0,1,0,29.1,Poor,High,0,0,2,1,0.0,0.004250797024442083,5.82
LOC0350,Kolkata Central Park,6,13,14,22.570303,88.384573,1,8,5.0,1,0,1,0,0,0,0,0,0,80.6,2,2,1,0,0,1,1,0,2,8.0,505,7.0,11.1,13.0,2,3.2,3.3,20.0,0,2,32.3,Poor,High,1,0,3,1,16.0,0.003952569169960474,3.5888888888888886
LOC0351,Lucknow District Office,3,14,13,26.975463,80.913128,1,24,22.0,1,1,1,0,0,0,0,1,1,75.5,0,0,1,1,1,1,1,1,1,10.0,4126,15.0,50.2,24.0,5,1.9,1.9,19.0,0,0,53.6,Poor,High,3,1,2,2,10.0,0.00121153380179307,4.872727272727273
LOC0352,Jaipur City Bus Stop,1,10,10,26.984606,75.880977,1,6,6.0,1,0,0,1,0,0,0,0,1,87.6,2,2,1,0,0,0,1,1,2,18.0,368,2.0,7.2,22.0,5,3.7,3.0,17.0,1,1,25.7,Poor,High,2,0,3,2,36.0,0.013550135501355014,1.3526315789473684
LOC0353,Guwahati District Office,3,7,1,26.145271,91.810245,1,42,13.0,1,0,1,0,0,0,0,1,1,70.4,0,1,1,1,0,0,0,1,1,26.0,3987,17.0,40.5,16.0,5,2.1,2.0,11.0,0,1,47.0,Poor,High,2,1,3,1,26.0,0.0012537612838515546,1.7407407407407407
LOC0354,Guwahati Tehsil Office,3,7,1,26.102535,91.677849,1,24,9.0,1,0,0,0,0,1,0,0,0,78.9,0,1,0,1,1,1,1,1,1,25.0,754,3.0,27.1,17.0,1,3.1,2.5,18.0,1,1,64.6,Average,Low,0,1,2,2,25.0,0.0013245033112582781,2.4846153846153842
LOC0355,Thane Plaza Mall,5,22,9,19.27574,73.093062,0,5,5.0,6,0,1,1,0,1,1,1,1,87.1,1,0,0,1,1,1,1,0,2,27.0,6335,23.0,130.8,14.0,2,3.7,3.8,22.0,1,2,100.0,Excellent,Low,4,2,1,1,54.0,0.0003156565656565657,3.5714285714285716
LOC0356,Nashik Collectorate Office,3,18,9,19.977998,73.688254,1,69,25.0,3,1,1,0,1,0,0,0,0,78.3,1,0,2,1,0,0,0,1,2,28.0,3979,10.0,40.5,6.0,3,1.6,1.6,14.0,0,1,67.7,Average,Medium,2,1,3,1,56.0,0.0007537688442211055,2.3344827586206898
LOC0357,Bengaluru Railway Station,7,1,6,12.82547,77.592749,1,30,6.0,2,0,0,1,0,0,1,0,0,88.4,1,0,0,0,0,0,0,1,0,29.0,12394,45.0,69.2,25.0,8,2.7,3.0,23.0,1,0,46.3,Poor,High,2,0,0,1,0.0,0.000645421540943929,1.5433333333333332
LOC0358,Kochi City Centre Mall,5,12,7,9.880883,76.256081,0,12,12.0,5,1,1,1,0,1,1,0,0,94.2,0,0,1,1,0,0,1,1,0,23.0,9285,35.0,162.0,1.0,2,3.6,3.4,8.0,2,2,74.8,Average,Medium,4,1,2,2,0.0,0.00021537798836958864,3.1166666666666667
LOC0359,Surat Municipal Office,3,21,5,21.215398,72.877587,1,41,8.0,1,0,1,1,1,0,0,1,0,95.1,0,1,2,0,0,0,0,1,0,17.0,1031,3.0,20.6,11.0,7,2.6,2.9,9.0,2,2,65.0,Average,Medium,2,2,3,1,0.0,0.006782945736434108,3.611111111111111
LOC0360,Bengaluru City Park,6,1,6,12.911842,77.70369,1,28,9.0,1,0,0,1,0,1,0,0,1,95.8,1,2,2,1,0,0,1,1,1,16.0,2892,9.0,27.0,17.0,6,2.6,2.8,15.0,1,1,56.7,Average,Medium,2,1,5,2,16.0,0.002073971655720705,3.335294117647059
LOC0361,Delhi Public Garden,6,6,4,28.730348,77.224598,1,15,6.0,1,0,1,1,0,0,0,1,0,89.3,1,0,2,1,0,0,1,1,2,15.0,704,3.0,19.3,21.0,4,3.2,3.2,14.0,2,2,68.8,Average,Medium,2,1,3,2,30.0,0.005673758865248227,4.3
LOC0362,Mumbai City Centre Mall,5,15,9,19.190711,72.9444,0,1,1.0,7,1,1,1,0,0,0,0,1,94.3,0,1,0,1,1,1,1,1,0,30.0,15963,55.0,187.4,6.0,3,2.6,2.3,4.0,0,2,92.3,Excellent,Low,4,0,2,2,0.0,0.00018792282635930844,2.97741935483871
LOC0363,Lucknow Multispeciality Hospital,4,14,13,26.697177,80.819775,0,20,11.0,3,0,1,1,0,0,0,0,1,89.7,0,1,0,1,1,0,1,1,1,29.0,525,6.0,105.6,14.0,2,3.3,3.1,16.0,0,2,81.0,Good,Low,3,0,2,2,29.0,0.0038022813688212928,2.7
LOC0364,Hyderabad Central Station,7,8,12,17.291563,78.404755,1,10,8.0,2,1,1,1,1,0,1,1,0,97.7,0,0,2,1,0,0,1,1,2,5.0,17713,69.0,104.4,9.0,3,3.1,3.1,5.0,2,1,85.9,Good,Low,4,2,3,2,10.0,0.00016935757028339166,14.316666666666668
LOC0365,Kolkata Institute of Technology,2,13,14,22.688561,88.476755,1,23,7.0,3,0,0,1,0,1,0,0,0,87.7,2,0,0,0,1,0,1,1,1,17.0,515,4.0,38.6,9.0,2,4.0,4.3,11.0,1,1,58.3,Average,Medium,1,1,0,2,17.0,0.003875968992248062,3.238888888888889
LOC0366,Visakhapatnam Bus Stand,1,25,0,17.552423,83.246852,1,24,21.0,1,0,0,0,1,0,0,0,0,85.3,0,0,2,1,0,0,1,1,0,20.0,2426,11.0,12.3,20.0,13,2.0,2.1,13.0,1,1,35.5,Poor,High,0,1,3,2,0.0,0.005356407086938607,1.6904761904761905
LOC0367,Nagpur Plaza Mall,5,17,9,21.032739,79.03988,0,20,18.0,4,0,1,0,1,0,0,1,1,67.3,0,1,2,1,0,0,1,1,0,20.0,13137,47.0,139.1,5.0,2,3.3,3.4,14.0,0,2,71.7,Average,Medium,2,2,4,2,0.0,0.00015223017202009437,3.4142857142857146
LOC0368,Visakhapatnam Railway Station,7,25,0,17.758265,83.070906,1,87,16.0,2,0,0,1,0,0,0,0,1,88.5,2,0,2,1,0,0,0,0,0,8.0,11097,48.0,86.7,17.0,3,2.1,2.0,17.0,1,2,32.0,Poor,High,2,0,3,0,0.0,0.0002703189763921427,3.5555555555555554
LOC0369,Delhi Central Station,7,6,4,28.725317,77.149804,1,12,4.0,3,1,0,1,0,0,0,1,0,94.4,2,0,0,1,0,1,0,1,0,41.0,17159,69.0,111.7,10.0,3,1.9,1.9,23.0,1,0,51.3,Poor,High,2,1,1,1,0.0,0.00017482517482517483,1.2214285714285713
LOC0370,Kochi Multispeciality Hospital,4,12,7,9.996455,76.167491,0,48,10.0,6,0,0,1,0,0,1,0,0,92.2,2,1,0,0,1,0,1,1,0,27.0,1903,13.0,109.9,21.0,13,2.8,2.8,10.0,1,2,49.7,Poor,High,2,0,1,2,0.0,0.006827731092436975,1.7750000000000001
LOC0371,Nashik Government College,2,18,9,20.044036,73.931036,1,6,6.0,1,1,1,1,0,0,0,1,0,97.4,1,1,0,1,0,0,1,1,2,37.0,1646,9.0,53.1,7.0,1,3.7,3.7,11.0,0,2,100.0,Excellent,Low,3,1,2,2,74.0,0.0006071645415907711,2.6315789473684212
LOC0372,Mysuru District Office,3,16,6,12.436382,76.745733,1,33,17.0,2,1,1,1,0,0,0,0,0,90.3,0,0,2,1,1,1,0,0,2,35.0,3465,18.0,45.3,8.0,4,2.0,2.1,19.0,1,0,64.3,Average,Medium,3,0,3,0,70.0,0.001154068090017311,1.786111111111111
LOC0373,Kochi Central Station,7,12,7,9.855273,76.348956,1,62,29.0,3,0,0,0,1,1,0,0,1,65.3,2,2,1,1,0,1,1,1,0,44.0,10485,48.0,85.6,17.0,8,2.2,2.0,12.0,1,1,18.8,Poor,High,1,2,4,2,0.0,0.0007629219912263971,0.4177777777777778
LOC0374,Visakhapatnam City Park,6,25,0,17.824635,83.222246,1,49,27.0,1,1,0,0,0,0,0,0,1,87.0,0,1,2,1,0,0,0,0,1,12.0,2792,15.0,27.4,12.0,3,3.4,3.6,14.0,1,1,57.5,Average,Medium,2,0,4,0,12.0,0.0010741138560687433,4.423076923076923
LOC0375,Nagpur College of Engineering,2,17,9,21.119913,79.117298,0,29,16.0,3,1,1,1,1,1,1,0,1,85.9,1,2,2,1,0,0,1,1,0,25.0,785,6.0,60.0,22.0,9,3.1,3.3,8.0,2,2,77.0,Good,High,5,2,5,2,0.0,0.011450381679389313,2.9615384615384617
LOC0376,Pune Bus Stand,1,20,9,18.646648,73.765872,1,15,15.0,1,1,1,1,0,0,0,1,0,93.4,0,0,0,0,0,0,1,1,0,6.0,1646,6.0,10.4,16.0,3,3.2,3.3,21.0,0,0,69.3,Average,Medium,3,1,0,2,0.0,0.0018214936247723133,9.9
LOC0377,Kolkata Grand Mall,5,13,14,22.669964,88.44759,0,19,11.0,2,1,1,1,0,1,1,1,1,96.0,2,1,0,1,1,1,1,0,0,15.0,13722,50.0,169.0,12.0,4,2.5,2.3,23.0,1,2,92.3,Excellent,Medium,5,2,2,1,0.0,0.0002914814544924579,5.76875
LOC0378,Thiruvananthapuram Grand Mall,5,23,7,8.458092,76.9513,0,10,10.0,2,0,1,1,1,0,1,1,1,86.1,2,2,0,1,0,0,1,1,0,17.0,15206,58.0,135.5,13.0,8,3.7,3.6,15.0,0,2,66.6,Average,High,4,2,3,2,0.0,0.0005260735187742487,3.6999999999999997
LOC0379,Visakhapatnam Grand Mall,5,25,0,17.684715,83.299484,0,8,8.0,6,0,1,1,0,0,0,0,1,87.2,2,0,0,1,0,0,0,1,0,31.0,6268,17.0,141.9,17.0,2,3.8,3.5,10.0,0,1,58.5,Average,Medium,3,0,1,1,0.0,0.000319030148349019,1.828125
LOC0380,Delhi Temple Complex,8,6,4,28.608321,77.108553,1,70,14.0,1,0,0,0,0,0,0,1,0,69.7,2,0,2,0,0,0,1,1,1,14.0,2960,10.0,24.7,19.0,10,3.3,3.8,3.0,1,2,32.3,Poor,High,0,1,2,2,14.0,0.003377237419790611,2.1533333333333333
LOC0381,Surat Shopping Mall,5,21,5,21.186944,72.733633,0,15,13.0,4,1,1,1,0,0,1,1,0,100.2,0,0,2,1,0,0,1,0,2,12.0,14776,58.0,193.8,6.0,1,2.6,2.3,4.0,2,1,77.7,Good,Low,4,1,3,1,24.0,6.767273465520742e-05,5.976923076923077
LOC0382,Coimbatore Collectorate Office,3,5,11,10.912056,77.09495,1,26,14.0,2,0,0,1,0,0,0,1,1,90.8,0,2,1,1,0,0,0,1,1,39.0,3842,10.0,50.0,21.0,2,3.9,4.1,3.0,1,1,47.7,Poor,High,2,1,4,1,39.0,0.0005204267499349467,1.1925000000000001
LOC0383,Lucknow Bus Stand,1,14,13,26.887518,80.852437,1,22,8.0,1,0,0,1,0,0,0,0,0,79.6,0,0,2,1,1,0,1,0,0,24.0,639,6.0,9.8,11.0,1,2.8,3.1,7.0,1,1,49.4,Poor,High,1,0,3,1,0.0,0.0015625,1.976
LOC0384,Chennai Airport Terminal,0,4,11,13.068051,80.291099,1,6,6.0,5,0,1,1,1,0,0,1,1,88.4,1,1,0,1,0,0,1,1,2,12.0,11386,57.0,196.8,5.0,3,3.7,3.5,14.0,1,2,100.0,Excellent,Low,3,2,2,2,24.0,0.00026345832967418985,7.6923076923076925
LOC0385,Bengaluru Health Centre,4,1,6,13.00126,77.568469,0,42,23.0,2,1,0,0,0,1,0,0,0,82.2,2,0,2,0,0,0,0,1,2,35.0,2692,20.0,111.5,12.0,1,2.3,2.4,16.0,1,2,46.6,Poor,High,1,1,2,1,70.0,0.0003713330857779428,1.2944444444444445
LOC0386,Nagpur Domestic Airport,0,17,9,21.001295,79.019097,1,9,9.0,4,1,0,1,0,1,0,0,0,98.6,0,2,0,1,1,0,0,1,2,29.0,18753,73.0,159.3,9.0,4,3.1,2.3,20.0,1,2,69.4,Average,Medium,2,1,3,1,58.0,0.00021328783192918843,2.3133333333333335
LOC0387,Thiruvananthapuram Shopping Mall,5,23,7,8.595276,76.887079,0,17,13.0,6,1,0,1,0,0,1,0,0,99.8,1,0,0,1,1,0,0,1,0,19.0,8640,31.0,210.5,1.0,3,4.1,4.3,8.0,1,1,85.5,Good,Low,3,0,1,1,0.0,0.0003471820391158431,4.275
LOC0388,Chennai City Bus Stop,1,4,11,13.034581,80.157377,1,18,13.0,1,0,0,0,1,0,0,0,0,74.9,2,0,2,1,0,0,0,1,1,16.0,2737,14.0,19.4,13.0,5,1.0,1.1,22.0,1,2,35.6,Poor,High,0,1,3,1,16.0,0.0018261504747991235,2.0941176470588236
LOC0389,Chennai International Airport,0,4,11,12.971939,80.171394,0,1,1.0,7,1,1,1,1,0,1,1,1,98.4,1,0,2,1,1,0,0,1,0,35.0,6056,29.0,177.7,2.0,5,3.1,3.4,23.0,0,1,97.0,Excellent,Medium,5,2,3,1,0.0,0.0008254911672445105,2.6944444444444446
LOC0390,Visakhapatnam City Bus Stop,1,25,0,17.571558,83.289715,1,27,7.0,1,0,0,0,0,0,0,0,1,76.3,0,0,2,0,0,0,1,0,1,3.0,2007,11.0,15.0,23.0,7,2.4,2.4,11.0,1,0,32.6,Poor,High,1,0,2,1,3.0,0.0034860557768924302,8.15
LOC0391,Pune General Hospital,4,20,9,18.483692,73.758835,0,41,16.0,3,0,1,0,0,1,0,0,0,71.7,0,1,0,1,1,1,0,1,1,15.0,4335,19.0,127.0,11.0,3,4.1,3.6,16.0,0,1,70.2,Average,Low,1,1,2,1,15.0,0.0006918819188191881,4.3875
LOC0392,Mumbai City Centre Mall,5,15,9,19.015827,72.762806,0,18,9.0,3,1,1,0,1,0,1,0,0,82.0,0,1,2,1,1,0,0,1,0,23.0,9321,38.0,177.2,7.0,2,4.0,4.4,21.0,1,2,87.1,Good,Medium,3,1,4,1,0.0,0.00021454623471358077,3.6291666666666664
LOC0393,Nagpur Central Station,7,17,9,21.118748,79.038142,1,88,14.0,1,1,0,0,0,0,0,0,1,75.5,1,0,1,0,1,0,0,1,2,32.0,11725,50.0,106.0,15.0,7,1.9,2.5,14.0,1,0,36.3,Poor,High,2,0,1,1,64.0,0.0005969640115981579,1.0999999999999999
LOC0394,Delhi Municipal Office,3,6,4,28.783942,76.968724,1,26,19.0,1,0,1,0,1,0,0,0,0,80.3,2,2,1,0,0,0,1,0,1,39.0,3174,13.0,30.7,12.0,3,2.4,2.5,13.0,0,1,32.2,Poor,High,1,1,3,1,39.0,0.0009448818897637795,0.805
LOC0395,Kolkata Collectorate Office,3,13,14,22.696477,88.291468,1,67,13.0,3,0,0,1,0,0,0,0,0,87.5,0,1,2,1,0,1,0,1,2,13.0,4178,12.0,55.9,22.0,3,2.1,2.4,18.0,1,2,47.9,Poor,Medium,1,0,4,1,26.0,0.0007178750897343862,3.4214285714285713
LOC0396,Kanpur Junction,7,11,13,26.522164,80.376542,1,15,15.0,2,1,1,1,0,0,1,0,0,91.1,2,0,1,1,1,0,1,1,0,10.0,15667,67.0,112.9,8.0,0,4.1,4.0,1.0,0,1,68.6,Average,High,4,0,2,2,0.0,0.0,6.236363636363635
LOC0397,Coimbatore Railway Station,7,5,11,11.060184,76.974073,1,39,13.0,1,0,0,1,0,1,0,0,0,87.1,1,1,0,1,0,0,1,1,1,38.0,3917,20.0,89.6,22.0,6,2.4,2.4,9.0,1,1,66.2,Average,Medium,1,1,2,2,38.0,0.0015313935681470138,1.6974358974358974
LOC0398,Patna Tehsil Office,3,19,2,25.705426,85.102929,1,36,12.0,1,0,1,1,0,0,0,0,0,83.3,2,0,1,1,0,1,1,1,1,33.0,4459,24.0,34.8,8.0,5,2.6,2.9,17.0,2,1,37.3,Poor,High,2,0,2,2,33.0,0.0011210762331838565,1.0970588235294116
LOC0399,Mumbai Green Park,6,15,9,18.974339,72.997402,1,29,6.0,1,0,1,1,0,0,1,0,0,86.9,0,1,1,1,1,0,0,1,1,22.0,1961,7.0,17.8,20.0,3,1.8,1.8,21.0,2,1,51.7,Poor,High,3,0,3,1,22.0,0.0015290519877675841,2.247826086956522
LOC0400,Chennai Railway Station,7,4,11,12.974357,80.28229,1,79,23.0,2,0,0,1,0,0,1,0,0,81.6,0,2,1,0,0,1,1,0,0,14.0,12125,48.0,61.8,15.0,7,2.0,2.4,8.0,1,0,15.8,Poor,High,2,0,3,1,0.0,0.0005772719775688602,1.0533333333333335
LOC0401,Pune Temple Complex,8,20,9,18.525178,73.758844,0,197,48.0,1,0,0,0,0,0,0,0,0,72.8,0,2,2,1,0,0,0,1,0,5.0,2065,11.0,34.2,24.0,15,1.4,1.6,19.0,1,1,5.2,Poor,High,0,0,5,1,0.0,0.007260406582768635,0.8666666666666667
LOC0402,Visakhapatnam Municipal Office,3,25,0,17.551393,83.157252,1,70,29.0,1,0,0,1,1,0,0,0,0,86.6,0,1,1,1,1,0,0,0,2,11.0,3662,12.0,51.3,16.0,5,2.6,2.5,12.0,1,1,44.3,Poor,High,1,1,3,0,22.0,0.001365001365001365,3.6916666666666664
LOC0403,Guwahati District Office,3,7,1,26.134599,91.785636,1,73,19.0,2,1,1,0,0,0,0,1,0,83.9,0,1,2,0,0,1,1,1,0,27.0,4003,14.0,35.0,18.0,5,2.9,3.1,8.0,0,0,53.7,Poor,High,2,1,3,2,0.0,0.0012487512487512488,1.917857142857143
LOC0404,Jaipur Botanical Garden,8,10,10,26.784352,75.878385,1,30,21.0,1,1,1,0,1,0,1,0,0,73.1,1,2,0,1,1,0,1,0,1,8.0,1770,10.0,22.5,20.0,2,1.8,2.0,4.0,0,1,77.0,Good,Low,3,1,3,1,8.0,0.001129305477131564,8.555555555555555
LOC0405,Indore Bus Stand,1,9,8,22.600132,75.786356,1,8,8.0,1,1,0,0,0,0,0,0,0,93.5,0,0,0,1,0,0,1,0,0,6.0,2635,11.0,14.2,17.0,9,3.2,3.0,21.0,1,1,53.5,Poor,High,1,0,1,1,0.0,0.0034142640364188165,7.642857142857143
LOC0406,Thane General Hospital,4,22,9,19.306682,73.096648,0,33,6.0,4,1,1,1,0,1,0,0,1,99.9,1,1,0,1,0,0,0,1,1,32.0,4398,20.0,112.6,6.0,1,3.5,2.9,4.0,0,2,100.0,Excellent,Low,4,1,2,1,32.0,0.00022732439190725165,3.0303030303030303
LOC0407,Hyderabad Tehsil Office,3,8,12,17.53214,78.615637,1,79,21.0,2,0,0,1,1,0,0,0,0,87.6,1,0,1,0,0,0,1,1,2,13.0,2422,16.0,43.2,18.0,8,3.0,2.9,13.0,1,1,43.8,Poor,High,1,1,1,2,26.0,0.0033016921172100704,3.1285714285714286
LOC0408,Hyderabad Government College,2,8,12,17.296048,78.583151,0,6,6.0,2,1,0,1,0,0,0,1,1,87.9,1,1,1,1,0,1,1,1,0,15.0,2150,8.0,60.1,17.0,3,3.4,3.5,14.0,1,0,63.1,Average,Medium,3,1,3,2,0.0,0.001394700139470014,3.94375
LOC0409,Kochi General Hospital,4,12,7,9.972017,76.160637,0,18,9.0,2,1,1,1,1,0,1,1,0,91.3,1,0,0,0,1,1,0,1,2,38.0,2690,16.0,92.4,19.0,1,4.4,4.5,2.0,1,2,100.0,Excellent,Low,4,2,0,1,76.0,0.0003716090672612412,2.5641025641025643
LOC0410,Bhopal Green Park,6,2,8,23.158651,77.500951,1,28,13.0,1,0,0,0,0,0,1,0,0,79.2,0,2,1,0,0,1,0,1,1,12.0,1201,9.0,16.1,13.0,3,3.6,4.0,11.0,1,2,38.3,Poor,High,1,0,3,1,12.0,0.0024958402662229617,2.946153846153846
LOC0411,Hyderabad Lake View Point,8,8,12,17.253106,78.421218,1,52,21.0,1,1,0,1,1,0,0,0,0,91.3,2,0,2,0,0,0,0,1,0,20.0,2159,8.0,29.3,17.0,7,2.5,2.4,1.0,1,1,48.0,Poor,High,2,1,2,1,0.0,0.0032407407407407406,2.2857142857142856
LOC0412,Thane Green Park,6,22,9,19.199259,72.972493,1,24,4.0,1,0,1,0,0,1,0,0,1,81.8,2,1,1,0,0,0,0,1,2,15.0,1656,5.0,15.1,23.0,3,1.0,1.0,0.0,0,1,38.5,Poor,High,2,1,2,1,30.0,0.0018105009052504525,2.40625
LOC0413,Coimbatore Institute of Technology,2,5,11,11.006359,76.998078,0,26,20.0,2,1,0,0,1,1,0,1,0,82.9,0,0,2,1,0,1,0,1,0,20.0,1962,7.0,51.8,16.0,3,3.0,3.3,10.0,1,2,68.4,Average,Medium,1,3,3,1,0.0,0.0015282730514518594,3.2571428571428576
LOC0414,Bengaluru Bus Stand,1,1,6,13.083337,77.447962,1,11,4.0,1,1,0,1,0,0,0,1,0,98.0,2,2,0,0,0,0,1,0,2,5.0,2863,21.0,22.7,19.0,2,2.6,2.8,4.0,1,2,57.3,Average,Medium,2,1,2,1,10.0,0.0006983240223463687,9.549999999999999
LOC0415,Delhi City Hospital,4,6,4,28.602697,76.969908,1,28,16.0,4,0,0,1,1,1,1,1,0,91.8,2,1,2,1,0,0,0,1,2,26.0,2455,12.0,110.1,7.0,1,3.4,3.5,0.0,1,2,76.3,Good,Medium,2,3,4,1,52.0,0.00040716612377850165,2.825925925925926
LOC0416,Lucknow Temple Complex,8,14,13,26.93805,80.918464,1,8,8.0,1,1,0,0,1,0,0,0,1,82.5,0,0,2,1,1,0,1,1,1,18.0,1382,3.0,18.2,15.0,2,2.3,2.2,8.0,1,1,68.1,Average,Medium,2,1,3,2,18.0,0.0014461315979754157,3.5842105263157893
LOC0417,Mumbai Collectorate Office,3,15,9,18.94568,72.921574,1,32,17.0,1,0,0,0,0,0,0,0,0,74.5,2,1,2,1,1,0,0,1,0,16.0,2423,10.0,41.5,13.0,2,3.1,3.2,9.0,1,1,36.0,Poor,High,0,0,4,1,0.0,0.0008250825082508251,2.1176470588235294
LOC0418,Delhi Multispeciality Hospital,4,6,4,28.781719,76.977455,1,28,11.0,4,1,1,1,1,0,0,0,0,107.0,2,1,1,1,1,1,1,1,2,22.0,1901,12.0,85.7,9.0,2,2.2,2.4,7.0,0,1,69.6,Average,Medium,3,1,3,2,44.0,0.0010515247108307045,3.026086956521739
LOC0419,Kolkata Airport Terminal,0,13,14,22.584342,88.256054,0,21,18.0,3,1,1,1,0,0,1,0,1,92.5,0,0,1,1,1,1,1,1,0,36.0,6206,27.0,237.1,2.0,1,4.0,4.3,23.0,1,2,84.1,Good,Medium,5,0,2,2,0.0,0.00016110842597067828,2.2729729729729726
LOC0420,Nashik Railway Station,7,18,9,19.940728,73.684895,1,48,21.0,2,0,0,0,1,0,0,0,0,67.8,0,0,2,0,1,0,0,1,2,44.0,15335,59.0,102.8,12.0,6,2.4,2.6,17.0,1,1,40.2,Poor,High,0,1,2,1,88.0,0.0003912363067292645,0.8933333333333334
LOC0421,Coimbatore International Airport,0,5,11,11.105709,77.086486,1,20,8.0,5,1,1,1,1,1,1,0,1,96.4,2,0,0,1,1,1,0,1,1,18.0,6832,33.0,124.5,15.0,2,3.7,3.3,5.0,1,1,99.7,Excellent,Low,5,2,1,1,18.0,0.0002926972047416947,5.247368421052632
LOC0422,Patna International Airport,0,19,2,25.479365,85.258921,1,17,16.0,5,1,1,1,1,0,1,0,0,96.6,1,0,0,1,0,0,1,1,2,16.0,7711,40.0,135.6,9.0,3,2.6,2.4,8.0,1,2,100.0,Excellent,Low,4,1,1,2,32.0,0.00038900414937759333,5.882352941176471
LOC0423,Kolkata Museum,8,13,14,22.568269,88.341815,1,67,12.0,1,0,0,0,0,0,1,0,0,86.3,1,2,0,0,0,0,1,1,1,18.0,379,2.0,16.5,24.0,7,1.8,1.6,2.0,1,0,37.9,Poor,High,1,0,2,2,18.0,0.018421052631578946,1.9947368421052631
LOC0424,Visakhapatnam Museum,8,25,0,17.658883,83.095444,1,87,15.0,1,0,0,0,0,0,0,0,0,75.9,2,2,1,0,0,1,0,1,1,3.0,1835,2.0,27.1,28.0,11,2.7,2.9,8.0,1,0,0.0,Poor,High,0,0,3,1,3.0,0.005991285403050109,0.0
LOC0425,Chennai Green Park,6,4,11,13.038207,80.127784,1,18,18.0,1,1,0,0,0,0,0,0,0,81.3,0,0,1,1,0,0,1,1,1,19.0,1445,5.0,15.4,19.0,4,2.1,2.1,6.0,1,0,37.7,Poor,High,1,0,2,2,19.0,0.0027662517289073307,1.8850000000000002
LOC0426,Coimbatore Degree College,2,5,11,10.953726,76.932478,1,31,9.0,2,0,0,1,0,1,0,0,1,85.7,0,2,1,1,0,0,0,0,0,29.0,704,2.0,37.7,3.0,4,3.3,3.4,11.0,1,0,28.8,Poor,High,2,1,4,0,0.0,0.005673758865248227,0.9600000000000001
LOC0427,Pune Bus Stand,1,20,9,18.377404,73.777285,1,38,12.0,1,0,0,0,1,0,0,0,0,71.0,1,1,2,0,0,0,1,1,1,7.0,2194,12.0,13.3,17.0,6,1.7,1.6,10.0,1,1,51.8,Poor,High,0,1,3,2,7.0,0.002733485193621868,6.475
LOC0428,Kanpur Tehsil Office,3,11,13,26.404119,80.422292,1,67,22.0,3,0,1,1,0,1,0,0,0,93.5,0,0,1,1,1,0,1,1,1,25.0,4111,24.0,33.6,22.0,4,2.6,2.5,15.0,1,0,52.0,Poor,High,2,1,2,2,25.0,0.0009727626459143969,2.0
LOC0429,Thane Public Garden,6,22,9,19.334898,73.059143,1,35,21.0,1,0,1,1,0,0,1,0,0,87.1,2,0,1,1,1,0,1,1,1,11.0,2675,11.0,21.3,23.0,5,2.8,2.6,16.0,1,1,49.4,Poor,High,3,0,2,2,11.0,0.0018684603886397607,4.116666666666666
LOC0430,Delhi Botanical Garden,8,6,4,28.699964,77.051553,1,179,30.0,1,0,0,0,0,0,0,0,1,63.9,2,2,1,0,0,0,1,1,1,10.0,1883,2.0,24.5,24.0,10,1.9,2.4,18.0,1,0,0.0,Poor,High,1,0,3,2,10.0,0.005307855626326964,0.0
LOC0431,Udaipur Tehsil Office,3,24,10,24.438074,73.792963,1,38,25.0,1,0,1,0,0,1,0,0,1,78.5,0,0,1,1,0,0,1,0,2,35.0,3291,22.0,44.3,13.0,5,4.0,4.1,19.0,0,2,53.3,Poor,High,2,1,2,1,70.0,0.0015188335358444715,1.4805555555555554
LOC0432,Kolkata Lake View Point,8,13,14,22.642014,88.245468,1,103,35.0,1,0,0,1,0,1,0,1,0,94.9,0,1,0,1,0,0,0,0,2,24.0,2572,10.0,32.7,14.0,2,1.5,2.0,2.0,1,1,59.5,Average,Low,1,2,2,0,48.0,0.000777302759424796,2.38
LOC0433,Patna Central Station,7,19,2,25.645939,85.152249,1,86,18.0,3,1,0,1,0,0,0,0,1,98.9,0,0,2,1,0,1,1,0,2,21.0,4468,13.0,49.0,17.0,9,2.4,2.5,16.0,1,0,45.3,Poor,High,3,0,3,1,42.0,0.0020138733497426717,2.059090909090909
LOC0434,Nashik Grand Mall,5,18,9,19.889938,73.837574,0,14,14.0,3,0,1,0,0,0,1,0,1,79.1,0,1,0,1,0,1,1,1,2,39.0,10540,39.0,129.0,10.0,2,3.9,4.2,8.0,0,2,81.6,Good,Low,3,0,2,2,78.0,0.0001897353192296746,2.04
LOC0435,Ahmedabad Bus Stand,1,0,5,23.164923,72.571536,1,30,19.0,1,0,0,1,0,1,1,0,0,88.7,1,1,0,0,0,0,1,0,0,14.0,2327,9.0,14.3,14.0,5,2.8,2.7,0.0,1,0,62.1,Average,Medium,2,1,1,1,0.0,0.002147766323024055,4.14
LOC0436,Bhopal Junction,7,2,8,23.298799,77.417809,1,42,23.0,3,0,1,0,1,0,0,0,0,77.2,2,0,1,0,0,0,1,1,1,11.0,8379,32.0,89.4,14.0,2,1.6,1.8,12.0,2,0,28.5,Poor,High,1,1,1,2,11.0,0.00023866348448687351,2.375
LOC0437,Ahmedabad Medical Center,4,0,5,22.920199,72.421459,0,54,26.0,6,1,1,1,0,1,1,0,1,88.8,0,0,2,1,0,1,1,1,0,33.0,1827,13.0,66.7,23.0,7,3.9,4.5,7.0,1,0,70.2,Average,Medium,5,1,3,2,0.0,0.0038293216630196935,2.0647058823529414
LOC0438,Visakhapatnam Bus Depot,1,25,0,17.608077,83.312031,1,20,10.0,1,1,0,0,0,0,1,0,0,90.4,2,2,0,1,1,0,1,1,0,12.0,1686,10.0,10.5,21.0,7,3.0,2.8,0.0,1,0,43.5,Poor,High,2,0,3,2,0.0,0.004149377593360996,3.3461538461538463
LOC0439,Visakhapatnam Municipal Office,3,25,0,17.818743,83.238092,1,32,10.0,3,1,1,1,0,1,0,0,0,96.8,2,0,1,1,0,0,0,1,1,9.0,858,2.0,31.5,14.0,2,1.4,1.8,23.0,2,1,48.7,Poor,High,3,1,2,1,9.0,0.002328288707799767,4.87
LOC0440,Coimbatore Government College,2,5,11,11.144492,76.899709,1,70,26.0,2,1,0,1,0,0,0,0,0,93.2,0,0,2,1,0,0,1,1,2,29.0,2883,11.0,50.1,17.0,3,2.8,2.8,14.0,1,1,56.1,Average,Medium,2,0,3,2,58.0,0.0010402219140083217,1.87
LOC0441,Nagpur Central Park,6,17,9,21.193087,79.011736,1,45,22.0,1,1,0,1,1,0,0,0,0,95.2,2,1,0,1,1,1,1,1,2,3.0,1736,3.0,16.4,21.0,5,2.5,2.5,8.0,1,0,63.6,Average,Medium,2,1,2,2,6.0,0.0028785261945883708,15.9
LOC0442,Bhopal Central Park,6,2,8,23.315059,77.482343,1,3,3.0,1,0,0,0,1,0,0,1,0,80.8,2,1,0,0,0,0,1,1,1,24.0,1777,3.0,22.0,18.0,2,2.4,2.0,4.0,1,0,52.0,Poor,Medium,0,2,1,2,24.0,0.0011248593925759281,2.08
LOC0443,Mumbai Shopping Mall,5,15,9,18.994573,72.795483,0,5,5.0,3,1,1,1,0,0,0,1,0,97.5,0,1,2,1,1,0,1,1,2,10.0,19679,76.0,205.7,2.0,2,3.3,3.1,21.0,1,2,92.4,Excellent,Low,3,1,4,2,20.0,0.0001016260162601626,8.4
LOC0444,Guwahati Institute of Technology,2,7,1,26.121733,91.644048,1,14,10.0,2,1,0,0,1,1,0,1,0,76.4,1,1,0,1,1,1,0,1,0,14.0,1229,12.0,35.7,19.0,5,3.0,2.9,22.0,1,0,76.6,Good,Medium,1,3,2,1,0.0,0.0040650406504065045,5.1066666666666665
LOC0445,Patna District Office,3,19,2,25.444311,85.264566,1,38,16.0,1,0,1,1,0,0,1,0,1,86.3,0,0,1,1,0,0,1,1,1,38.0,2851,17.0,27.1,16.0,3,2.9,2.8,14.0,1,1,60.4,Average,Medium,4,0,2,2,38.0,0.0010518934081346423,1.5487179487179488
LOC0446,Thiruvananthapuram Degree College,2,23,7,8.490533,76.858809,0,34,18.0,3,1,1,1,0,0,0,0,1,99.5,2,1,0,1,1,0,0,1,1,15.0,2775,10.0,74.0,12.0,4,3.2,2.8,9.0,0,1,78.7,Good,Medium,4,0,2,1,15.0,0.001440922190201729,4.91875
LOC0447,Kolkata College of Engineering,2,13,14,22.558904,88.441297,1,14,4.0,3,0,0,1,0,0,0,0,1,96.4,0,1,0,1,0,0,0,1,0,14.0,3923,23.0,54.1,6.0,4,3.8,3.5,3.0,1,2,70.1,Average,Medium,2,0,2,1,0.0,0.0010193679918450561,4.673333333333333
LOC0448,Mumbai District Office,3,15,9,19.000208,72.736072,1,51,12.0,1,0,1,1,0,0,0,0,0,95.0,2,0,1,1,0,0,0,1,0,28.0,2559,7.0,31.3,12.0,2,3.0,3.1,7.0,0,0,34.5,Poor,High,2,0,2,1,0.0,0.00078125,1.1896551724137931
LOC0449,Thiruvananthapuram Junction,7,23,7,8.492295,77.019881,1,24,11.0,3,0,0,0,0,0,0,0,0,72.7,0,2,1,1,1,0,1,0,0,44.0,4244,18.0,81.9,10.0,1,1.4,1.4,0.0,1,2,26.2,Poor,High,0,0,4,1,0.0,0.00023557126030624264,0.5822222222222222
LOC0450,Thane Plaza Mall,5,22,9,19.100163,73.080811,0,13,11.0,5,1,1,1,0,1,1,0,1,97.6,0,0,2,1,1,1,0,0,0,15.0,16054,61.0,163.4,9.0,3,3.8,3.8,14.0,0,2,88.9,Good,Medium,5,1,3,0,0.0,0.00018685767673621924,5.55625
LOC0451,Coimbatore Degree College,2,5,11,10.874264,77.042049,0,50,25.0,2,0,0,0,1,0,0,0,0,72.2,2,1,0,1,1,0,0,0,2,36.0,2461,16.0,54.8,14.0,1,2.1,2.3,22.0,1,0,38.6,Poor,Medium,0,1,2,0,72.0,0.00040617384240454913,1.0432432432432432
LOC0452,Guwahati Collectorate Office,3,7,1,26.065947,91.674753,1,76,21.0,3,1,0,1,1,0,1,0,0,90.5,2,0,1,1,1,1,0,1,1,22.0,3050,12.0,49.2,18.0,3,1.7,1.6,13.0,1,0,47.2,Poor,High,3,1,2,1,22.0,0.0009832841691248771,2.0521739130434784
LOC0453,Patna Bus Stand,1,19,2,25.60246,85.136618,1,12,6.0,1,1,1,0,1,0,1,0,0,78.5,0,2,2,0,0,0,1,1,1,4.0,371,2.0,9.0,16.0,4,2.9,3.2,10.0,2,0,55.5,Average,Medium,3,1,4,2,4.0,0.010752688172043012,11.1
LOC0454,Chandigarh Multispeciality Hospital,4,3,3,30.672034,76.818857,0,20,20.0,3,1,1,1,0,0,1,1,0,93.2,1,0,0,1,1,1,1,1,2,10.0,1244,4.0,108.1,7.0,2,4.5,4.6,22.0,1,0,100.0,Excellent,Low,4,1,1,2,20.0,0.001606425702811245,9.090909090909092
LOC0455,Nashik City Centre Mall,5,18,9,19.985488,73.88573,1,21,13.0,6,1,1,1,0,1,0,0,0,90.9,1,0,0,1,0,0,1,1,0,26.0,17609,76.0,148.4,6.0,2,3.3,2.9,17.0,2,2,88.0,Good,Low,3,1,1,2,0.0,0.00011357183418512209,3.259259259259259
LOC0456,Thane Green Park,6,22,9,19.319555,72.918445,1,6,6.0,1,0,1,0,0,0,1,1,0,85.6,0,2,0,0,0,0,0,0,0,13.0,732,3.0,18.5,20.0,10,2.5,2.5,23.0,0,1,43.5,Poor,High,2,1,2,0,0.0,0.013642564802182811,3.107142857142857
LOC0457,Chandigarh Airport Terminal,0,3,3,30.668326,76.714174,1,20,4.0,2,1,1,1,0,0,1,1,0,85.6,1,2,2,1,0,1,1,1,2,10.0,7283,35.0,164.1,6.0,4,3.7,3.5,23.0,1,1,81.2,Good,Medium,4,1,5,2,20.0,0.0005491488193300384,7.381818181818182
LOC0458,Hyderabad Bus Depot,1,8,12,17.432127,78.631061,1,17,17.0,1,1,0,0,0,0,0,0,0,84.6,0,1,0,1,0,1,1,1,1,18.0,2791,6.0,19.2,21.0,4,2.2,2.1,21.0,1,0,55.1,Average,Medium,1,0,2,2,18.0,0.0014326647564469914,2.9
LOC0459,Delhi City Park,6,6,4,28.830228,77.001301,1,28,11.0,1,0,1,1,0,1,0,0,1,90.1,1,0,2,1,1,0,1,0,2,4.0,2406,8.0,16.5,16.0,3,2.7,2.7,8.0,2,0,67.1,Average,Medium,3,1,3,1,8.0,0.0012463647694225177,13.419999999999998
LOC0460,Nashik Shopping Mall,5,18,9,19.907147,73.651439,0,21,6.0,4,1,1,1,1,0,0,0,0,92.6,2,2,2,1,0,0,0,0,1,6.0,7881,36.0,129.4,6.0,1,3.5,3.5,10.0,0,2,69.4,Average,Medium,3,1,5,0,6.0,0.0001268713524486171,9.914285714285715
LOC0461,Kochi Municipal Office,3,12,7,9.886892,76.318254,1,49,22.0,1,0,0,1,0,1,0,1,0,82.5,2,2,0,0,0,0,1,0,0,38.0,4268,22.0,39.8,20.0,4,2.3,2.3,5.0,1,1,35.0,Poor,High,1,2,2,1,0.0,0.0009369875849144999,0.8974358974358975
LOC0462,Thane City Bus Stop,1,22,9,19.149179,73.058425,1,23,19.0,1,0,0,1,0,1,0,1,0,87.6,0,0,1,1,0,0,1,0,1,13.0,357,3.0,5.4,22.0,7,1.9,1.7,12.0,1,0,35.4,Poor,High,1,2,2,1,13.0,0.019553072625698324,2.5285714285714285
LOC0463,Nashik Public Garden,6,18,9,19.898198,73.650202,1,16,13.0,1,0,0,0,0,1,1,0,1,76.9,1,2,0,1,0,0,0,1,1,2.0,2071,6.0,14.7,16.0,2,2.8,2.7,11.0,1,2,66.8,Average,Medium,2,1,3,1,2.0,0.0009652509652509653,22.266666666666666
LOC0464,Pune City Centre Mall,5,20,9,18.618862,73.714474,0,7,6.0,4,0,0,1,0,0,1,1,1,96.9,1,0,2,1,0,0,1,1,2,41.0,12209,50.0,167.2,15.0,1,3.6,3.1,16.0,1,1,76.7,Good,Low,3,1,3,2,82.0,8.19000819000819e-05,1.8261904761904764
LOC0465,Chandigarh Airport Terminal,0,3,3,30.700021,76.833882,1,7,7.0,4,1,1,0,1,0,1,1,1,94.1,0,0,2,1,1,0,0,1,1,36.0,4904,20.0,204.8,14.0,2,4.1,4.2,8.0,0,2,98.3,Excellent,Low,4,2,3,1,36.0,0.00040774719673802244,2.6567567567567565
LOC0466,Ahmedabad Health Centre,4,0,5,22.898952,72.702773,1,19,19.0,5,1,1,0,0,0,1,0,0,82.7,2,0,2,1,1,1,1,1,2,37.0,4403,24.0,81.6,10.0,2,2.7,2.7,10.0,1,1,67.3,Average,Medium,3,0,3,2,74.0,0.00045413260672116256,1.7710526315789472
LOC0467,Thane Central Station,7,22,9,19.115503,73.123714,1,56,13.0,2,0,1,1,0,0,0,0,1,84.9,1,2,1,1,1,0,1,1,2,14.0,9129,43.0,82.9,12.0,7,3.1,2.9,10.0,1,1,53.4,Poor,High,3,0,4,2,28.0,0.0007667031763417306,3.56
LOC0468,Pune Medical Center,4,20,9,18.472798,73.934551,0,59,19.0,4,1,0,1,0,0,0,0,1,90.9,1,0,2,1,1,1,1,1,0,22.0,1025,8.0,113.0,7.0,5,3.0,3.8,11.0,1,0,64.5,Average,Medium,3,0,3,2,0.0,0.004873294346978557,2.8043478260869565
LOC0469,Chennai Railway Station,7,4,11,12.96707,80.361751,1,48,19.0,3,1,1,1,0,0,1,0,1,86.1,1,2,2,1,0,0,1,1,0,34.0,12808,45.0,88.8,21.0,7,2.9,2.9,17.0,2,0,54.1,Poor,High,5,0,5,2,0.0,0.0005464907486923258,1.5457142857142858
LOC0470,Nagpur College of Engineering,2,17,9,21.169882,78.990315,1,49,25.0,3,0,1,0,1,0,0,0,0,80.8,0,2,2,1,0,0,0,1,0,35.0,4156,15.0,46.6,14.0,4,1.8,1.6,6.0,0,1,41.3,Poor,High,1,1,5,1,0.0,0.0009622323791195574,1.1472222222222221
LOC0471,Chandigarh Green Park,6,3,3,30.725931,76.783932,1,18,16.0,1,0,1,1,0,1,0,1,0,84.9,0,1,0,1,1,1,1,1,1,18.0,2200,6.0,18.9,16.0,3,2.7,2.4,3.0,2,1,78.7,Good,Low,2,2,2,2,18.0,0.0013630168105406633,4.1421052631578945
LOC0472,Indore Plaza Mall,5,9,8,22.75355,75.721383,0,22,16.0,5,1,0,1,1,1,0,0,1,90.8,1,1,0,1,0,0,1,1,0,29.0,13226,53.0,167.2,12.0,1,3.7,3.9,12.0,1,2,98.7,Excellent,Low,3,2,2,2,0.0,7.560293339381567e-05,3.29
LOC0473,Jaipur Lake View Point,8,10,10,26.849115,75.725253,1,90,15.0,1,1,0,0,0,0,0,0,0,76.8,2,2,2,0,0,0,0,1,1,23.0,2750,11.0,26.0,21.0,4,2.5,2.3,19.0,1,2,28.8,Poor,High,1,0,4,1,23.0,0.0014540167211922936,1.2
LOC0474,Indore Domestic Airport,0,9,8,22.584369,75.834195,1,29,10.0,4,1,0,1,0,1,0,0,0,95.2,2,0,2,1,1,0,0,1,1,15.0,4303,15.0,163.8,7.0,2,3.3,3.6,16.0,1,1,62.7,Average,Medium,2,1,3,1,15.0,0.00046468401486988845,3.91875
LOC0475,Pune Railway Station,7,20,9,18.542022,73.846851,1,47,13.0,1,0,0,0,1,0,0,0,0,76.5,2,0,2,0,1,0,1,1,1,15.0,13441,51.0,81.3,13.0,6,3.3,3.4,12.0,1,2,46.7,Poor,High,0,1,2,2,15.0,0.0004463621484898081,2.91875
LOC0476,Nagpur Lake View Point,8,17,9,21.071673,79.100374,1,26,5.0,1,0,1,1,0,0,1,0,1,85.3,1,0,2,0,0,0,1,0,0,13.0,2952,3.0,38.5,20.0,8,2.4,2.3,0.0,0,0,56.0,Average,High,4,0,2,1,0.0,0.0027091093802912294,4.0
LOC0477,Kanpur Museum,8,11,13,26.496508,80.233812,1,164,44.0,1,0,0,0,0,1,0,0,1,75.9,2,1,2,0,0,0,0,1,0,3.0,2040,10.0,21.0,27.0,14,1.8,1.8,7.0,1,0,14.6,Poor,High,1,1,3,1,0.0,0.006859382655560999,3.65
LOC0478,Chandigarh Health Centre,4,3,3,30.636138,76.87177,0,49,22.0,2,1,1,0,1,1,1,0,1,82.8,0,1,2,1,0,0,0,0,0,16.0,988,10.0,77.9,8.0,4,2.2,2.6,15.0,1,1,76.5,Good,Medium,4,2,4,0,0.0,0.004044489383215369,4.5
LOC0479,Jaipur District Office,3,10,10,26.849108,75.804922,1,48,10.0,1,1,1,0,0,0,1,1,0,85.9,1,1,2,0,0,0,1,1,2,26.0,2425,13.0,43.5,14.0,9,2.8,2.6,4.0,2,1,70.2,Average,Medium,3,1,3,2,52.0,0.003709810387469085,2.6
LOC0480,Patna City Hospital,4,19,2,25.478672,85.190617,0,9,9.0,4,1,1,1,1,1,1,1,0,92.4,0,0,0,0,0,1,0,0,2,5.0,772,3.0,89.0,14.0,1,5.0,5.0,20.0,0,2,100.0,Excellent,Low,4,3,0,0,10.0,0.00129366106080207,16.666666666666668
LOC0481,Delhi Bus Depot,1,6,4,28.814734,76.997111,1,10,2.0,1,0,1,0,0,0,1,1,0,80.6,2,0,2,1,1,0,1,1,0,4.0,2160,2.0,10.6,18.0,5,2.7,2.5,5.0,0,0,46.8,Poor,High,2,1,3,2,0.0,0.0023137436372049976,9.36
LOC0482,Chennai Tehsil Office,3,4,11,13.171013,80.349146,1,46,20.0,3,0,0,0,0,0,0,0,0,72.4,0,2,2,0,0,0,1,1,1,25.0,4370,19.0,52.4,12.0,4,2.2,2.3,9.0,1,1,28.1,Poor,High,0,0,4,2,25.0,0.0009151223976206818,1.080769230769231
LOC0483,Chennai Tehsil Office,3,4,11,13.158677,80.323913,1,32,13.0,1,0,0,0,0,1,0,0,0,80.9,0,2,0,0,0,0,0,1,0,9.0,4977,21.0,42.0,21.0,7,2.6,2.7,3.0,1,2,38.2,Poor,High,0,1,2,1,0.0,0.0014061872237846524,3.8200000000000003
LOC0484,Thane Airport Terminal,0,22,9,19.225536,73.009877,0,19,19.0,4,1,0,1,1,0,1,1,1,85.9,0,2,2,1,0,1,1,1,2,10.0,12061,49.0,196.4,10.0,2,3.8,3.5,22.0,1,1,76.8,Good,Medium,4,2,5,2,20.0,0.000165809981760902,6.9818181818181815
LOC0485,Chandigarh Grand Mall,5,3,3,30.690178,76.876355,0,8,8.0,7,0,1,1,0,0,1,1,1,87.7,1,1,2,1,0,0,0,0,1,22.0,7720,32.0,124.0,11.0,2,2.9,3.1,2.0,1,1,87.4,Good,Low,4,1,4,0,22.0,0.00025903380391141046,3.8000000000000003
LOC0486,Mysuru Degree College,2,16,6,12.189061,76.659283,1,24,5.0,1,0,1,1,1,1,1,0,1,83.4,1,0,1,1,1,0,0,1,0,7.0,4629,23.0,50.3,18.0,3,3.1,2.9,4.0,1,0,72.9,Average,Medium,4,2,2,1,0.0,0.0006479481641468683,9.1125
LOC0487,Delhi City Hospital,4,6,4,28.835715,77.243934,1,26,6.0,7,0,1,1,0,0,1,0,0,93.7,0,2,2,1,1,0,0,1,0,9.0,3706,25.0,39.3,13.0,3,3.0,3.0,3.0,1,1,61.4,Average,Medium,3,0,5,1,0.0,0.0008092797410304828,6.14
LOC0488,Nagpur Degree College,2,17,9,21.210105,79.179111,1,57,26.0,2,1,0,1,1,0,1,0,0,93.5,0,0,1,1,0,1,0,1,0,7.0,3172,11.0,57.7,13.0,11,3.2,3.6,8.0,1,0,48.5,Poor,High,3,1,2,1,0.0,0.0034667507091080997,6.0625
LOC0489,Coimbatore City Park,6,5,11,11.131574,76.897687,1,47,8.0,1,1,0,0,1,0,1,0,0,89.3,1,0,2,1,0,0,1,1,0,23.0,2786,11.0,25.0,12.0,7,2.2,2.0,0.0,1,2,68.0,Average,Medium,2,1,3,2,0.0,0.002511661284535343,2.8333333333333335
LOC0490,Thane Government College,2,22,9,19.143428,72.982371,0,25,21.0,3,0,0,1,1,0,1,0,0,85.7,2,0,0,1,1,1,0,1,2,27.0,907,8.0,45.0,12.0,3,3.9,4.2,4.0,1,2,69.7,Average,Medium,2,1,1,1,54.0,0.003303964757709251,2.4892857142857143
LOC0491,Thiruvananthapuram Central Station,7,23,7,8.417033,77.064613,1,46,23.0,2,0,0,0,1,0,0,0,0,81.8,1,0,1,0,0,0,1,0,2,7.0,11941,41.0,99.6,14.0,2,2.7,2.7,20.0,1,1,43.8,Poor,High,0,1,1,1,14.0,0.00016747613465081226,5.475
LOC0492,Bhopal Junction,7,2,8,23.293875,77.389373,1,36,9.0,1,1,0,1,0,0,0,0,0,83.6,2,1,0,0,0,1,1,0,0,43.0,15484,63.0,107.8,14.0,5,2.7,3.1,5.0,1,0,46.0,Poor,High,2,0,1,1,0.0,0.00032289312237649337,1.0454545454545454
LOC0493,Coimbatore Central Station,7,5,11,10.95325,76.90022,1,74,21.0,1,1,0,0,0,0,0,0,0,80.8,2,1,2,1,0,1,1,1,0,8.0,8531,30.0,78.6,22.0,6,3.6,3.7,11.0,1,0,34.9,Poor,High,1,0,4,2,0.0,0.0007032348804500703,3.8777777777777778
LOC0494,Pune Tehsil Office,3,20,9,18.539494,73.845278,1,30,22.0,1,1,0,0,0,0,0,0,0,77.7,0,1,1,0,0,0,0,1,1,16.0,4211,15.0,44.8,17.0,4,2.3,2.5,22.0,1,0,35.6,Poor,High,1,0,2,1,16.0,0.000949667616334283,2.0941176470588236
LOC0495,Udaipur Plaza Mall,5,24,10,24.730082,73.748613,1,16,3.0,3,0,0,1,0,1,1,0,1,87.6,0,1,0,1,1,1,0,1,0,21.0,17304,69.0,133.6,15.0,5,3.7,3.5,15.0,1,2,75.2,Good,Medium,3,1,2,1,0.0,0.0002889338341519792,3.4181818181818184
LOC0496,Guwahati General Hospital,4,7,1,26.250011,91.815738,0,22,12.0,3,1,1,1,1,1,0,1,1,89.3,1,1,0,1,1,1,0,1,1,7.0,2762,12.0,81.9,13.0,3,3.2,3.3,16.0,0,2,100.0,Excellent,Low,4,3,2,1,7.0,0.0010857763300760044,12.5
LOC0497,Pune Institute of Technology,2,20,9,18.553818,73.759793,0,70,21.0,3,0,0,0,0,0,0,1,1,81.9,2,0,1,0,0,0,0,1,1,38.0,1026,5.0,60.5,15.0,6,2.3,2.5,8.0,1,1,24.9,Poor,High,1,1,1,1,38.0,0.005842259006815969,0.6384615384615384
LOC0498,Guwahati Bus Stand,1,7,1,26.003338,91.697893,1,20,14.0,1,0,0,1,0,1,0,0,0,86.3,0,0,2,1,0,0,1,1,0,24.0,2765,10.0,14.8,18.0,11,2.3,2.6,11.0,1,2,45.0,Poor,High,1,1,3,2,0.0,0.0039768618944323935,1.8
LOC0499,Bhopal Medical Center,4,2,8,23.175706,77.456418,1,24,11.0,7,0,1,1,0,0,1,0,1,80.0,1,1,2,0,0,0,0,0,1,29.0,1471,17.0,85.7,11.0,3,2.4,2.6,11.0,2,2,73.3,Average,Medium,4,0,3,0,29.0,0.0020380434782608695,2.4433333333333334
LOC0500,Pune College of Engineering,2,20,9,18.65532,73.985746,1,13,3.0,1,1,1,0,1,0,1,0,1,90.5,2,1,1,1,0,1,1,0,0,14.0,2587,17.0,45.9,22.0,5,3.8,3.7,9.0,2,1,62.6,Average,High,4,1,3,1,0.0,0.0019319938176197836,4.173333333333334
LOC0501,Kolkata Central Station,7,13,14,22.682455,88.270543,1,64,27.0,3,1,0,1,0,0,1,0,0,89.5,2,0,2,1,0,0,1,1,2,25.0,6726,30.0,79.5,10.0,5,1.3,1.4,6.0,1,0,39.7,Poor,High,3,0,3,2,50.0,0.0007432733759476735,1.526923076923077
LOC0502,Chandigarh Public Garden,6,3,3,30.861072,76.718717,1,28,15.0,1,1,1,0,0,0,0,0,1,75.4,2,0,0,1,0,0,0,1,2,14.0,726,2.0,19.1,23.0,5,3.6,3.6,20.0,0,2,62.3,Average,Medium,3,0,1,1,28.0,0.0068775790921595595,4.153333333333333
LOC0503,Delhi Central Park,6,6,4,28.819172,76.99798,1,5,5.0,1,0,1,0,0,0,0,0,0,79.9,0,0,2,0,1,1,1,0,1,15.0,733,4.0,20.6,8.0,1,2.3,2.4,18.0,0,0,50.7,Poor,Medium,1,0,2,1,15.0,0.0013623978201634877,3.16875
LOC0504,Thiruvananthapuram International Airport,0,23,7,8.673977,76.887949,1,1,1.0,4,1,1,1,0,1,0,0,1,90.1,2,0,0,1,0,1,1,1,0,18.0,4760,24.0,228.6,5.0,2,3.2,3.0,5.0,0,1,79.9,Good,Medium,4,1,1,2,0.0,0.0004200798151648813,4.205263157894737
LOC0505,Chennai City Centre Mall,5,4,11,12.942537,80.286149,0,20,17.0,6,1,1,1,0,0,0,1,1,90.8,1,1,0,0,0,0,1,0,0,7.0,10772,45.0,132.6,13.0,1,3.1,3.3,9.0,1,1,94.9,Excellent,Low,4,1,1,1,0.0,9.2824654228163e-05,11.8625
LOC0506,Pune Botanical Garden,8,20,9,18.541847,73.722435,1,23,9.0,1,0,0,1,0,0,1,0,0,89.0,1,0,1,1,0,0,1,1,1,7.0,764,2.0,18.8,12.0,5,2.6,2.6,19.0,1,0,46.1,Poor,High,2,0,2,2,7.0,0.006535947712418301,5.7625
LOC0507,Chennai Lake View Point,8,4,11,12.982036,80.226496,1,121,20.0,1,1,0,0,0,1,0,0,0,85.9,2,2,2,1,0,0,1,0,0,9.0,2017,4.0,30.9,20.0,10,1.9,1.7,16.0,1,0,13.8,Poor,High,1,1,5,1,0.0,0.004955401387512388,1.3800000000000001
LOC0508,Bhopal Lake View Point,8,2,8,23.181106,77.450781,1,133,34.0,1,0,1,0,0,0,0,0,0,73.5,2,2,2,1,1,1,1,0,1,19.0,1123,2.0,21.0,21.0,5,2.1,2.4,9.0,2,2,27.8,Poor,High,1,0,5,1,19.0,0.004448398576512456,1.3900000000000001
LOC0509,Nagpur Public Garden,6,17,9,21.018951,79.090205,1,35,5.0,1,0,0,0,0,0,0,0,1,73.0,0,0,2,1,0,0,0,1,1,12.0,1336,7.0,16.2,20.0,4,2.5,2.8,0.0,1,1,41.6,Poor,High,1,0,3,1,12.0,0.0029917726252804786,3.2
LOC0510,Udaipur Temple Complex,8,24,10,24.553359,73.735764,1,99,28.0,1,0,1,0,0,0,0,0,1,73.3,2,0,2,0,0,0,0,0,1,9.0,2534,10.0,29.2,16.0,5,1.1,1.1,14.0,1,2,34.8,Poor,High,2,0,2,0,9.0,0.0019723865877712033,3.4799999999999995
LOC0511,Mysuru City Park,6,16,6,12.395912,76.590151,1,50,20.0,1,0,0,1,0,0,0,1,0,92.0,1,1,1,1,0,1,0,1,2,9.0,348,2.0,20.4,15.0,6,2.4,2.5,23.0,1,0,46.2,Poor,High,1,1,3,1,18.0,0.017191977077363897,4.62
LOC0512,Thane Airport Terminal,0,22,9,19.105463,72.992142,1,6,6.0,6,1,1,1,1,0,0,0,1,99.5,1,0,1,1,0,1,0,0,0,37.0,7624,37.0,190.8,9.0,0,5.0,4.8,9.0,0,2,91.3,Excellent,Medium,4,1,2,0,0.0,0.0,2.4026315789473682
LOC0513,Chennai City Centre Mall,5,4,11,13.185585,80.165895,1,12,2.0,5,1,0,0,1,0,1,1,1,88.5,1,1,2,1,0,0,0,0,0,27.0,4992,14.0,94.8,13.0,4,3.5,3.5,1.0,1,2,85.1,Good,Medium,3,2,4,0,0.0,0.0008011215701982776,3.039285714285714
LOC0514,Kolkata District Office,3,13,14,22.458125,88.359116,1,66,30.0,1,0,0,1,1,1,0,1,1,77.6,0,0,1,1,0,0,1,1,2,23.0,2480,11.0,36.8,17.0,10,2.9,3.0,13.0,1,2,52.3,Poor,High,2,3,2,2,46.0,0.004030632809351068,2.1791666666666667
LOC0515,Chandigarh Municipal Office,3,3,3,30.715173,76.641993,1,13,12.0,3,1,0,1,0,0,0,0,1,90.5,2,1,2,1,0,0,0,0,2,18.0,3951,20.0,32.1,18.0,2,2.4,2.3,18.0,1,0,50.0,Poor,High,3,0,4,0,36.0,0.0005060728744939271,2.6315789473684212
LOC0516,Pune Tehsil Office,3,20,9,18.617078,73.840242,1,17,17.0,3,0,1,0,0,0,0,0,1,81.6,1,2,0,1,0,0,0,1,0,11.0,3030,4.0,37.9,16.0,5,3.2,3.0,23.0,1,1,57.7,Average,Medium,2,0,3,1,0.0,0.001649620587264929,4.808333333333334
LOC0517,Lucknow College of Engineering,2,14,13,26.901328,81.045482,1,32,14.0,1,1,1,0,0,0,0,0,0,85.2,2,1,1,1,0,0,1,1,0,17.0,1714,2.0,49.9,15.0,5,3.5,3.2,5.0,1,2,53.6,Poor,High,2,0,3,2,0.0,0.0029154518950437317,2.977777777777778
LOC0518,Hyderabad Public Garden,6,8,12,17.326828,78.547889,1,22,14.0,1,1,1,1,0,1,1,0,1,90.7,1,0,2,1,0,1,1,1,0,13.0,954,6.0,14.1,22.0,9,4.1,4.1,5.0,0,2,91.6,Excellent,Medium,5,1,3,2,0.0,0.009424083769633508,6.542857142857143
LOC0519,Udaipur Shopping Mall,5,24,10,24.444935,73.820016,0,15,5.0,3,0,1,1,1,1,1,1,0,87.8,2,0,1,1,1,0,1,1,2,17.0,11828,47.0,198.0,12.0,1,2.7,2.4,16.0,0,2,69.8,Average,Medium,3,3,2,2,34.0,8.453799983092401e-05,3.8777777777777778
LOC0520,Mumbai Multispeciality Hospital,4,15,9,19.215381,72.787986,1,41,20.0,2,1,1,1,1,1,0,0,1,101.0,1,0,2,1,1,1,0,0,2,23.0,1966,14.0,88.7,10.0,1,2.2,2.0,22.0,0,2,94.8,Excellent,Low,4,2,3,0,46.0,0.0005083884087442806,3.9499999999999997
LOC0521,Patna Airport Terminal,0,19,2,25.676584,85.14285,1,19,3.0,4,1,1,1,0,0,1,0,0,96.9,0,2,2,1,0,0,1,1,2,9.0,4327,24.0,126.6,11.0,1,3.9,4.4,23.0,0,1,71.1,Average,Medium,4,0,5,2,18.0,0.0002310536044362292,7.109999999999999
LOC0522,Jaipur Botanical Garden,8,10,10,26.944013,75.813822,1,42,10.0,1,1,0,1,1,0,0,0,0,96.2,2,0,1,1,0,1,0,1,2,9.0,2557,11.0,18.2,12.0,2,2.2,2.6,5.0,1,0,44.7,Poor,High,2,1,2,1,18.0,0.0007818608287724785,4.470000000000001
LOC0523,Pune Medical Center,4,20,9,18.403593,73.929694,0,40,9.0,4,1,0,1,0,1,0,0,1,102.8,0,1,2,1,0,0,0,1,0,12.0,3427,18.0,107.0,15.0,8,3.2,3.5,6.0,1,2,67.9,Average,High,3,1,4,1,0.0,0.002333722287047841,5.223076923076923
LOC0524,Mumbai City Bus Stop,1,15,9,19.017736,72.828614,1,12,12.0,1,0,1,1,0,1,0,0,0,89.2,1,0,1,0,0,0,1,0,2,9.0,1732,14.0,14.4,9.0,4,2.3,2.5,13.0,2,2,56.8,Average,Medium,2,1,1,1,18.0,0.002308136180034622,5.68
LOC0525,Patna Heritage Fort,8,19,2,25.728772,85.144373,1,86,15.0,1,1,0,0,0,0,0,0,0,78.0,1,1,0,0,0,0,1,0,0,3.0,2765,11.0,23.5,24.0,12,2.1,2.0,17.0,1,1,46.3,Poor,High,1,0,1,1,0.0,0.004338394793926247,11.575
LOC0526,Mumbai College of Engineering,2,15,9,19.08112,72.994376,1,41,9.0,2,0,1,0,1,1,1,0,0,72.3,2,0,1,1,0,0,0,1,1,13.0,1619,11.0,27.4,11.0,4,1.8,2.0,14.0,2,1,40.3,Poor,High,2,2,2,1,13.0,0.0024691358024691358,2.8785714285714286
LOC0527,Mysuru Central Park,6,16,6,12.169066,76.744533,0,49,15.0,1,1,0,0,0,0,1,0,1,79.0,2,0,1,0,0,1,1,0,1,19.0,634,6.0,17.5,12.0,2,3.6,3.7,17.0,1,2,48.4,Poor,High,3,0,1,1,19.0,0.0031496062992125984,2.42
LOC0528,Bengaluru Grand Mall,5,1,6,12.907754,77.725131,0,16,16.0,5,1,1,0,1,1,1,1,1,83.1,1,0,0,1,0,0,1,1,2,13.0,6056,25.0,142.9,11.0,0,3.5,3.9,21.0,0,1,100.0,Excellent,Low,4,3,1,2,26.0,0.0,7.142857142857143
LOC0529,Mumbai Medical Center,4,15,9,19.180541,72.855721,1,50,15.0,3,1,0,1,0,1,1,1,1,85.4,0,0,1,1,0,0,0,1,0,21.0,569,2.0,86.3,15.0,8,2.7,2.6,14.0,1,2,57.4,Average,High,4,2,2,1,0.0,0.014035087719298246,2.609090909090909
LOC0530,Visakhapatnam Central Station,7,25,0,17.658502,83.256644,1,82,31.0,1,0,0,0,0,1,0,0,0,76.0,2,1,1,0,1,0,1,0,2,11.0,9957,42.0,67.3,22.0,9,1.8,1.9,15.0,1,1,19.8,Poor,High,0,1,2,1,22.0,0.0009037959429604338,1.6500000000000001
LOC0531,Lucknow City Park,6,14,13,26.939867,80.872213,0,26,10.0,1,1,0,0,0,1,1,1,0,81.0,2,1,1,0,1,0,1,1,0,12.0,507,2.0,19.9,16.0,3,3.1,3.0,10.0,1,2,55.7,Average,High,2,2,2,2,0.0,0.005905511811023622,4.2846153846153845
LOC0532,Visakhapatnam Central Station,7,25,0,17.643869,83.329724,1,60,15.0,2,0,0,1,0,1,1,0,0,83.0,2,1,2,0,0,0,1,1,2,37.0,11254,49.0,51.3,18.0,4,2.6,2.9,15.0,1,1,45.2,Poor,High,2,1,3,2,74.0,0.00035539760106619283,1.1894736842105265
LOC0533,Nashik International Airport,0,18,9,19.963825,73.912786,1,3,3.0,5,1,1,1,0,0,1,0,1,97.3,1,1,2,1,1,1,0,0,0,8.0,17821,75.0,147.4,7.0,5,3.9,3.9,22.0,1,2,98.6,Excellent,Medium,5,0,4,0,0.0,0.0002805521265851195,10.955555555555556
LOC0534,Delhi Bus Stand,1,6,4,28.673594,76.992683,0,25,15.0,1,1,1,0,1,0,0,0,0,85.0,2,0,2,0,0,0,1,0,2,23.0,952,2.0,13.5,22.0,4,3.3,3.6,23.0,2,2,54.2,Poor,High,2,1,2,1,46.0,0.004197271773347324,2.2583333333333333
LOC0535,Jaipur Railway Station,7,10,10,26.839854,75.675893,1,35,19.0,2,0,0,0,0,0,0,0,0,73.0,0,0,1,1,0,0,0,0,1,28.0,5647,21.0,68.1,5.0,5,2.4,2.2,5.0,1,0,23.6,Poor,High,0,0,2,0,28.0,0.0008852691218130312,0.8137931034482759
LOC0536,Bengaluru Junction,7,1,6,12.973067,77.528416,1,34,5.0,2,0,0,0,1,0,1,0,0,81.5,0,2,1,0,0,0,1,1,2,38.0,9205,30.0,69.9,14.0,4,3.3,3.2,4.0,1,1,37.9,Poor,High,1,1,3,2,76.0,0.00043449923962633063,0.9717948717948718
LOC0537,Guwahati Lake View Point,8,7,1,26.137609,91.643153,0,42,10.0,1,1,0,0,0,0,0,0,0,75.3,0,0,1,0,0,0,1,1,1,8.0,2617,11.0,28.0,15.0,5,2.3,2.4,23.0,1,0,31.4,Poor,High,1,0,1,2,8.0,0.0019098548510313217,3.488888888888889
LOC0538,Visakhapatnam City Bus Stop,1,25,0,17.811585,83.079112,1,38,15.0,1,1,0,0,1,0,1,0,0,89.5,0,2,1,1,0,1,0,0,2,17.0,495,5.0,12.5,20.0,4,2.4,2.1,23.0,1,2,44.6,Poor,High,2,1,4,0,34.0,0.008064516129032258,2.477777777777778
LOC0539,Visakhapatnam District Office,3,25,0,17.662063,83.359168,0,80,31.0,3,0,0,0,1,0,1,0,0,75.8,1,1,1,0,1,1,1,0,1,28.0,4786,22.0,54.1,15.0,1,3.0,3.1,7.0,1,2,63.7,Average,Medium,1,1,2,1,28.0,0.00020889910173386254,2.1965517241379313
LOC0540,Indore International Airport,0,9,8,22.625598,75.840161,1,7,7.0,5,1,1,1,0,1,1,1,1,105.2,2,0,2,1,0,1,0,1,0,27.0,9237,34.0,196.5,12.0,2,3.8,3.4,23.0,0,2,82.9,Good,Medium,5,2,3,1,0.0,0.00021649707728945658,2.960714285714286
LOC0541,Thane Institute of Technology,2,22,9,19.366581,72.943387,0,31,20.0,3,1,1,1,0,0,0,0,0,94.9,0,1,2,1,1,1,0,1,0,5.0,651,8.0,54.7,17.0,5,4.0,4.3,5.0,1,2,82.9,Good,Medium,3,0,4,1,0.0,0.007668711656441718,13.816666666666668
LOC0542,Lucknow Medical Center,4,14,13,26.967178,80.842919,0,3,3.0,4,1,1,1,1,0,0,0,0,100.7,1,0,2,1,1,0,0,1,2,28.0,1584,11.0,105.5,10.0,1,3.9,4.1,10.0,1,2,100.0,Excellent,Low,3,1,3,1,56.0,0.0006309148264984228,3.4482758620689653
LOC0543,Kanpur Museum,8,11,13,26.457045,80.197639,1,126,22.0,1,0,0,0,0,0,0,0,0,74.4,2,2,0,1,0,0,1,1,0,19.0,1090,2.0,25.5,24.0,10,2.1,2.4,8.0,1,1,12.5,Poor,High,0,0,3,2,0.0,0.00916590284142988,0.625
LOC0544,Thane Junction,7,22,9,19.153292,72.945117,1,26,16.0,2,0,0,1,0,1,0,0,1,83.8,0,0,0,1,1,0,1,0,1,23.0,10085,36.0,101.4,12.0,5,2.3,2.1,6.0,1,0,56.4,Average,Medium,2,1,1,1,23.0,0.00049573666468372,2.35
LOC0545,Bengaluru Railway Station,7,1,6,12.961966,77.456699,1,86,14.0,3,1,0,0,0,0,0,0,1,72.6,0,0,2,1,0,0,1,0,0,20.0,14841,62.0,107.1,16.0,6,1.9,1.5,2.0,1,1,38.0,Poor,High,2,0,3,1,0.0,0.00040425818622827114,1.8095238095238095
LOC0546,Nagpur Shopping Mall,5,17,9,21.029201,79.234441,1,18,14.0,4,1,1,1,0,1,0,0,1,101.8,1,2,0,1,0,1,1,1,2,42.0,4639,9.0,71.4,13.0,2,3.0,3.3,19.0,1,2,92.5,Excellent,Low,4,1,3,2,84.0,0.0004310344827586207,2.1511627906976742
LOC0547,Nagpur Green Park,6,17,9,21.208219,79.02835,1,28,20.0,1,1,0,1,0,1,0,0,0,92.1,1,2,1,0,1,1,0,1,1,10.0,723,5.0,10.5,16.0,6,2.7,2.8,1.0,1,0,52.2,Poor,High,2,1,3,1,10.0,0.008287292817679558,4.745454545454546
LOC0548,Jaipur Heritage Fort,8,10,10,26.852184,75.77004,1,183,46.0,1,0,0,0,1,1,0,0,0,66.0,0,2,2,0,0,0,1,1,1,21.0,1090,8.0,21.5,21.0,6,1.0,1.0,11.0,1,1,28.4,Poor,High,0,2,4,2,21.0,0.005499541704857928,1.2909090909090908
LOC0549,Bhopal Airport Terminal,0,2,8,23.263494,77.419339,0,18,8.0,5,1,1,1,0,1,1,1,1,87.1,0,1,1,1,0,0,1,1,2,22.0,11949,45.0,286.3,1.0,0,2.6,2.3,1.0,2,2,83.9,Good,Medium,5,2,3,2,44.0,0.0,3.6478260869565218
LOC0550,Pune City Park,6,20,9,18.383263,73.823806,1,20,20.0,1,1,1,1,1,0,0,0,1,99.0,0,1,1,1,1,0,0,1,1,4.0,2933,7.0,23.2,17.0,4,2.0,2.1,13.0,1,1,79.0,Good,Medium,4,1,3,1,4.0,0.0013633265167007499,15.8
LOC0551,Surat Medical Center,4,21,5,21.076782,72.97145,0,18,7.0,7,1,0,1,0,0,0,0,1,93.7,2,0,2,1,1,0,1,1,0,17.0,2475,14.0,159.4,6.0,3,3.4,3.8,19.0,1,2,62.4,Average,Medium,3,0,3,2,0.0,0.0012116316639741518,3.466666666666667
LOC0552,Thane International Airport,0,22,9,19.0834,72.88662,0,22,18.0,6,0,1,1,1,1,1,0,1,97.0,0,0,0,1,0,0,1,0,0,39.0,12570,55.0,260.7,1.0,2,3.0,3.4,0.0,2,2,86.8,Good,Low,4,2,1,1,0.0,0.00015909633282952827,2.17
LOC0553,Delhi Public Garden,6,6,4,28.842152,77.223707,1,32,19.0,1,0,0,0,0,0,0,1,0,71.7,2,0,2,1,1,0,0,1,2,3.0,2376,6.0,24.9,10.0,5,2.0,2.0,1.0,1,1,35.0,Poor,High,0,1,3,1,6.0,0.002103491796381994,8.75
LOC0554,Kanpur Government College,2,11,13,26.525326,80.327989,1,63,16.0,3,1,0,0,0,1,1,1,0,86.4,2,0,2,0,0,1,1,0,2,33.0,2173,5.0,41.3,20.0,2,2.8,3.0,7.0,1,2,56.1,Average,Medium,2,2,2,1,66.0,0.0009199632014719411,1.6500000000000001
LOC0555,Ahmedabad Degree College,2,0,5,23.094889,72.482563,0,57,17.0,3,0,1,1,1,0,1,1,0,83.1,2,1,2,1,1,0,1,1,1,36.0,939,11.0,52.5,13.0,3,2.4,2.5,15.0,1,0,66.5,Average,Medium,3,2,4,2,36.0,0.0031914893617021275,1.7972972972972974
LOC0556,Thane Railway Station,7,22,9,19.143714,72.930797,1,16,16.0,3,1,0,0,0,1,0,0,0,79.9,2,0,0,0,1,0,1,1,2,5.0,18807,74.0,114.2,9.0,5,2.4,2.3,21.0,1,0,46.3,Poor,High,1,1,0,2,10.0,0.0002658443215652914,7.716666666666666
LOC0557,Bhopal Domestic Airport,0,2,8,23.246286,77.284636,1,29,8.0,6,0,0,0,0,1,1,0,1,80.9,1,0,2,0,0,0,1,1,2,23.0,15978,76.0,143.0,9.0,2,3.5,3.7,1.0,1,1,65.8,Average,Medium,2,1,2,2,46.0,0.00012516427811502597,2.7416666666666667
LOC0558,Visakhapatnam Airport Terminal,0,25,0,17.768566,83.074666,1,28,19.0,5,1,1,1,1,1,0,1,1,96.3,1,0,2,1,0,0,1,1,0,15.0,10518,48.0,217.8,4.0,1,3.5,3.3,9.0,1,2,100.0,Excellent,Medium,4,3,3,2,0.0,9.50660709192889e-05,6.25
LOC0559,Kanpur Tehsil Office,3,11,13,26.514587,80.437437,1,52,8.0,2,1,0,0,0,0,0,1,0,87.9,2,0,2,1,0,0,1,1,1,19.0,3004,13.0,33.1,17.0,3,2.7,3.0,3.0,1,0,42.0,Poor,High,1,1,3,2,19.0,0.0009983361064891847,2.1
LOC0560,Kanpur City Centre Mall,5,11,13,26.464777,80.341966,0,2,0.0,7,1,1,1,1,1,0,1,1,90.3,2,0,2,0,0,0,1,0,0,16.0,4739,26.0,135.5,2.0,2,3.3,3.6,15.0,1,2,86.1,Good,Medium,4,3,2,1,0.0,0.0004219409282700422,5.064705882352941
LOC0561,Surat College of Engineering,2,21,5,21.210562,72.972048,1,55,25.0,3,1,0,1,1,1,0,1,0,98.3,1,0,1,1,0,1,0,1,0,12.0,2010,7.0,33.2,20.0,7,2.4,2.2,3.0,1,0,60.2,Average,High,2,3,2,1,0.0,0.0034808552958727,4.630769230769231
LOC0562,Kochi Degree College,2,12,7,9.860425,76.321862,1,45,11.0,3,0,1,0,0,0,0,0,1,75.4,0,1,0,1,1,0,1,1,2,14.0,663,2.0,44.5,19.0,3,3.7,4.0,12.0,1,2,75.0,Good,Low,2,0,2,2,28.0,0.004518072289156626,5.0
LOC0563,Guwahati Airport Terminal,0,7,1,26.192348,91.823936,0,23,12.0,7,1,1,1,0,1,1,0,1,96.4,1,0,0,1,1,1,0,0,0,6.0,18455,82.0,227.7,9.0,7,4.0,4.1,20.0,1,2,100.0,Excellent,Medium,5,1,1,0,0.0,0.00037928045080190727,14.285714285714286
LOC0564,Indore Heritage Fort,8,9,8,22.772391,75.942432,1,137,27.0,1,1,0,0,1,0,1,0,1,77.1,0,0,1,1,0,0,1,1,2,9.0,1021,5.0,27.5,11.0,7,3.0,2.7,20.0,1,0,43.8,Poor,High,3,1,2,2,18.0,0.00684931506849315,4.38
LOC0565,Delhi Domestic Airport,0,6,4,28.702682,77.184222,0,2,2.0,4,1,1,1,0,1,1,1,0,90.0,0,2,2,1,1,1,1,1,2,15.0,3461,20.0,133.2,11.0,3,2.6,2.2,20.0,0,2,84.1,Good,Medium,4,2,5,2,30.0,0.0008665511265164644,5.25625
LOC0566,Udaipur Railway Station,7,24,10,24.453866,73.678758,1,19,5.0,2,1,1,0,0,1,1,1,0,86.3,2,1,1,1,0,1,1,0,2,19.0,16964,68.0,117.7,10.0,2,4.1,3.6,17.0,2,1,62.9,Average,Medium,3,2,3,1,38.0,0.00011788977306218685,3.145
LOC0567,Chennai City Bus Stop,1,4,11,13.115564,80.187404,1,26,23.0,1,0,0,0,0,0,0,0,0,76.2,0,0,2,1,1,0,0,1,0,15.0,978,2.0,11.3,19.0,7,2.0,2.1,18.0,1,0,28.0,Poor,High,0,0,3,1,0.0,0.007150153217568948,1.75
LOC0568,Surat Central Station,7,21,5,21.279121,72.929895,1,34,24.0,3,0,0,1,0,0,1,1,0,76.3,0,0,2,0,0,0,1,1,0,44.0,10527,45.0,82.7,11.0,3,2.8,2.7,10.0,1,1,51.8,Poor,High,2,1,2,2,0.0,0.0002849544072948328,1.151111111111111
LOC0569,Nagpur Shopping Mall,5,17,9,21.254332,79.079745,0,10,10.0,5,1,1,1,1,0,1,1,1,94.1,1,0,0,0,0,0,1,1,0,33.0,16829,63.0,150.6,8.0,1,4.4,4.3,3.0,0,1,100.0,Excellent,Low,5,2,0,2,0.0,5.9417706476530004e-05,2.9411764705882355
LOC0570,Bengaluru Airport Terminal,0,1,6,13.001932,77.673895,1,20,3.0,5,1,1,0,0,1,1,1,1,86.7,1,1,2,0,0,0,1,0,2,18.0,6555,33.0,123.5,9.0,1,3.8,3.9,14.0,2,2,90.9,Excellent,Low,4,2,3,1,36.0,0.0001525320317266626,4.78421052631579
LOC0571,Ahmedabad Institute of Technology,2,0,5,23.027557,72.65512,1,59,23.0,1,0,1,0,0,0,0,1,0,71.7,0,1,2,1,0,1,1,1,2,22.0,3132,12.0,60.2,22.0,4,2.2,2.0,2.0,0,1,53.0,Poor,High,1,1,4,2,44.0,0.0012767315671879987,2.3043478260869565
LOC0572,Jaipur Public Garden,6,10,10,26.770125,75.645562,1,43,24.0,1,0,0,0,0,0,0,0,0,81.6,0,2,2,1,0,1,1,0,1,4.0,2482,6.0,24.6,6.0,5,2.0,2.0,5.0,1,1,33.5,Poor,High,0,0,5,1,4.0,0.002013693113169553,6.7
LOC0573,Indore Airport Terminal,0,9,8,22.607947,75.793229,1,6,6.0,7,1,1,1,1,1,1,1,1,108.4,2,0,2,1,0,0,1,1,2,37.0,14387,61.0,168.9,11.0,0,4.6,5.0,13.0,1,1,97.7,Excellent,Medium,5,3,3,2,74.0,0.0,2.5710526315789473
LOC0574,Jaipur Degree College,2,10,10,26.866588,75.928479,0,17,15.0,3,1,1,0,1,0,1,0,0,80.6,0,0,0,1,0,1,0,0,2,35.0,4216,16.0,46.6,12.0,1,2.8,2.8,3.0,1,2,88.3,Good,Low,3,1,1,0,70.0,0.00023713540431586437,2.4527777777777775
LOC0575,Bhopal Degree College,2,2,8,23.383551,77.376078,0,23,13.0,3,1,0,1,1,0,0,0,0,97.7,0,0,2,0,0,0,0,1,2,7.0,4689,22.0,61.7,19.0,2,2.2,2.1,0.0,1,2,68.6,Average,Medium,2,1,2,1,14.0,0.00042643923240938164,8.575
LOC0576,Udaipur Shopping Mall,5,24,10,24.565809,73.789084,0,5,5.0,5,1,1,1,1,1,1,1,1,93.6,1,1,2,1,1,1,1,0,0,32.0,12472,51.0,180.6,7.0,3,3.2,3.1,20.0,1,2,100.0,Excellent,Medium,5,3,4,1,0.0,0.00024051952216788263,3.0303030303030303
LOC0577,Guwahati International Airport,0,7,1,26.190695,91.718213,0,27,16.0,6,1,1,1,0,0,1,0,0,89.7,1,0,0,1,0,1,1,1,2,10.0,4075,21.0,190.3,9.0,1,3.5,3.4,7.0,0,2,95.4,Excellent,Low,4,0,1,2,20.0,0.0002453385672227674,8.672727272727274
LOC0578,Kolkata City Park,6,13,14,22.593863,88.331177,1,13,9.0,1,1,0,0,1,0,1,0,0,93.0,0,1,2,0,0,0,0,1,1,14.0,2018,8.0,22.1,23.0,3,2.0,1.9,1.0,1,0,63.3,Average,Medium,2,1,3,1,14.0,0.0014858841010401188,4.22
LOC0579,Mumbai Lake View Point,8,15,9,19.086832,72.802023,0,114,22.0,1,0,0,0,0,0,0,0,0,74.0,2,2,2,1,0,0,0,0,1,9.0,1070,7.0,25.4,21.0,9,2.8,2.8,13.0,1,0,5.1,Poor,High,0,0,5,0,9.0,0.008403361344537815,0.51
LOC0580,Coimbatore Government College,2,5,11,11.019575,76.908912,1,53,20.0,3,0,1,1,1,1,1,0,0,83.9,1,0,1,1,1,0,0,1,1,25.0,3532,11.0,56.1,13.0,0,3.1,2.8,5.0,0,2,82.3,Good,Medium,3,2,2,1,25.0,0.0,3.1653846153846152
LOC0581,Visakhapatnam Heritage Fort,8,25,0,17.621241,83.225767,1,32,24.0,1,1,0,0,0,0,1,0,0,91.0,0,0,1,0,0,0,1,1,1,10.0,2513,10.0,17.6,17.0,4,3.9,3.7,4.0,1,0,49.5,Poor,High,2,0,1,2,10.0,0.0015910898965791568,4.5
LOC0582,Coimbatore Medical Center,4,5,11,11.115062,77.049199,1,39,17.0,7,1,1,0,1,0,1,0,0,84.9,1,1,2,1,1,1,0,1,2,35.0,2513,14.0,62.0,14.0,4,4.1,4.5,20.0,0,1,88.5,Good,Medium,3,1,4,1,70.0,0.0015910898965791568,2.4583333333333335
LOC0583,Jaipur General Hospital,4,10,10,26.95467,75.911641,1,40,15.0,2,1,1,1,1,1,0,0,0,94.8,0,0,0,1,0,0,0,1,2,34.0,4051,20.0,84.1,13.0,2,2.0,2.1,6.0,0,2,87.5,Good,Low,3,2,1,1,68.0,0.0004935834155972359,2.5
LOC0584,Guwahati Collectorate Office,3,7,1,26.082767,91.743582,1,70,20.0,2,0,1,0,0,0,1,0,1,71.2,0,2,0,0,0,0,1,1,1,22.0,2664,3.0,36.4,13.0,5,2.8,2.7,10.0,1,1,52.6,Poor,High,3,0,2,2,22.0,0.001876172607879925,2.2869565217391306
LOC0585,Bengaluru City Park,6,1,6,13.068306,77.607363,1,32,9.0,1,0,1,1,0,1,0,0,1,98.0,2,1,2,0,0,0,0,1,0,18.0,2062,6.0,19.1,24.0,7,2.1,2.4,8.0,2,1,46.5,Poor,High,3,1,3,1,0.0,0.0033931168201648087,2.4473684210526314
LOC0586,Lucknow Bus Depot,1,14,13,26.920362,80.796762,1,11,11.0,1,0,0,0,0,0,0,0,0,75.3,1,0,0,1,1,0,1,0,0,15.0,1419,2.0,12.1,24.0,9,2.3,2.1,15.0,1,2,52.4,Poor,High,0,0,1,1,0.0,0.006338028169014085,3.275
LOC0587,Chandigarh Bus Stand,1,3,3,30.801126,76.669863,1,37,6.0,1,0,1,0,0,0,1,0,0,75.3,2,1,2,0,1,1,1,0,0,20.0,1414,7.0,15.4,16.0,8,2.6,2.8,21.0,0,2,47.5,Poor,High,2,0,3,1,0.0,0.005653710247349823,2.261904761904762
LOC0588,Lucknow Domestic Airport,0,14,13,26.8056,81.042259,1,3,1.0,3,1,1,1,1,1,1,0,0,98.6,2,0,0,1,1,1,1,1,2,16.0,15406,66.0,194.1,3.0,2,3.3,3.3,2.0,1,1,98.8,Excellent,Low,4,2,1,2,32.0,0.0001298111248133965,5.811764705882353
LOC0589,Surat Government College,2,21,5,21.254196,72.91132,1,65,13.0,1,0,1,0,0,1,1,1,0,81.0,1,0,1,1,0,0,1,0,1,29.0,2090,4.0,37.2,20.0,4,2.0,2.2,8.0,0,2,62.2,Average,Medium,2,2,2,1,29.0,0.001912960306073649,2.0733333333333333
LOC0590,Bengaluru City Centre Mall,5,1,6,12.965243,77.669691,0,22,18.0,2,1,1,0,0,1,1,0,0,89.2,0,1,2,1,1,0,1,0,1,7.0,13311,55.0,180.1,1.0,1,2.6,2.8,16.0,1,2,87.0,Good,Low,3,1,4,1,7.0,7.512019230769231e-05,10.875
LOC0591,Ahmedabad Railway Station,7,0,5,23.099782,72.446793,1,72,21.0,2,1,1,1,0,0,0,0,0,97.8,0,1,0,1,0,0,1,1,1,38.0,16060,71.0,124.9,17.0,5,2.4,2.8,14.0,0,0,68.1,Average,Medium,3,0,2,2,38.0,0.0003113131187348235,1.746153846153846
LOC0592,Surat Temple Complex,8,21,5,21.28821,72.74249,1,199,50.0,1,0,0,0,0,0,0,0,0,61.0,0,0,0,0,0,0,0,1,1,23.0,2347,10.0,22.1,26.0,16,1.0,1.0,23.0,1,1,20.2,Poor,High,0,0,0,1,23.0,0.0068143100511073255,0.8416666666666667
LOC0593,Hyderabad Central Station,7,8,12,17.524379,78.625669,1,17,17.0,3,1,1,1,0,0,1,0,1,90.3,1,1,2,1,0,0,1,1,0,9.0,13942,55.0,88.5,18.0,5,2.8,2.6,14.0,2,2,85.1,Good,Medium,5,0,4,2,0.0,0.0003586028831671807,8.51
LOC0594,Kanpur Multispeciality Hospital,4,11,13,26.570651,80.338009,0,15,15.0,2,1,1,1,1,1,1,0,0,90.1,1,0,2,1,1,0,1,1,1,22.0,4849,25.0,109.8,11.0,3,2.6,2.4,1.0,1,2,100.0,Excellent,Low,4,2,3,2,22.0,0.0006185567010309278,4.3478260869565215
LOC0595,Surat Multispeciality Hospital,4,21,5,21.272347,72.810251,0,23,15.0,7,1,1,1,1,1,1,1,1,93.2,2,0,0,1,0,0,1,0,0,25.0,4693,20.0,116.8,12.0,6,2.9,2.6,18.0,1,2,90.8,Excellent,Medium,5,3,1,1,0.0,0.0012782275244993609,3.4923076923076923
LOC0596,Indore Railway Station,7,9,8,22.633711,75.985003,1,43,11.0,1,0,1,0,1,0,0,0,0,68.7,2,2,1,1,0,1,1,0,0,7.0,15445,64.0,100.6,16.0,10,2.7,2.7,12.0,1,1,24.0,Poor,High,1,1,4,1,0.0,0.0006474168069403081,3.0
LOC0597,Visakhapatnam City Park,6,25,0,17.816801,83.260918,1,3,2.0,1,0,0,0,0,0,0,0,0,69.1,2,2,1,0,1,0,1,0,2,6.0,2384,5.0,17.4,13.0,4,3.6,3.8,1.0,1,1,20.7,Poor,High,0,0,3,1,12.0,0.0016771488469601676,2.957142857142857
LOC0598,Udaipur Medical Center,4,24,10,24.565792,73.587188,1,29,13.0,4,1,0,1,0,0,1,1,1,96.3,0,1,0,1,0,1,1,0,2,22.0,4339,26.0,77.9,12.0,1,2.3,2.4,3.0,1,1,84.2,Good,Low,4,1,2,1,44.0,0.0002304147465437788,3.6608695652173915
LOC0599,Patna Public Garden,6,19,2,25.501564,85.14318,1,26,5.0,1,0,1,1,0,0,0,0,0,86.7,1,2,2,0,0,0,1,1,1,4.0,801,2.0,21.5,23.0,6,3.1,2.9,20.0,2,1,48.7,Poor,High,2,0,4,2,4.0,0.007481296758104738,9.74
LOC0600,Ahmedabad Airport Terminal,0,0,5,23.077773,72.61025,1,27,4.0,3,1,1,1,1,0,1,0,1,101.5,0,1,2,1,0,0,0,1,1,40.0,19689,81.0,286.5,10.0,3,3.7,3.8,18.0,1,1,94.6,Excellent,Low,5,1,4,1,40.0,0.00015236160487557134,2.3073170731707315
LOC0601,Chandigarh Degree College,2,3,3,30.706081,76.690367,1,16,11.0,3,1,1,0,0,0,0,1,0,77.1,1,1,0,0,0,0,1,1,0,30.0,3104,10.0,56.8,17.0,7,3.0,3.1,14.0,2,2,75.3,Good,Medium,2,1,1,2,0.0,0.0022544283413848632,2.429032258064516
LOC0602,Nagpur Plaza Mall,5,17,9,21.222625,78.986674,0,9,9.0,6,0,1,1,0,0,1,1,1,90.1,1,0,1,1,0,0,1,0,0,42.0,4557,17.0,162.1,10.0,1,3.2,3.2,21.0,1,2,78.8,Good,Medium,4,1,2,1,0.0,0.00021939447125932427,1.8325581395348836
LOC0603,Delhi Degree College,2,6,4,28.744134,77.160473,1,43,13.0,3,1,1,0,0,1,0,0,0,79.7,1,2,2,1,0,0,1,0,1,36.0,871,5.0,34.7,14.0,6,2.6,2.7,6.0,0,1,60.3,Average,Medium,2,1,5,1,36.0,0.006880733944954129,1.6297297297297297
LOC0604,Thiruvananthapuram Botanical Garden,8,23,7,8.429201,76.912553,1,41,9.0,1,1,0,0,0,0,1,0,0,84.2,0,0,2,1,0,1,1,1,2,20.0,821,5.0,26.3,17.0,3,2.3,1.8,17.0,1,0,48.2,Poor,Medium,2,0,3,2,40.0,0.0036496350364963502,2.2952380952380955
LOC0605,Mysuru Plaza Mall,5,16,6,12.287308,76.74074,0,24,10.0,2,1,1,1,1,1,1,0,0,93.2,1,2,0,1,0,0,1,1,2,40.0,15614,62.0,122.4,7.0,3,2.6,2.3,12.0,1,1,95.4,Excellent,Low,4,2,3,2,80.0,0.00019212295869356388,2.326829268292683
LOC0606,Udaipur General Hospital,4,24,10,24.507872,73.582334,1,13,13.0,5,1,1,1,0,1,0,0,1,82.4,2,0,0,1,0,0,1,1,2,38.0,2349,7.0,85.9,7.0,1,3.4,3.5,21.0,1,1,78.0,Good,Low,4,1,1,2,76.0,0.000425531914893617,2.0
LOC0607,Bengaluru City Centre Mall,5,1,6,13.098616,77.591588,0,25,5.0,7,1,1,1,0,0,1,1,1,93.0,1,1,1,1,1,0,1,1,2,11.0,7147,26.0,148.3,5.0,0,3.9,3.6,4.0,0,2,100.0,Excellent,Medium,5,1,3,2,22.0,0.0,8.333333333333334
LOC0608,Kanpur Government College,2,11,13,26.550721,80.254315,1,53,17.0,1,1,0,0,1,0,0,1,1,81.6,2,2,1,1,0,0,0,1,1,36.0,3699,17.0,44.3,24.0,5,3.1,3.4,5.0,1,0,32.7,Poor,High,2,2,4,1,36.0,0.0013513513513513514,0.8837837837837839
LOC0609,Indore Central Station,7,9,8,22.686532,75.951229,1,68,27.0,1,0,0,1,1,0,1,0,1,79.7,2,2,2,0,0,1,1,1,0,9.0,10910,43.0,71.7,23.0,8,2.6,2.9,8.0,1,1,34.1,Poor,High,3,1,4,2,0.0,0.0007332050224544038,3.41
LOC0610,Chennai Institute of Technology,2,4,11,13.224726,80.149178,0,60,23.0,1,1,0,0,0,0,0,0,1,82.6,2,0,2,1,1,0,1,1,0,16.0,2890,16.0,43.0,16.0,5,3.8,3.7,0.0,1,2,50.6,Poor,High,2,0,3,2,0.0,0.0017295053614666206,2.976470588235294
LOC0611,Indore City Bus Stop,1,9,8,22.669863,75.820714,1,40,21.0,1,0,0,0,0,0,0,0,0,75.7,1,0,2,0,0,0,1,0,2,16.0,239,2.0,6.8,19.0,4,2.5,2.0,21.0,1,0,36.2,Poor,High,0,0,2,1,32.0,0.016666666666666666,2.1294117647058823
LOC0612,Coimbatore Railway Station,7,5,11,10.944232,76.843595,1,78,32.0,2,0,1,0,0,0,1,0,1,72.7,2,0,0,0,0,0,1,1,1,31.0,19870,80.0,104.0,16.0,6,3.1,3.3,12.0,0,1,48.3,Poor,High,3,0,0,2,31.0,0.0003019475617734387,1.509375
LOC0613,Chennai Museum,8,4,11,13.145236,80.413725,1,37,7.0,1,0,1,1,1,1,0,1,1,82.4,0,0,2,1,1,0,1,1,1,23.0,2169,11.0,25.0,12.0,2,2.4,2.6,10.0,0,1,79.0,Good,Low,3,3,3,2,23.0,0.0009216589861751152,3.2916666666666665
LOC0614,Chennai Domestic Airport,0,4,11,13.218091,80.381097,0,24,5.0,3,1,1,1,0,1,1,1,0,91.7,0,2,0,1,1,1,1,0,1,44.0,15923,68.0,191.1,1.0,1,3.4,3.5,9.0,1,2,98.7,Excellent,Low,4,2,3,1,44.0,6.279829188646068e-05,2.1933333333333334
LOC0615,Jaipur Domestic Airport,0,10,10,27.054737,75.827529,1,12,12.0,5,1,1,0,0,0,1,0,1,80.2,1,1,0,1,1,1,1,0,2,44.0,10083,48.0,164.5,4.0,0,3.1,3.2,11.0,1,2,100.0,Excellent,Low,4,0,2,1,88.0,0.0,2.2222222222222223
LOC0616,Thane College of Engineering,2,22,9,19.253717,72.929943,1,21,19.0,3,1,0,1,0,1,1,1,0,102.1,2,0,2,1,0,0,1,0,0,24.0,4916,18.0,51.7,26.0,8,3.4,3.3,22.0,1,1,56.2,Average,High,3,2,3,1,0.0,0.0016270083384177345,2.248
LOC0617,Udaipur City Hospital,4,24,10,24.481468,73.76331,1,23,20.0,7,1,1,0,0,0,0,1,0,92.1,1,2,0,1,1,1,1,0,2,16.0,2624,12.0,68.6,10.0,0,1.6,1.7,17.0,1,2,83.7,Good,Low,2,1,3,1,32.0,0.0,4.923529411764706
LOC0618,Kochi Museum,8,12,7,10.010518,76.12718,1,112,32.0,1,0,0,0,0,0,0,0,1,60.4,0,2,1,0,0,0,1,1,2,22.0,642,9.0,17.4,13.0,7,1.5,1.7,3.0,1,0,7.5,Poor,High,1,0,3,2,44.0,0.01088646967340591,0.32608695652173914
LOC0619,Nagpur Government College,2,17,9,21.19753,79.0625,0,70,28.0,2,0,1,1,1,0,1,0,1,83.9,1,1,1,1,0,0,0,1,1,29.0,2935,12.0,45.9,20.0,5,2.6,2.9,16.0,1,2,75.6,Good,Medium,4,1,3,1,29.0,0.0017029972752043597,2.52
LOC0620,Surat Degree College,2,21,5,21.08736,72.977975,0,32,20.0,1,0,0,0,0,1,1,0,0,71.7,0,1,0,1,1,0,0,1,2,29.0,3898,8.0,60.0,11.0,2,2.6,2.3,1.0,1,2,66.0,Average,Low,1,1,2,1,58.0,0.0005129520389843549,2.2
LOC0621,Nagpur Railway Station,7,17,9,21.192548,78.95385,1,33,15.0,3,1,0,0,1,0,0,0,0,84.1,0,0,1,1,1,0,1,1,0,10.0,19051,80.0,119.4,18.0,6,3.2,3.1,17.0,1,0,41.6,Poor,High,1,1,2,2,0.0,0.0003149275666596683,3.7818181818181817
LOC0622,Udaipur Grand Mall,5,24,10,24.563009,73.777493,0,8,8.0,2,1,1,1,1,0,1,1,1,94.9,0,0,1,1,0,0,1,1,2,8.0,9724,36.0,123.4,6.0,1,2.7,2.6,10.0,2,2,85.2,Good,Medium,5,2,2,2,16.0,0.00010282776349614396,9.466666666666667
LOC0623,Mysuru Multispeciality Hospital,4,16,6,12.147947,76.560868,0,11,11.0,2,1,1,1,1,1,1,0,1,100.0,0,1,1,0,1,0,0,0,0,26.0,1019,8.0,107.8,5.0,1,3.4,3.2,16.0,1,2,92.3,Excellent,Medium,5,2,2,0,0.0,0.000980392156862745,3.4185185185185185
LOC0624,Kolkata Plaza Mall,5,13,14,22.509882,88.491455,0,25,20.0,4,1,0,1,1,0,0,0,1,94.3,2,1,1,1,1,1,1,1,0,39.0,13975,61.0,195.5,6.0,6,4.1,4.2,0.0,1,2,68.8,Average,High,3,1,3,2,0.0,0.0004293073840870063,1.72
LOC0625,Delhi Tehsil Office,3,6,4,28.70689,77.225634,1,45,20.0,2,1,0,0,0,1,0,0,1,90.3,0,0,2,1,0,0,1,1,1,32.0,2412,14.0,52.8,11.0,3,3.1,2.9,11.0,1,0,58.6,Average,Medium,2,1,3,2,32.0,0.0012432656444260257,1.7757575757575759
LOC0626,Jaipur Temple Complex,8,10,10,26.965626,75.823452,1,131,35.0,1,0,0,1,0,0,0,0,0,84.1,2,0,1,0,0,0,1,0,0,17.0,403,2.0,19.9,25.0,7,1.7,1.8,6.0,1,0,6.3,Poor,High,1,0,1,1,0.0,0.017326732673267328,0.35
LOC0627,Thane Public Garden,6,22,9,19.155205,72.829715,1,16,3.0,1,0,1,1,0,1,0,0,1,93.4,2,0,1,1,0,1,0,1,0,8.0,2675,10.0,29.4,14.0,7,2.9,2.8,3.0,2,0,38.1,Poor,High,3,1,2,1,0.0,0.002615844544095665,4.233333333333333
LOC0628,Udaipur City Hospital,4,24,10,24.558573,73.784363,0,15,12.0,5,0,0,1,1,0,1,1,1,85.8,0,0,2,1,0,0,1,0,0,39.0,1997,2.0,70.7,19.0,3,3.9,4.0,7.0,1,2,70.6,Average,Medium,3,2,3,1,0.0,0.0015015015015015015,1.765
LOC0629,Indore Museum,8,9,8,22.655163,75.846686,0,87,16.0,1,0,1,1,0,0,0,0,0,92.9,0,0,2,1,1,0,1,0,1,12.0,2471,7.0,36.7,6.0,8,2.5,2.3,11.0,1,2,62.2,Average,Medium,2,0,3,1,12.0,0.003236245954692557,4.7846153846153845
LOC0630,Kochi Degree College,2,12,7,9.905443,76.193336,1,39,23.0,2,0,0,1,1,0,0,1,1,82.0,0,2,1,1,1,0,0,1,0,35.0,1419,6.0,20.8,11.0,4,3.1,3.1,18.0,1,0,36.7,Poor,High,2,2,4,1,0.0,0.0028169014084507044,1.0194444444444446
LOC0631,Chennai Shopping Mall,5,4,11,13.081582,80.272022,0,1,1.0,5,1,0,0,0,0,1,0,1,96.4,2,0,2,1,0,0,1,1,2,26.0,18262,79.0,114.5,13.0,3,3.6,3.7,23.0,1,2,62.9,Average,Medium,3,0,3,2,52.0,0.00016426654985489788,2.3296296296296295
LOC0632,Coimbatore Health Centre,4,5,11,11.129746,76.831838,1,5,5.0,5,1,0,1,0,0,1,1,1,92.7,0,0,0,1,1,0,1,1,0,19.0,2729,18.0,137.6,4.0,2,4.1,4.1,11.0,1,1,87.0,Good,Low,4,1,1,2,0.0,0.0007326007326007326,4.35
LOC0633,Ahmedabad Degree College,2,0,5,23.154378,72.655753,0,45,26.0,3,0,1,1,1,0,0,0,0,94.0,0,1,2,1,0,1,0,1,0,18.0,665,2.0,43.6,14.0,6,2.7,2.6,7.0,1,2,72.1,Average,Medium,2,1,4,1,0.0,0.009009009009009009,3.7947368421052627
LOC0634,Chandigarh Airport Terminal,0,3,3,30.839438,76.840167,0,10,2.0,6,1,1,1,1,0,1,0,1,95.0,1,2,0,1,1,0,1,0,2,15.0,13006,63.0,261.0,1.0,2,4.5,4.8,13.0,1,2,100.0,Excellent,Low,5,1,3,1,30.0,0.0001537633581917429,6.25
LOC0635,Udaipur Domestic Airport,0,24,10,24.597836,73.593393,1,11,11.0,7,1,1,1,1,1,0,1,1,99.3,1,0,0,1,1,0,0,1,1,33.0,13276,58.0,214.9,7.0,1,4.7,4.7,18.0,1,1,100.0,Excellent,Low,4,3,1,1,33.0,7.531821947729155e-05,2.9411764705882355
LOC0636,Chennai Green Park,6,4,11,13.107161,80.254416,1,38,9.0,1,1,0,1,1,0,0,0,0,97.8,0,0,2,0,0,1,0,1,1,17.0,1410,12.0,15.5,16.0,1,2.5,2.3,9.0,1,0,61.5,Average,Medium,2,1,2,1,17.0,0.0007087172218284905,3.4166666666666665
LOC0637,Thiruvananthapuram Tehsil Office,3,23,7,8.447537,76.862142,1,31,13.0,3,0,1,0,0,1,0,0,0,83.2,1,0,2,1,1,0,1,1,1,17.0,3645,18.0,27.5,18.0,7,3.2,3.7,13.0,2,2,65.6,Average,Medium,1,1,3,2,17.0,0.0019199122325836533,3.644444444444444
LOC0638,Nashik City Park,6,18,9,20.068413,73.719025,0,40,15.0,1,0,0,0,0,0,0,0,0,72.0,2,1,2,0,0,0,0,1,2,4.0,1260,7.0,24.0,9.0,4,3.0,2.6,16.0,1,0,24.9,Poor,High,0,0,3,1,8.0,0.0031720856463124504,4.9799999999999995
LOC0639,Thiruvananthapuram International Airport,0,23,7,8.595117,76.966847,0,12,12.0,2,1,1,1,0,0,0,1,1,90.1,1,1,2,1,0,0,1,0,2,41.0,12628,55.0,249.6,4.0,0,4.6,4.7,13.0,0,2,100.0,Excellent,Low,4,1,4,1,82.0,0.0,2.380952380952381
LOC0640,Nashik Medical Center,4,18,9,19.858861,73.71462,1,49,12.0,7,1,1,1,0,0,1,0,1,88.2,1,1,2,1,0,0,1,0,0,38.0,4815,25.0,99.8,9.0,2,3.9,3.9,19.0,1,2,90.0,Excellent,Medium,5,0,4,1,0.0,0.0004152823920265781,2.3076923076923075
LOC0641,Udaipur Junction,7,24,10,24.507861,73.745161,1,12,12.0,1,0,1,0,0,0,0,1,1,72.3,1,2,0,1,1,0,1,1,0,13.0,15602,62.0,107.8,13.0,3,2.1,2.0,17.0,0,2,64.3,Average,Medium,2,1,3,2,0.0,0.00019227071716977504,4.5928571428571425
LOC0642,Hyderabad General Hospital,4,8,12,17.405242,78.627209,1,12,12.0,5,1,1,1,1,1,0,0,0,89.6,2,1,0,1,1,1,1,1,0,31.0,4063,18.0,87.2,12.0,5,3.8,3.6,19.0,1,2,89.2,Good,Medium,3,2,2,2,0.0,0.0012303149606299212,2.7875
LOC0643,Ahmedabad Museum,8,0,5,22.970589,72.630166,1,83,31.0,1,1,1,1,1,0,1,0,0,93.6,0,1,0,0,0,0,1,1,1,12.0,551,2.0,21.3,22.0,6,2.0,1.7,8.0,0,1,81.2,Good,Low,4,1,1,2,12.0,0.010869565217391304,6.246153846153846
LOC0644,Chennai International Airport,0,4,11,13.019032,80.229029,1,4,4.0,6,1,1,1,1,1,0,0,0,96.4,0,1,0,1,1,0,1,1,0,8.0,14652,71.0,202.9,10.0,5,2.9,2.6,19.0,1,2,98.0,Excellent,Medium,3,2,2,2,0.0,0.00034122705248072066,10.88888888888889
LOC0645,Chandigarh Junction,7,3,3,30.839401,76.840382,1,65,22.0,2,0,0,1,0,0,0,1,0,88.0,0,2,2,0,0,1,1,0,0,13.0,19711,76.0,130.2,13.0,8,3.3,3.3,18.0,1,2,36.0,Poor,High,1,1,4,1,0.0,0.00040584415584415587,2.5714285714285716
LOC0646,Indore Railway Station,7,9,8,22.576502,75.778351,1,32,23.0,3,1,1,1,0,1,0,1,0,100.4,0,2,1,1,1,0,1,1,1,42.0,3360,13.0,81.5,10.0,2,3.0,2.7,15.0,0,0,61.8,Average,Medium,3,2,4,2,42.0,0.0005950609937518596,1.4372093023255814
LOC0647,Nashik City Park,6,18,9,19.979636,73.778811,0,35,17.0,1,1,0,1,0,0,1,1,0,98.1,0,0,2,1,0,0,1,1,1,15.0,1762,2.0,26.8,19.0,8,2.7,3.2,20.0,1,0,58.7,Average,Medium,3,1,3,2,15.0,0.0045377197958026095,3.66875
LOC0648,Patna City Centre Mall,5,19,2,25.529316,85.041161,0,7,1.0,3,1,1,1,1,1,0,0,1,87.4,2,2,2,1,1,0,0,1,2,23.0,7892,23.0,175.4,10.0,1,3.7,4.2,11.0,1,2,79.0,Good,Medium,4,2,5,1,46.0,0.00012669453946534905,3.2916666666666665
LOC0649,Thiruvananthapuram City Park,6,23,7,8.534335,77.02674,1,23,15.0,1,0,0,1,0,0,1,0,1,98.1,2,0,2,1,1,0,1,0,2,21.0,1289,2.0,17.6,17.0,3,2.5,2.0,3.0,1,1,53.5,Poor,High,3,0,3,1,42.0,0.002325581395348837,2.4318181818181817
LOC0650,Bhopal Heritage Fort,8,2,8,23.378343,77.43929,1,177,44.0,1,1,1,0,0,1,1,0,0,74.5,1,2,2,1,0,0,0,0,2,14.0,1442,2.0,20.4,21.0,5,2.1,2.2,1.0,0,1,55.0,Average,Medium,3,1,5,0,28.0,0.003465003465003465,3.6666666666666665
LOC0651,Mumbai Medical Center,4,15,9,18.965558,72.890658,1,56,15.0,6,0,1,1,1,0,0,0,1,88.7,1,0,1,1,0,1,1,1,1,9.0,4248,17.0,81.0,16.0,3,3.2,3.7,20.0,1,1,70.3,Average,Medium,3,1,2,2,9.0,0.0007060484819957637,7.029999999999999
LOC0652,Ahmedabad Domestic Airport,0,0,5,23.14763,72.564822,0,29,15.0,5,1,1,1,1,1,1,0,0,98.8,2,1,0,1,0,0,1,1,2,33.0,10855,44.0,227.7,7.0,1,3.1,3.4,2.0,1,2,99.5,Excellent,Low,4,2,2,2,66.0,9.211495946941784e-05,2.926470588235294
LOC0653,Mysuru City Hospital,4,16,6,12.171418,76.592687,0,6,6.0,3,1,1,1,1,1,1,1,1,92.2,0,0,0,1,0,0,1,0,0,17.0,3604,24.0,125.8,11.0,6,4.1,3.8,6.0,0,2,100.0,Excellent,Medium,5,3,1,1,0.0,0.001664355062413315,5.555555555555555
LOC0654,Bhopal Junction,7,2,8,23.407528,77.391331,1,28,20.0,1,0,0,0,0,0,0,0,0,80.2,2,0,2,1,0,0,1,1,2,21.0,5756,22.0,58.5,12.0,5,2.7,2.2,22.0,1,1,31.5,Poor,High,0,0,3,2,42.0,0.0008685079034219212,1.4318181818181819
LOC0655,Surat Airport Terminal,0,21,5,21.16054,72.692363,1,6,6.0,7,0,1,1,0,0,0,0,1,88.9,1,0,1,1,0,0,0,1,2,10.0,17641,72.0,228.3,3.0,2,4.5,4.7,3.0,1,2,76.0,Good,Medium,3,0,2,1,20.0,0.00011336583153837434,6.909090909090909
LOC0656,Surat Institute of Technology,2,21,5,21.187885,72.964074,1,7,7.0,2,1,1,0,0,0,0,0,0,91.4,1,1,2,1,0,0,1,1,1,37.0,3491,18.0,36.8,17.0,5,3.1,3.4,16.0,1,2,85.7,Good,Medium,2,0,4,2,37.0,0.0014318442153493699,2.255263157894737
LOC0657,Jaipur Collectorate Office,3,10,10,26.83842,75.872971,1,58,9.0,3,1,1,0,1,0,0,0,0,75.5,2,1,1,1,0,0,0,0,1,14.0,3087,9.0,26.0,14.0,4,1.4,1.7,9.0,2,0,37.3,Poor,High,2,1,3,0,14.0,0.0012953367875647669,2.4866666666666664
LOC0658,Bengaluru Collectorate Office,3,1,6,12.837808,77.569331,1,38,12.0,2,0,1,1,0,0,1,0,0,77.4,0,0,2,0,0,0,1,0,2,11.0,2099,2.0,37.4,18.0,4,3.0,2.6,5.0,2,1,53.4,Poor,High,3,0,2,1,22.0,0.0019047619047619048,4.45
LOC0659,Mumbai Public Garden,6,15,9,19.168358,72.782599,1,46,26.0,1,0,0,0,1,0,0,1,0,78.2,0,2,0,0,0,0,0,0,1,19.0,389,4.0,14.7,20.0,9,2.2,2.2,21.0,1,1,38.1,Poor,High,0,2,2,0,19.0,0.023076923076923078,1.905
LOC0660,Lucknow Tehsil Office,3,14,13,26.745493,80.804346,1,31,18.0,2,0,1,0,1,1,1,0,0,74.6,0,2,1,1,0,0,1,1,2,23.0,3275,15.0,44.9,17.0,3,2.4,2.7,7.0,0,0,41.4,Poor,High,2,2,4,2,46.0,0.0009157509157509158,1.7249999999999999
LOC0661,Kochi City Centre Mall,5,12,7,10.017727,76.368783,0,14,6.0,6,1,1,1,1,0,1,1,1,87.8,2,2,0,1,1,0,1,1,0,39.0,3442,20.0,93.7,17.0,3,3.7,3.6,9.0,1,1,81.5,Good,Medium,5,2,3,2,0.0,0.0008713331397037467,2.0375
LOC0662,Nagpur District Office,3,17,9,21.143377,79.014624,1,29,9.0,2,0,0,0,0,0,0,0,0,78.9,1,2,1,0,1,0,1,1,2,35.0,1594,2.0,37.7,11.0,3,1.8,1.8,3.0,1,0,28.3,Poor,High,0,0,3,2,70.0,0.0018808777429467085,0.7861111111111111
LOC0663,Thiruvananthapuram Lake View Point,8,23,7,8.575082,76.957235,1,63,25.0,1,1,1,1,0,0,1,1,1,92.9,0,1,2,0,1,1,1,1,0,3.0,1937,2.0,31.5,19.0,12,1.7,1.7,8.0,1,2,78.3,Good,Medium,5,1,3,2,0.0,0.006191950464396285,19.575
LOC0664,Kochi Health Centre,4,12,7,10.075658,76.20274,0,3,3.0,4,0,1,1,0,1,0,0,0,93.0,1,2,0,1,0,0,1,0,1,24.0,904,7.0,109.5,6.0,1,3.4,3.5,10.0,0,1,78.2,Good,Low,2,1,3,1,24.0,0.0011049723756906078,3.128
LOC0665,Pune International Airport,0,20,9,18.534662,73.992771,1,14,14.0,2,1,1,1,1,1,1,1,1,90.5,1,1,2,1,1,1,0,0,2,44.0,12800,53.0,186.2,5.0,1,3.4,3.7,5.0,1,2,100.0,Excellent,Low,5,3,4,0,88.0,7.81188969611749e-05,2.2222222222222223
LOC0666,Kochi International Airport,0,12,7,9.933877,76.297865,1,1,1.0,2,1,1,1,1,0,1,1,1,96.4,1,2,2,1,1,0,1,1,1,33.0,9188,42.0,179.2,9.0,0,3.6,3.2,14.0,0,1,100.0,Excellent,Medium,5,2,5,2,33.0,0.0,2.9411764705882355
LOC0667,Chandigarh Shopping Mall,5,3,3,30.811245,76.768255,0,20,15.0,4,1,1,1,0,0,0,0,1,98.6,1,2,2,1,0,0,1,1,0,43.0,18777,74.0,161.0,8.0,4,2.0,1.9,17.0,1,1,70.2,Average,High,4,0,5,2,0.0,0.0002130152305889871,1.5954545454545455
LOC0668,Chennai Government College,2,4,11,13.181214,80.406099,0,30,12.0,3,0,0,1,0,1,1,1,0,90.9,0,0,2,1,0,0,1,0,2,8.0,1533,4.0,48.8,16.0,1,2.5,3.0,16.0,1,1,62.7,Average,Medium,2,2,3,1,16.0,0.000651890482398957,6.966666666666667
LOC0669,Ahmedabad Government College,2,0,5,23.147051,72.42477,0,70,18.0,1,0,1,0,1,0,1,0,1,73.4,2,2,1,1,1,0,1,0,2,25.0,2918,3.0,60.3,17.0,4,3.0,2.4,10.0,2,0,27.0,Poor,High,3,1,4,1,50.0,0.0013703323055841042,1.0384615384615385
LOC0670,Nagpur Health Centre,4,17,9,21.099412,79.156686,1,56,18.0,5,0,1,1,0,0,1,0,1,86.1,1,2,0,1,1,0,0,1,0,15.0,547,4.0,63.6,14.0,3,3.0,2.8,3.0,1,1,71.5,Average,Medium,4,0,3,1,0.0,0.005474452554744526,4.46875
LOC0671,Thiruvananthapuram Government College,2,23,7,8.432378,76.851452,1,51,23.0,2,0,0,1,0,1,0,0,1,90.1,2,0,1,1,0,0,1,1,2,19.0,2290,8.0,31.7,17.0,7,2.9,3.1,6.0,1,2,42.1,Poor,High,2,1,2,2,38.0,0.0030554343081623746,2.105
LOC0672,Coimbatore Municipal Office,3,5,11,10.986557,76.881678,1,51,23.0,3,0,1,1,0,0,0,0,1,87.0,0,0,1,1,1,1,1,0,2,14.0,992,5.0,26.0,13.0,2,3.3,2.9,4.0,0,2,60.2,Average,Medium,3,0,2,1,28.0,0.002014098690835851,4.013333333333334
LOC0673,Thane Lake View Point,8,22,9,19.327507,72.999432,0,101,25.0,1,1,1,0,0,0,1,0,0,83.5,0,2,1,1,1,0,0,1,0,22.0,1668,6.0,36.9,14.0,5,2.2,2.3,10.0,0,0,33.5,Poor,High,3,0,4,1,0.0,0.0029958058717795086,1.4565217391304348
LOC0674,Udaipur Heritage Fort,8,24,10,24.647615,73.639808,1,27,19.0,1,0,1,0,0,0,0,1,1,76.0,0,2,2,1,0,0,0,0,2,20.0,516,2.0,20.9,15.0,4,1.8,1.8,20.0,2,0,32.5,Poor,High,2,1,5,0,40.0,0.007736943907156673,1.5476190476190477
LOC0675,Indore Plaza Mall,5,9,8,22.700438,75.987413,0,10,3.0,4,1,1,1,1,0,1,1,1,96.0,1,1,2,1,1,0,1,1,2,8.0,19207,73.0,237.0,7.0,1,4.5,4.1,6.0,1,2,100.0,Excellent,Low,5,2,4,2,16.0,5.2061640982923784e-05,11.11111111111111
LOC0676,Udaipur Bus Depot,1,24,10,24.623034,73.783162,1,2,2.0,1,0,0,1,0,0,1,0,0,90.0,2,0,1,0,1,0,1,0,0,20.0,1818,5.0,12.8,26.0,6,2.0,2.2,21.0,1,1,31.5,Poor,High,2,0,1,1,0.0,0.003298515667949423,1.5
LOC0677,Bhopal Airport Terminal,0,2,8,23.29259,77.524989,1,28,23.0,4,1,1,1,1,0,1,1,1,95.1,1,0,0,1,1,0,0,1,0,40.0,8653,39.0,160.8,13.0,4,2.9,3.1,21.0,0,2,100.0,Excellent,Medium,5,2,1,1,0.0,0.00046221400508435407,2.4390243902439024
LOC0678,Patna District Office,3,19,2,25.658582,85.109545,1,61,16.0,2,0,1,0,0,0,0,0,0,70.3,0,0,1,1,1,0,0,1,2,23.0,1890,8.0,33.2,20.0,4,2.6,2.4,15.0,2,1,32.4,Poor,High,1,0,2,1,46.0,0.0021152829190904283,1.3499999999999999
LOC0679,Lucknow International Airport,0,14,13,26.896378,80.934728,0,20,18.0,6,1,1,1,0,0,0,0,1,88.9,2,1,0,1,0,1,1,1,0,40.0,19446,87.0,235.4,4.0,6,4.1,4.3,12.0,2,2,72.8,Average,Medium,4,0,2,2,0.0,0.00030853087879878646,1.775609756097561
LOC0680,Kanpur Airport Terminal,0,11,13,26.458882,80.276424,1,15,6.0,7,0,1,1,1,0,0,1,1,103.0,1,0,2,1,0,1,0,1,1,21.0,10469,44.0,204.3,5.0,3,1.7,1.4,3.0,0,1,85.1,Good,Low,3,2,3,1,21.0,0.00028653295128939826,3.8681818181818177
LOC0681,Surat Degree College,2,21,5,21.039622,72.695237,1,11,11.0,3,1,0,1,1,0,1,0,1,88.5,2,0,2,1,1,0,1,0,2,6.0,3706,16.0,50.3,19.0,4,1.8,1.8,6.0,1,2,67.0,Average,Medium,4,1,3,1,12.0,0.0010790396547073105,9.571428571428571
LOC0682,Kanpur Junction,7,11,13,26.328323,80.320503,1,56,25.0,3,1,0,0,0,1,1,0,0,73.9,0,2,2,1,0,0,1,0,2,20.0,17292,66.0,112.5,10.0,5,1.8,1.8,2.0,1,0,37.1,Poor,High,2,1,5,1,40.0,0.0002891343318105592,1.7666666666666668
LOC0683,Udaipur Institute of Technology,2,24,10,24.690856,73.660115,0,42,8.0,3,1,1,1,0,0,1,1,0,92.1,2,1,0,1,0,0,0,1,0,19.0,3878,17.0,68.3,15.0,3,3.1,3.0,11.0,1,2,82.7,Good,Medium,4,1,2,1,0.0,0.0007733952049497294,4.135
LOC0684,Visakhapatnam Bus Depot,1,25,0,17.54082,83.14688,1,6,6.0,1,0,0,1,0,0,0,0,1,92.0,2,0,1,0,1,0,1,0,2,22.0,2676,9.0,18.8,20.0,7,2.8,2.7,4.0,1,1,37.2,Poor,High,2,0,1,1,44.0,0.002614867388868136,1.6173913043478263
LOC0685,Bengaluru Temple Complex,8,1,6,12.9238,77.541427,1,171,40.0,1,0,0,0,0,1,0,0,0,71.2,2,2,0,1,0,0,0,1,0,9.0,947,2.0,23.5,23.0,9,1.5,1.5,6.0,1,0,8.5,Poor,High,0,1,3,1,0.0,0.00949367088607595,0.85
LOC0686,Thane Municipal Office,3,22,9,19.07309,73.010838,1,29,22.0,3,0,0,1,0,0,1,0,0,81.4,2,1,1,0,0,0,1,1,2,30.0,2172,9.0,28.9,16.0,4,3.6,3.8,15.0,1,2,43.3,Poor,High,2,0,2,2,60.0,0.0018407731247123793,1.396774193548387
LOC0687,Chandigarh Lake View Point,8,3,3,30.597498,76.652808,1,132,31.0,1,0,1,0,0,1,0,0,0,77.7,2,0,1,0,0,0,1,1,0,21.0,1732,3.0,31.3,20.0,13,1.8,1.9,3.0,1,1,21.6,Poor,High,1,1,1,2,0.0,0.0075014425851125215,0.9818181818181819
LOC0688,Indore Central Station,7,9,8,22.694764,75.982712,1,85,20.0,3,0,0,0,0,1,0,0,1,77.3,0,1,2,0,0,1,1,1,0,12.0,17621,70.0,111.3,8.0,7,1.4,1.8,12.0,1,0,32.5,Poor,High,1,1,3,2,0.0,0.000397230734309386,2.5
LOC0689,Kanpur Bus Depot,1,11,13,26.437866,80.258465,1,23,18.0,1,1,0,0,0,0,0,0,0,83.4,2,1,2,1,0,0,1,1,1,18.0,469,2.0,10.0,15.0,8,3.0,3.1,14.0,1,2,50.2,Poor,High,1,0,4,2,18.0,0.01702127659574468,2.642105263157895
LOC0690,Lucknow International Airport,0,14,13,26.784611,80.848823,0,29,15.0,4,1,1,1,1,0,1,1,1,102.8,0,1,2,1,1,0,0,0,1,33.0,7123,33.0,141.3,9.0,1,3.5,3.8,15.0,0,2,100.0,Excellent,Low,5,2,4,0,33.0,0.00014037057832678272,2.9411764705882355
LOC0691,Kolkata Junction,7,13,14,22.500603,88.471796,1,37,22.0,3,0,0,1,0,0,1,0,1,89.3,1,0,1,1,1,0,1,1,0,34.0,4832,22.0,72.5,22.0,13,2.5,2.6,23.0,1,0,37.0,Poor,High,3,0,2,2,0.0,0.0026898406786674944,1.0571428571428572
LOC0692,Bengaluru Health Centre,4,1,6,12.925966,77.511152,1,41,12.0,2,1,1,1,0,0,1,0,0,97.7,1,2,0,1,1,0,1,1,0,37.0,2399,12.0,67.9,17.0,6,2.4,2.1,16.0,1,2,81.8,Good,Medium,4,0,3,2,0.0,0.0025,2.1526315789473682
LOC0693,Mysuru City Centre Mall,5,16,6,12.279164,76.519172,0,12,7.0,3,0,1,0,1,0,1,1,1,82.5,1,1,1,1,0,1,1,1,1,15.0,18394,72.0,197.7,2.0,1,3.9,3.5,14.0,0,0,79.9,Good,Medium,3,2,3,2,15.0,5.436259853220984e-05,4.99375
LOC0694,Jaipur Collectorate Office,3,10,10,26.916508,75.786535,1,70,13.0,1,1,0,1,1,0,0,0,0,92.2,0,0,2,1,0,1,0,0,1,24.0,3062,10.0,35.7,20.0,5,2.8,2.3,18.0,1,0,54.9,Poor,High,2,1,3,0,24.0,0.001632386549134835,2.1959999999999997
LOC0695,Bhopal Medical Center,4,2,8,23.290161,77.51347,0,52,25.0,7,0,1,1,0,1,0,1,0,90.5,0,0,1,1,1,1,1,0,2,37.0,2827,10.0,98.4,22.0,2,2.5,2.8,2.0,1,2,68.6,Average,Medium,2,2,2,1,74.0,0.0007072135785007072,1.8052631578947367
LOC0696,Visakhapatnam District Office,3,25,0,17.62124,83.24459,1,26,8.0,1,1,1,1,0,0,0,0,0,93.4,1,0,2,0,1,0,0,1,2,31.0,1965,2.0,42.3,22.0,4,3.4,3.5,17.0,0,2,80.3,Good,Medium,3,0,2,1,62.0,0.002034587995930824,2.509375
LOC0697,Chandigarh Airport Terminal,0,3,3,30.630381,76.710269,1,24,17.0,6,1,1,0,1,0,1,1,1,87.0,0,1,0,0,0,0,1,1,0,36.0,13836,63.0,267.8,1.0,3,4.0,4.0,7.0,2,1,87.2,Good,Low,4,2,1,2,0.0,0.00021681000216810002,2.3567567567567567
LOC0698,Udaipur Airport Terminal,0,24,10,24.603527,73.6892,1,5,5.0,6,0,1,1,1,0,1,0,0,85.1,1,0,2,1,1,0,1,1,2,14.0,8130,35.0,203.0,1.0,1,4.3,4.2,8.0,0,2,94.3,Excellent,Low,3,1,3,2,28.0,0.00012298610257040955,6.286666666666666
LOC0699,Nagpur Institute of Technology,2,17,9,21.238238,79.131756,0,12,12.0,3,0,1,0,1,0,1,1,1,68.9,0,2,2,1,0,1,1,1,2,30.0,1456,14.0,57.3,14.0,2,3.9,4.1,22.0,1,2,72.1,Average,Medium,3,2,5,2,60.0,0.0013726835964310226,2.325806451612903
LOC0700,Udaipur Airport Terminal,0,24,10,24.664965,73.720484,1,22,18.0,5,1,1,1,1,1,1,0,0,94.9,1,0,2,0,0,0,1,0,2,26.0,12045,47.0,187.1,10.0,5,2.5,2.2,8.0,1,2,96.3,Excellent,Medium,4,2,2,1,52.0,0.0004150755437489623,3.5666666666666664
LOC0701,Delhi Tehsil Office,3,6,4,28.618831,77.22791,1,68,18.0,1,0,1,0,0,1,0,0,0,66.1,0,2,2,1,0,0,1,0,0,5.0,1250,2.0,24.8,21.0,8,2.8,2.5,13.0,1,1,34.3,Poor,High,1,1,5,1,0.0,0.006394884092725819,5.716666666666666
LOC0702,Chennai Multispeciality Hospital,4,4,11,13.103599,80.394224,0,56,16.0,5,0,1,1,1,0,1,1,1,82.0,0,0,1,1,1,0,1,1,2,24.0,1564,13.0,96.5,15.0,4,3.3,3.3,17.0,2,0,57.9,Average,Medium,4,2,2,2,48.0,0.0025559105431309905,2.316
LOC0703,Nagpur Temple Complex,8,17,9,21.292035,78.98093,1,179,45.0,1,1,0,1,0,0,0,0,0,86.7,1,0,1,0,0,0,0,0,1,12.0,1463,9.0,20.4,29.0,7,1.8,2.1,0.0,1,1,41.4,Poor,High,2,0,1,0,12.0,0.0047814207650273225,3.1846153846153844
LOC0704,Mumbai Green Park,6,15,9,19.132507,72.983114,1,26,15.0,1,0,0,0,0,0,0,0,1,80.0,2,1,1,1,0,0,1,0,1,2.0,2288,10.0,13.3,15.0,4,2.6,2.6,15.0,1,1,32.3,Poor,High,1,0,3,1,2.0,0.0017474879860200961,10.766666666666666
LOC0705,Kochi Heritage Fort,8,12,7,9.83682,76.312963,1,54,16.0,1,0,1,0,0,0,0,0,0,77.1,2,1,1,0,1,1,1,0,0,3.0,302,2.0,10.4,22.0,10,2.4,2.4,2.0,0,1,28.7,Poor,High,1,0,2,1,0.0,0.033003300330033,7.175
LOC0706,Ahmedabad Institute of Technology,2,0,5,23.121825,72.711887,1,32,8.0,3,1,1,1,1,0,1,1,0,90.7,2,2,2,1,0,0,1,0,2,19.0,4453,18.0,60.8,23.0,7,3.5,3.0,18.0,2,2,64.4,Average,High,4,2,5,1,38.0,0.001571621014818141,3.22
LOC0707,Kochi Central Station,7,12,7,9.782619,76.266854,1,58,15.0,1,0,0,0,0,0,1,0,0,70.1,2,1,2,1,1,0,1,0,1,15.0,8262,30.0,89.1,8.0,3,2.9,3.0,6.0,1,0,37.5,Poor,High,1,0,4,1,15.0,0.0003630642623744403,2.34375
LOC0708,Kanpur Domestic Airport,0,11,13,26.524528,80.235415,0,18,11.0,6,1,1,1,1,0,1,0,1,100.4,0,0,2,1,1,0,0,1,1,14.0,3280,14.0,208.1,2.0,0,5.0,5.0,18.0,1,2,100.0,Excellent,Low,5,1,3,1,14.0,0.0,6.666666666666667
LOC0709,Kolkata Government College,2,13,14,22.56825,88.409623,0,44,20.0,2,0,1,1,0,1,1,0,1,84.8,0,2,1,1,0,1,1,0,2,33.0,1382,2.0,64.6,16.0,2,1.4,1.1,21.0,0,2,50.1,Poor,High,4,1,4,1,66.0,0.0014461315979754157,1.473529411764706
LOC0710,Visakhapatnam Green Park,6,25,0,17.596664,83.25592,1,10,1.0,1,1,1,0,1,1,1,0,1,85.8,1,1,2,1,1,0,1,1,0,11.0,1015,5.0,14.3,9.0,1,2.5,2.7,12.0,2,1,90.7,Excellent,Medium,4,2,4,2,0.0,0.000984251968503937,7.558333333333334
LOC0711,Nagpur City Hospital,4,17,9,21.279473,79.048026,0,13,13.0,3,1,1,0,1,1,1,0,1,79.0,1,2,0,1,1,0,1,0,2,7.0,1150,13.0,90.2,7.0,2,4.7,4.7,6.0,0,2,100.0,Excellent,Low,4,2,3,1,14.0,0.0017376194613379669,12.5
LOC0712,Nagpur Health Centre,4,17,9,21.086831,79.072666,1,30,7.0,2,1,0,1,1,0,0,0,1,85.7,2,1,0,1,1,1,0,1,2,39.0,3800,22.0,108.5,10.0,3,1.8,1.8,12.0,1,1,69.0,Average,Medium,3,1,2,1,78.0,0.0007892659826361484,1.725
LOC0713,Delhi Public Garden,6,6,4,28.684096,76.998459,0,50,9.0,1,0,0,0,0,0,0,1,0,76.5,2,0,1,0,0,0,0,1,2,3.0,2643,10.0,21.9,12.0,3,1.6,1.6,11.0,1,2,26.0,Poor,High,0,1,1,1,6.0,0.0011346444780635401,6.5
LOC0714,Thiruvananthapuram City Centre Mall,5,23,7,8.536962,76.908003,0,5,5.0,2,1,1,1,0,1,1,0,1,96.5,0,0,0,0,0,1,1,1,0,7.0,18743,82.0,228.9,8.0,4,3.9,4.1,12.0,1,2,96.5,Excellent,Medium,5,1,0,2,0.0,0.0002134016218523261,12.0625
LOC0715,Surat Bus Depot,1,21,5,21.273151,72.868925,1,22,17.0,1,0,0,0,0,0,0,0,0,81.5,2,0,0,1,1,0,1,1,0,24.0,1844,10.0,12.3,28.0,12,2.8,3.1,10.0,1,1,32.1,Poor,High,0,0,1,2,0.0,0.0065040650406504065,1.284
LOC0716,Kolkata Museum,8,13,14,22.484869,88.375929,1,136,28.0,1,0,0,1,0,0,0,0,1,84.1,1,2,2,1,0,0,0,1,1,10.0,2255,8.0,35.1,17.0,4,1.6,1.4,7.0,1,1,41.5,Poor,High,2,0,5,1,10.0,0.0017730496453900709,3.772727272727273
LOC0717,Pune Medical Center,4,20,9,18.640278,73.766278,0,7,7.0,6,1,1,1,1,0,1,1,1,88.9,1,1,2,1,0,0,0,1,2,9.0,1447,13.0,112.7,16.0,3,3.6,3.7,2.0,1,2,100.0,Excellent,Low,5,2,4,1,18.0,0.0020718232044198894,10.0
LOC0718,Coimbatore Tehsil Office,3,5,11,11.060654,76.978333,1,68,13.0,2,0,0,0,0,0,0,0,0,79.1,1,0,2,1,0,0,0,1,1,20.0,2680,7.0,36.3,15.0,4,2.2,2.2,13.0,1,2,48.6,Poor,High,0,0,3,1,20.0,0.0014919806042521448,2.3142857142857145
LOC0719,Hyderabad City Bus Stop,1,8,12,17.427,78.594029,1,2,2.0,1,0,1,1,0,0,1,0,0,88.9,0,1,2,1,0,1,1,1,0,23.0,1446,2.0,14.1,21.0,3,2.4,2.6,18.0,0,0,57.3,Average,Medium,3,0,4,2,0.0,0.002073255010366275,2.3874999999999997
LOC0720,Bhopal Plaza Mall,5,2,8,23.283868,77.544197,0,5,1.0,2,1,0,1,1,1,0,1,1,92.7,2,1,0,1,1,1,1,1,0,8.0,8830,44.0,170.6,1.0,5,3.8,3.6,2.0,1,0,83.0,Good,Medium,3,3,2,2,0.0,0.0005661872947571057,9.222222222222221
LOC0721,Nashik Government College,2,18,9,19.98432,73.794997,0,8,1.0,1,1,0,0,0,1,0,1,1,88.1,1,1,0,0,1,0,0,0,2,38.0,3432,2.0,60.6,5.0,3,1.7,1.7,17.0,1,2,81.7,Good,Low,2,2,1,0,76.0,0.000873871249635887,2.094871794871795
LOC0722,Mumbai Central Park,6,15,9,19.026199,72.769136,1,33,24.0,1,1,0,1,0,0,0,0,0,86.6,2,1,1,1,1,0,1,0,1,6.0,1699,5.0,26.7,17.0,5,2.7,2.7,1.0,1,2,50.9,Poor,High,2,0,3,1,6.0,0.0029411764705882353,7.271428571428571
LOC0723,Chennai Airport Terminal,0,4,11,13.197506,80.362058,1,29,13.0,4,1,0,1,0,1,1,1,0,95.3,2,0,1,0,0,0,1,0,0,21.0,3878,21.0,197.1,3.0,6,3.1,3.0,6.0,1,2,56.0,Average,High,3,2,1,1,0.0,0.0015467904098994587,2.5454545454545454
LOC0724,Mysuru Junction,7,16,6,12.287522,76.515367,1,18,18.0,2,1,1,0,0,0,0,1,1,85.2,2,1,2,1,0,0,1,1,2,30.0,15877,61.0,105.8,20.0,5,3.5,3.5,9.0,1,2,71.5,Average,Medium,3,1,4,2,60.0,0.00031490112104799094,2.306451612903226
LOC0725,Bengaluru International Airport,0,1,6,13.055671,77.527833,0,13,5.0,3,1,0,1,1,1,0,1,1,100.4,1,2,0,1,1,1,0,1,1,38.0,7417,35.0,210.8,10.0,0,4.4,4.4,14.0,1,1,98.4,Excellent,Low,3,3,3,1,38.0,0.0,2.5230769230769234
LOC0726,Lucknow Junction,7,14,13,26.810211,80.948091,1,83,22.0,2,0,0,0,0,0,1,0,1,78.7,0,2,1,0,0,0,1,1,0,18.0,13310,56.0,106.7,19.0,12,2.2,2.1,8.0,1,1,15.5,Poor,High,2,0,3,2,0.0,0.000901510029299076,0.8157894736842105
LOC0727,Indore Municipal Office,3,9,8,22.63514,75.823575,1,30,13.0,2,1,1,1,1,0,0,1,1,95.7,2,0,0,1,0,0,1,1,2,12.0,3437,14.0,36.0,16.0,4,2.4,2.5,8.0,0,2,83.7,Good,Medium,4,2,1,2,24.0,0.0011634671320535194,6.438461538461539
LOC0728,Thiruvananthapuram Collectorate Office,3,23,7,8.655418,76.892489,1,17,9.0,3,0,0,0,0,0,0,0,0,79.6,1,1,1,1,0,1,0,1,1,13.0,3139,19.0,32.2,10.0,3,2.9,2.8,2.0,1,1,52.0,Poor,High,0,0,3,1,13.0,0.0009554140127388535,3.7142857142857144
LOC0729,Chandigarh Junction,7,3,3,30.657124,76.642095,1,59,23.0,3,1,0,0,0,1,1,0,0,74.0,1,2,2,0,1,0,1,0,1,18.0,4693,20.0,85.5,19.0,5,2.7,2.5,2.0,1,1,55.1,Average,Medium,2,1,4,1,18.0,0.0010651896037494673,2.9
LOC0730,Udaipur Collectorate Office,3,24,10,24.448721,73.838259,1,16,5.0,3,1,0,0,0,0,0,1,0,80.0,2,0,1,0,1,0,1,0,2,35.0,2943,12.0,39.7,15.0,7,2.8,2.4,17.0,1,2,40.1,Poor,High,1,1,1,1,70.0,0.002377717391304348,1.113888888888889
LOC0731,Kochi Municipal Office,3,12,7,9.904736,76.371027,1,39,14.0,2,1,0,0,0,1,0,0,0,79.7,1,0,2,1,1,1,1,1,1,31.0,539,2.0,34.6,12.0,3,2.1,1.9,19.0,1,1,66.2,Average,Medium,1,1,3,2,31.0,0.005555555555555556,2.06875
LOC0732,Kolkata Shopping Mall,5,13,14,22.528229,88.320023,0,12,11.0,7,1,0,1,0,0,1,1,0,82.0,0,0,2,1,0,0,1,1,0,25.0,11534,46.0,161.9,14.0,3,3.1,2.9,11.0,1,1,65.1,Average,Medium,3,1,3,2,0.0,0.0002600780234070221,2.503846153846154
LOC0733,Chennai Green Park,6,4,11,12.97191,80.228528,1,18,4.0,1,0,1,1,1,0,0,0,0,86.9,1,0,0,1,0,0,1,0,0,17.0,2669,9.0,20.5,20.0,6,4.1,4.3,9.0,2,2,75.0,Good,Medium,2,1,1,1,0.0,0.0022471910112359553,4.166666666666667
LOC0734,Bengaluru Railway Station,7,1,6,12.840148,77.57225,1,31,5.0,1,1,1,1,1,1,1,1,1,93.7,2,2,1,1,1,0,1,0,0,27.0,4157,12.0,66.2,20.0,5,3.4,3.3,20.0,0,0,58.9,Average,High,5,3,4,1,0.0,0.0012025012025012026,2.1035714285714286
LOC0735,Guwahati Domestic Airport,0,7,1,26.208998,91.599256,0,15,14.0,7,1,1,1,0,1,1,1,1,87.3,1,2,2,1,0,0,0,0,1,38.0,17492,73.0,215.5,4.0,1,4.1,4.0,7.0,0,1,89.5,Good,Medium,5,2,5,0,38.0,5.7165723432230034e-05,2.2948717948717947
LOC0736,Surat City Centre Mall,5,21,5,21.236861,72.909574,1,13,13.0,3,1,1,1,0,0,1,1,1,92.6,1,0,2,0,0,0,0,0,0,26.0,17220,61.0,125.7,9.0,4,4.1,4.1,7.0,0,2,91.5,Excellent,Medium,5,1,2,0,0.0,0.0002322745485163463,3.388888888888889
LOC0737,Guwahati Central Station,7,7,1,26.001221,91.873532,1,48,14.0,2,0,1,1,1,0,0,0,0,88.5,2,2,2,1,0,0,1,1,0,34.0,4154,18.0,84.5,15.0,4,1.9,1.9,16.0,1,1,41.5,Poor,High,2,1,5,2,0.0,0.0009626955475330926,1.1857142857142857
LOC0738,Visakhapatnam City Park,6,25,0,17.809218,83.18886,0,32,21.0,1,1,0,0,0,0,0,0,0,88.2,2,1,1,0,1,0,0,1,2,2.0,2930,8.0,23.1,13.0,2,2.6,2.4,12.0,1,0,33.1,Poor,High,1,0,2,1,4.0,0.000682360968952576,11.033333333333333
LOC0739,Thiruvananthapuram Airport Terminal,0,23,7,8.507409,76.842381,0,19,5.0,6,1,1,1,0,0,1,1,1,97.0,0,1,2,1,1,0,0,0,1,13.0,8100,31.0,285.9,1.0,1,2.8,2.7,11.0,1,2,99.1,Excellent,Low,5,1,4,0,13.0,0.00012344155042587335,7.078571428571428
LOC0740,Nagpur Institute of Technology,2,17,9,21.053347,79.003834,1,12,12.0,3,1,1,0,0,0,0,1,0,91.4,2,0,2,1,1,0,1,1,1,28.0,3698,15.0,39.1,11.0,0,3.5,3.8,15.0,2,0,61.5,Average,Medium,2,1,3,2,28.0,0.0,2.1206896551724137
LOC0741,Kanpur District Office,3,11,13,26.405236,80.190893,1,40,16.0,2,0,1,1,0,0,1,0,1,94.4,0,0,2,1,0,1,1,1,1,7.0,4891,18.0,38.5,19.0,2,3.5,3.1,16.0,2,1,68.6,Average,Medium,4,0,3,2,7.0,0.0004088307440719542,8.575
LOC0742,Mysuru Temple Complex,8,16,6,12.391586,76.628498,1,198,45.0,1,1,1,1,0,0,0,0,1,93.7,1,0,1,1,0,0,0,0,0,23.0,2634,5.0,21.5,22.0,5,1.0,1.1,17.0,2,1,48.2,Poor,High,4,0,2,0,0.0,0.0018975332068311196,2.0083333333333333
LOC0743,Thane Domestic Airport,0,22,9,19.252698,73.029703,1,7,2.0,5,1,1,1,0,0,0,0,1,99.7,0,2,0,1,1,0,1,1,2,10.0,14074,62.0,165.6,4.0,2,4.1,4.6,10.0,1,1,85.0,Good,Low,4,0,3,2,20.0,0.00014209591474245115,7.7272727272727275
LOC0744,Patna Bus Stand,1,19,2,25.448674,85.273241,1,14,14.0,1,0,0,1,0,0,0,0,0,86.4,0,0,2,1,0,0,1,0,2,13.0,408,13.0,9.9,28.0,7,1.8,1.5,0.0,1,2,44.8,Poor,High,1,0,3,1,26.0,0.017114914425427872,3.1999999999999997
LOC0745,Indore City Centre Mall,5,9,8,22.604155,75.899042,0,17,12.0,4,1,1,1,1,0,1,1,1,98.6,0,1,2,1,1,0,0,0,0,6.0,8045,30.0,129.8,9.0,3,3.8,3.7,8.0,0,2,98.9,Excellent,Medium,5,2,4,0,0.0,0.0003728560775540641,14.12857142857143
LOC0746,Nashik Plaza Mall,5,18,9,20.069003,73.852164,0,9,9.0,2,1,1,1,0,1,1,1,1,100.6,1,2,0,1,1,1,0,1,2,24.0,8363,31.0,180.4,10.0,1,4.9,4.9,12.0,0,1,100.0,Excellent,Low,5,2,3,1,48.0,0.00011956001912960307,4.0
LOC0747,Chandigarh Bus Stand,1,3,3,30.738008,76.834091,0,13,13.0,1,0,0,0,0,0,1,0,1,79.9,0,0,2,1,0,0,1,0,1,14.0,410,4.0,11.9,26.0,5,2.6,2.9,21.0,1,1,47.1,Poor,High,2,0,3,1,14.0,0.012165450121654502,3.14
LOC0748,Coimbatore Junction,7,5,11,10.939256,76.851009,1,75,29.0,1,0,1,1,1,0,0,0,0,85.0,2,1,2,1,0,1,1,1,0,16.0,17567,67.0,100.2,12.0,6,3.1,3.0,2.0,0,0,48.2,Poor,High,2,1,4,2,0.0,0.00034153005464480874,2.835294117647059
LOC0749,Mysuru Bus Stand,1,16,6,12.170792,76.656216,1,22,4.0,1,0,0,0,1,0,1,0,0,69.1,0,1,1,1,0,0,1,0,0,10.0,1394,4.0,10.5,10.0,7,2.6,2.7,8.0,1,0,35.0,Poor,High,1,1,3,1,0.0,0.005017921146953405,3.1818181818181817
LOC0750,Thane Central Park,6,22,9,19.293585,73.05051,1,35,24.0,1,1,0,0,0,0,1,0,1,79.6,2,0,2,1,0,0,1,0,0,14.0,999,3.0,16.9,19.0,4,2.8,2.6,14.0,1,0,38.6,Poor,High,3,0,3,1,0.0,0.004,2.5733333333333333
LOC0751,Nashik Grand Mall,5,18,9,19.925159,73.649798,0,4,4.0,7,1,1,0,1,1,1,1,1,77.6,0,0,2,1,0,1,0,0,2,24.0,13526,53.0,151.8,10.0,2,3.5,3.2,23.0,1,1,89.1,Good,Low,4,3,3,0,48.0,0.0001478524432616249,3.5639999999999996
LOC0752,Kochi Domestic Airport,0,12,7,9.877414,76.415384,1,23,16.0,6,1,1,1,0,0,1,1,1,92.8,0,2,2,1,1,1,1,0,1,19.0,18189,77.0,195.1,11.0,3,3.0,3.0,3.0,0,1,81.4,Good,Medium,5,1,5,1,19.0,0.00016492578339747114,4.07
LOC0753,Guwahati Multispeciality Hospital,4,7,1,26.016501,91.670299,0,28,16.0,5,1,1,1,0,1,0,1,0,92.4,1,1,1,1,0,0,0,1,2,13.0,1681,18.0,129.6,3.0,3,4.2,4.3,12.0,1,2,92.9,Excellent,Medium,3,2,3,1,26.0,0.0017835909631391202,6.635714285714286
LOC0754,Patna Temple Complex,8,19,2,25.444175,85.11904,1,105,20.0,1,0,1,0,0,0,1,0,1,70.8,2,0,1,0,0,0,0,1,2,16.0,2136,6.0,22.3,18.0,8,1.6,1.8,21.0,2,0,12.1,Poor,High,3,0,1,1,32.0,0.003743565746373421,0.711764705882353
LOC0755,Nashik Railway Station,7,18,9,19.933752,73.816524,1,75,19.0,1,0,0,0,0,0,0,0,1,69.6,0,0,2,1,0,0,1,0,2,35.0,12921,48.0,62.0,14.0,5,1.9,2.0,5.0,1,2,37.6,Poor,High,1,0,3,1,70.0,0.0003869370066553165,1.0444444444444445
LOC0756,Bhopal Institute of Technology,2,2,8,23.357284,77.422213,0,54,17.0,3,1,0,1,0,0,1,0,1,101.8,0,1,2,1,0,0,1,1,0,10.0,1551,2.0,57.0,19.0,4,2.6,2.7,16.0,1,1,64.5,Average,Medium,4,0,4,2,0.0,0.002577319587628866,5.863636363636363
LOC0757,Thiruvananthapuram College of Engineering,2,23,7,8.604034,76.928196,1,24,15.0,2,1,1,0,1,1,0,0,1,81.6,2,0,1,1,1,0,0,1,1,38.0,4578,23.0,45.4,15.0,4,3.7,3.5,2.0,2,1,61.7,Average,High,3,2,2,1,38.0,0.0008735531775496833,1.5820512820512822
LOC0758,Chandigarh Medical Center,4,3,3,30.633072,76.668378,1,7,3.0,6,1,1,1,0,0,0,1,1,100.3,2,0,2,0,0,1,0,1,2,22.0,1406,11.0,105.0,12.0,1,3.1,3.5,16.0,0,2,74.7,Average,Medium,4,1,2,1,44.0,0.0007107320540156361,3.247826086956522
LOC0759,Jaipur Institute of Technology,2,10,10,26.785333,75.722053,0,19,13.0,3,1,1,0,0,0,0,1,0,84.8,1,0,0,1,0,0,1,0,0,7.0,4178,14.0,58.6,16.0,4,3.8,3.8,7.0,1,2,84.5,Good,Medium,2,1,1,1,0.0,0.000957166786312515,10.5625
LOC0760,Guwahati International Airport,0,7,1,26.292467,91.735645,0,25,11.0,7,1,1,1,1,0,0,1,1,99.5,2,0,0,1,0,0,1,1,2,42.0,18112,72.0,220.5,9.0,2,3.3,3.5,18.0,1,2,91.0,Excellent,Low,4,2,1,2,84.0,0.00011041793187213604,2.116279069767442
LOC0761,Hyderabad Temple Complex,8,8,12,17.494846,78.429262,1,42,12.0,1,0,0,0,0,0,0,1,0,71.4,0,1,1,1,1,1,1,0,0,2.0,1617,4.0,27.0,16.0,8,1.9,1.9,22.0,1,2,33.8,Poor,High,0,1,3,1,0.0,0.004944375772558714,11.266666666666666
LOC0762,Bengaluru Government College,2,1,6,12.972606,77.645587,1,56,15.0,3,1,0,0,0,0,1,0,0,72.1,1,1,1,1,1,0,1,0,0,26.0,2201,4.0,39.9,17.0,6,3.5,4.0,12.0,1,0,46.8,Poor,High,2,0,3,1,0.0,0.0027247956403269754,1.7333333333333332
LOC0763,Kochi Domestic Airport,0,12,7,9.899236,76.191675,1,28,18.0,4,1,1,1,1,0,0,1,0,90.3,0,0,1,1,1,0,1,1,0,14.0,10568,42.0,158.1,10.0,6,3.5,3.6,2.0,2,2,74.4,Average,High,3,2,2,2,0.0,0.0005676979846721544,4.96
LOC0764,Bengaluru Central Park,6,1,6,13.010026,77.72768,1,7,4.0,1,0,1,1,0,1,0,0,0,89.3,1,2,2,1,1,0,0,1,1,11.0,966,5.0,25.2,18.0,7,2.3,2.1,8.0,2,0,51.3,Poor,High,2,1,5,1,11.0,0.007238883143743537,4.2749999999999995
LOC0765,Bhopal Tehsil Office,3,2,8,23.322947,77.469924,1,71,15.0,3,0,0,1,1,0,1,0,1,90.2,0,1,1,1,0,0,1,1,1,30.0,4897,19.0,47.1,13.0,5,3.4,3.2,7.0,1,0,55.8,Average,Medium,3,1,3,2,30.0,0.0010208248264597796,1.7999999999999998
LOC0766,Patna Lake View Point,8,19,2,25.684149,85.075117,1,86,20.0,1,0,1,0,0,0,1,0,1,71.3,2,0,1,1,0,0,0,1,1,20.0,2752,12.0,32.7,22.0,9,1.7,1.6,18.0,0,1,25.7,Poor,High,3,0,2,1,20.0,0.0032691609153650564,1.2238095238095237
LOC0767,Delhi City Park,6,6,4,28.786324,77.025744,1,6,6.0,1,1,0,0,1,0,0,0,0,79.7,1,2,0,0,1,0,1,1,2,5.0,2633,17.0,12.7,19.0,6,3.3,3.1,3.0,1,2,71.3,Average,Medium,1,1,2,2,10.0,0.002277904328018223,11.883333333333333
LOC0768,Udaipur Bus Depot,1,24,10,24.669539,73.749487,1,20,18.0,1,0,0,0,0,0,0,0,0,71.2,0,2,2,0,0,0,1,0,2,3.0,1160,5.0,13.0,19.0,7,3.8,3.5,10.0,1,1,28.1,Poor,High,0,0,4,1,6.0,0.006029285099052541,7.025
LOC0769,Indore Health Centre,4,9,8,22.785319,75.943901,1,29,18.0,4,1,1,0,0,1,0,1,1,88.3,1,0,2,1,0,0,1,1,2,12.0,4576,21.0,67.2,13.0,1,3.5,3.8,3.0,2,2,84.7,Good,Low,3,2,3,2,24.0,0.00021848372296263927,6.515384615384615
LOC0770,Patna Central Park,6,19,2,25.613942,85.042662,1,8,8.0,1,0,0,1,0,1,0,0,0,83.6,1,0,0,1,0,1,1,1,0,11.0,2687,10.0,22.8,22.0,8,2.6,2.3,0.0,1,1,61.9,Average,Medium,1,1,1,2,0.0,0.002976190476190476,5.158333333333333
LOC0771,Jaipur Municipal Office,3,10,10,26.948227,75.930341,1,19,8.0,2,1,1,0,0,1,0,0,0,84.2,2,0,0,1,1,0,0,1,0,21.0,2671,8.0,28.7,23.0,8,2.4,2.6,16.0,1,1,57.7,Average,High,2,1,1,1,0.0,0.0029940119760479044,2.622727272727273
LOC0772,Mumbai International Airport,0,15,9,18.929394,72.906025,1,3,3.0,3,1,0,1,1,1,1,1,1,92.1,2,0,0,1,0,1,1,0,2,36.0,9897,45.0,198.4,5.0,1,3.7,3.5,1.0,1,2,95.1,Excellent,Low,4,3,1,1,72.0,0.00010103051121438674,2.57027027027027
LOC0773,Guwahati Shopping Mall,5,7,1,26.121732,91.687911,0,6,6.0,5,1,1,1,0,1,1,1,1,92.7,1,0,1,1,1,0,0,1,0,29.0,6831,26.0,132.3,1.0,1,3.7,3.9,8.0,0,2,96.9,Excellent,Medium,5,2,2,1,0.0,0.00014637002341920375,3.23
LOC0774,Kolkata Airport Terminal,0,13,14,22.454949,88.333896,0,1,1.0,5,1,0,1,1,0,1,0,1,88.3,2,0,2,1,0,1,0,1,0,7.0,8617,41.0,223.4,3.0,2,3.1,2.7,18.0,1,2,69.5,Average,Medium,4,1,3,1,0.0,0.00023207240659085636,8.6875
LOC0775,Pune District Office,3,20,9,18.427556,73.919961,1,32,14.0,1,0,1,1,1,1,0,0,0,89.5,0,2,0,1,0,1,1,1,1,13.0,1491,3.0,24.5,23.0,3,3.4,3.2,22.0,0,2,71.7,Average,Medium,2,2,3,2,13.0,0.0020107238605898124,5.121428571428572
LOC0776,Visakhapatnam Central Park,6,25,0,17.765181,83.181685,1,31,20.0,1,1,0,1,1,0,0,0,1,96.5,0,1,2,0,1,0,0,1,0,16.0,1176,2.0,17.9,13.0,5,3.5,3.4,3.0,1,2,76.8,Good,Medium,3,1,3,1,0.0,0.004248088360237893,4.517647058823529
LOC0777,Mysuru Grand Mall,5,16,6,12.279182,76.694486,0,23,3.0,5,0,1,1,1,0,1,1,1,89.7,0,2,0,1,1,0,1,1,0,24.0,11780,49.0,178.8,14.0,7,3.8,4.0,7.0,0,2,78.6,Good,Medium,4,2,3,2,0.0,0.0005941770647653001,3.1439999999999997
LOC0778,Bengaluru Multispeciality Hospital,4,1,6,12.945955,77.636545,1,23,18.0,7,1,1,0,0,1,1,1,1,81.3,1,1,0,1,1,1,0,1,0,31.0,2318,10.0,101.0,8.0,1,4.1,4.1,6.0,0,2,100.0,Excellent,Low,4,2,2,1,0.0,0.00043122035360068997,3.125
LOC0779,Mysuru Airport Terminal,0,16,6,12.439587,76.621335,1,6,1.0,3,1,1,1,0,1,1,1,1,94.3,0,1,0,1,1,1,0,1,0,40.0,5577,28.0,171.0,6.0,1,3.7,3.9,7.0,1,1,100.0,Excellent,Low,5,2,2,1,0.0,0.00017927572606669058,2.4390243902439024
LOC0780,Chennai Plaza Mall,5,4,11,13.032018,80.333718,0,1,1.0,5,1,1,1,0,1,0,1,0,92.2,1,1,0,1,0,0,0,1,0,43.0,8377,33.0,162.7,5.0,0,3.6,3.6,3.0,1,2,100.0,Excellent,Low,3,2,2,1,0.0,0.0,2.272727272727273
LOC0781,Udaipur Heritage Fort,8,24,10,24.448404,73.636747,1,30,7.0,1,0,0,1,1,0,0,0,1,84.8,0,0,1,0,0,0,1,0,2,18.0,2800,12.0,21.1,15.0,9,3.1,3.4,11.0,1,0,36.0,Poor,High,2,1,1,1,36.0,0.0032131381649410924,1.894736842105263
LOC0782,Kanpur International Airport,0,11,13,26.527692,80.400085,0,23,7.0,3,1,1,1,0,1,0,1,1,97.9,2,1,2,1,1,1,1,1,1,16.0,19401,74.0,248.9,5.0,1,3.0,2.9,4.0,0,2,92.3,Excellent,Medium,4,2,4,2,16.0,5.1541078239356766e-05,5.429411764705883
LOC0783,Guwahati District Office,3,7,1,26.06303,91.72122,1,33,9.0,2,1,0,0,1,0,0,0,1,81.8,0,1,2,0,1,1,1,1,2,29.0,898,6.0,39.3,12.0,3,2.9,2.5,21.0,1,2,70.9,Average,Medium,2,1,3,2,58.0,0.0033370411568409346,2.3633333333333337
LOC0784,Thiruvananthapuram Bus Depot,1,23,7,8.457911,76.809129,1,8,8.0,1,0,0,0,0,0,0,0,0,75.7,0,1,1,1,0,1,1,1,0,12.0,2248,7.0,18.0,16.0,8,2.6,2.4,21.0,1,0,26.6,Poor,High,0,0,3,2,0.0,0.0035571365051133837,2.0461538461538464
LOC0785,Nagpur Heritage Fort,8,17,9,21.201081,79.230854,1,27,15.0,1,0,0,0,1,0,0,0,0,69.0,2,0,1,1,0,1,1,1,1,17.0,847,2.0,12.5,16.0,10,2.4,2.2,2.0,1,1,28.6,Poor,High,0,1,2,2,17.0,0.01179245283018868,1.588888888888889
LOC0786,Nagpur Health Centre,4,17,9,21.25565,79.135154,1,27,16.0,2,1,0,1,1,1,0,0,1,95.6,2,1,2,1,0,1,1,0,0,32.0,730,5.0,56.7,21.0,2,4.4,4.7,4.0,1,2,77.4,Good,Medium,3,2,4,1,0.0,0.0027359781121751026,2.3454545454545457
LOC0787,Nashik Institute of Technology,2,18,9,20.118972,73.894013,1,39,17.0,3,1,0,0,0,0,1,0,1,85.1,0,0,2,0,0,1,0,1,1,23.0,4761,19.0,37.1,16.0,3,2.2,1.9,10.0,1,0,50.8,Poor,Medium,3,0,2,1,23.0,0.000629987400251995,2.1166666666666667
LOC0788,Chandigarh Bus Stand,1,3,3,30.85825,76.841296,1,28,15.0,1,0,0,0,0,0,0,0,0,85.0,0,2,2,1,0,0,1,0,0,4.0,2130,12.0,13.8,21.0,8,3.1,3.3,10.0,1,1,26.2,Poor,High,0,0,5,1,0.0,0.003754106053496011,5.24
LOC0789,Bengaluru Central Station,7,1,6,12.982959,77.703027,1,86,32.0,2,1,0,1,0,0,0,0,1,91.8,2,0,1,1,0,0,1,0,0,33.0,15011,52.0,109.2,15.0,6,2.4,2.6,7.0,1,2,38.9,Poor,High,3,0,2,1,0.0,0.0003996802557953637,1.1441176470588235
LOC0790,Delhi Tehsil Office,3,6,4,28.785083,76.979675,1,56,13.0,3,0,0,1,1,0,1,0,0,83.6,2,0,0,1,0,0,1,1,0,22.0,2129,10.0,43.7,10.0,5,2.6,3.2,20.0,1,0,43.3,Poor,High,2,1,1,2,0.0,0.002347417840375587,1.8826086956521737
LOC0791,Kochi Domestic Airport,0,12,7,9.994509,76.245666,0,30,12.0,4,1,1,1,1,1,0,1,1,90.1,2,0,1,1,0,0,0,1,1,25.0,4674,24.0,217.1,10.0,6,2.6,2.5,8.0,1,1,73.1,Average,High,4,3,2,1,25.0,0.0012834224598930481,2.8115384615384613
LOC0792,Thiruvananthapuram Public Garden,6,23,7,8.605277,76.899516,1,13,2.0,1,1,0,0,0,0,0,0,0,78.3,0,2,2,1,0,1,0,1,1,7.0,2159,6.0,19.9,26.0,4,1.4,1.6,18.0,1,0,33.2,Poor,High,1,0,5,1,7.0,0.001851851851851852,4.15
LOC0793,Bengaluru General Hospital,4,1,6,13.04406,77.533187,1,44,18.0,6,1,0,1,1,1,1,1,1,99.5,2,0,2,1,0,1,1,0,0,16.0,622,3.0,107.3,8.0,2,2.9,2.7,5.0,1,1,74.2,Average,Medium,4,3,3,1,0.0,0.0032102728731942215,4.364705882352942
LOC0794,Indore Grand Mall,5,9,8,22.724835,75.870325,0,19,12.0,5,1,1,0,1,0,1,1,0,81.8,1,2,0,1,1,0,1,1,2,19.0,10843,46.0,146.4,9.0,0,4.1,3.8,18.0,0,2,96.5,Excellent,Low,3,2,3,2,38.0,0.0,4.825
LOC0795,Kanpur Railway Station,7,11,13,26.50844,80.184009,1,70,23.0,1,1,0,0,0,0,0,0,1,84.7,0,2,2,0,0,0,1,0,1,18.0,16339,66.0,108.5,12.0,5,2.2,2.3,0.0,1,0,34.0,Poor,High,2,0,4,1,18.0,0.0003059975520195838,1.7894736842105263
LOC0796,Coimbatore International Airport,0,5,11,11.019924,76.874739,1,17,2.0,7,1,1,1,1,0,0,1,1,89.7,2,1,2,0,0,0,0,1,2,20.0,14116,63.0,225.1,1.0,0,4.5,4.8,0.0,1,2,91.3,Excellent,Medium,4,2,3,1,40.0,0.0,4.347619047619047
LOC0797,Chandigarh General Hospital,4,3,3,30.602195,76.907916,1,6,6.0,4,1,1,1,1,0,1,0,1,92.2,2,2,2,1,1,0,1,1,1,36.0,4748,26.0,83.8,6.0,1,3.0,3.1,2.0,1,1,83.5,Good,Medium,5,1,5,2,36.0,0.0002105706464518846,2.2567567567567566
LOC0798,Kanpur Railway Station,7,11,13,26.527949,80.410555,1,53,22.0,2,0,1,0,1,0,1,1,1,77.3,0,0,1,1,1,1,1,1,2,31.0,10863,47.0,127.6,4.0,2,3.0,2.6,1.0,0,1,69.4,Average,Medium,3,2,2,2,62.0,0.0001840942562592047,2.16875
LOC0799,Nagpur Junction,7,17,9,21.177423,79.114754,1,11,11.0,1,0,0,1,1,0,0,0,0,94.2,2,0,2,0,1,0,1,1,0,12.0,18105,71.0,115.9,7.0,6,2.5,2.4,13.0,1,2,51.7,Poor,High,1,1,2,2,0.0,0.00033138186236606647,3.976923076923077
LOC0800,Mumbai Plaza Mall,5,15,9,19.136206,72.784433,0,23,8.0,7,1,0,0,1,0,0,1,0,85.4,0,2,2,1,1,0,1,1,1,14.0,17175,71.0,159.4,10.0,3,2.6,2.7,3.0,1,1,61.4,Average,Medium,1,2,5,2,14.0,0.00017466231951560317,4.093333333333333
LOC0801,Bhopal Plaza Mall,5,2,8,23.233764,77.488433,0,7,2.0,5,0,1,1,1,0,0,1,0,82.2,0,1,2,1,1,1,1,0,2,37.0,14828,59.0,148.8,2.0,2,4.2,4.0,10.0,0,1,83.6,Good,Low,2,2,4,1,74.0,0.00013487086115044844,2.1999999999999997
LOC0802,Patna District Office,3,19,2,25.623257,85.0727,1,36,19.0,2,0,0,0,1,0,0,0,0,71.2,0,2,2,0,1,0,1,1,1,8.0,1103,6.0,27.5,21.0,5,3.5,3.8,5.0,1,0,35.4,Poor,High,0,1,4,2,8.0,0.004528985507246377,3.933333333333333
LOC0803,Coimbatore International Airport,0,5,11,10.990623,76.884486,1,16,5.0,7,0,1,0,1,1,1,0,0,73.4,2,1,2,1,0,0,1,1,2,6.0,5154,24.0,217.0,4.0,1,4.0,4.2,13.0,1,1,71.2,Average,Medium,2,2,4,2,12.0,0.00019398642095053346,10.171428571428573
LOC0804,Thiruvananthapuram Public Garden,6,23,7,8.474673,76.99445,0,30,18.0,1,1,0,1,0,0,0,1,1,94.1,0,0,1,0,0,0,1,0,2,12.0,736,4.0,23.0,12.0,0,2.8,2.8,7.0,1,2,63.4,Average,Medium,3,1,1,1,24.0,0.0,4.8769230769230765
LOC0805,Coimbatore Heritage Fort,8,5,11,10.911004,77.050898,1,191,39.0,1,0,0,0,0,0,0,0,1,70.6,1,2,1,1,0,1,0,0,2,19.0,1766,2.0,31.1,23.0,12,1.3,1.1,1.0,1,1,16.2,Poor,High,1,0,4,0,38.0,0.006791171477079796,0.8099999999999999
LOC0806,Kochi Tehsil Office,3,12,7,10.008727,76.154091,1,45,15.0,2,1,0,0,0,0,1,0,0,77.4,1,2,0,1,1,0,1,1,0,30.0,2753,3.0,36.0,21.0,4,2.7,2.3,21.0,1,1,57.6,Average,Medium,2,0,3,2,0.0,0.0014524328249818446,1.8580645161290323
LOC0807,Hyderabad Airport Terminal,0,8,12,17.434615,78.574076,1,27,20.0,7,0,0,1,1,1,1,1,1,91.9,0,1,0,1,0,1,0,1,1,20.0,6961,29.0,142.7,7.0,1,3.6,3.6,3.0,1,0,87.1,Good,Low,3,3,2,1,20.0,0.00014363688595231256,4.147619047619047
LOC0808,Jaipur Botanical Garden,8,10,10,27.025679,75.894029,1,61,27.0,1,0,0,0,0,1,1,0,1,72.5,0,2,0,1,1,0,1,1,0,22.0,2339,3.0,25.7,14.0,10,2.0,2.1,14.0,1,1,36.8,Poor,High,2,1,3,2,0.0,0.004273504273504274,1.5999999999999999
LOC0809,Kolkata City Hospital,4,13,14,22.558612,88.23395,1,59,17.0,7,0,1,1,0,0,1,0,1,88.7,0,0,1,1,0,0,1,1,0,33.0,1272,5.0,62.1,19.0,10,2.8,3.2,12.0,0,2,48.4,Poor,High,4,0,2,2,0.0,0.007855459544383346,1.423529411764706
LOC0810,Kanpur Central Station,7,11,13,26.404188,80.320969,1,13,11.0,2,0,1,1,1,1,0,0,1,88.3,0,1,1,0,1,0,1,1,0,22.0,18169,75.0,104.4,15.0,7,3.1,3.5,8.0,2,1,60.1,Average,High,3,2,2,2,0.0,0.00038525041276829937,2.61304347826087
LOC0811,Surat Botanical Garden,8,21,5,21.080801,72.793607,1,67,30.0,1,0,0,1,0,0,1,0,0,81.6,1,1,2,1,0,0,1,1,1,17.0,605,5.0,23.8,14.0,6,1.5,1.2,11.0,1,1,56.9,Average,Medium,2,0,4,2,17.0,0.009900990099009901,3.161111111111111
LOC0812,Kolkata Bus Depot,1,13,14,22.445502,88.223427,1,4,4.0,1,1,0,0,0,0,1,1,0,82.7,2,0,1,1,0,0,1,0,0,16.0,528,2.0,12.3,17.0,6,2.4,2.1,16.0,1,1,37.6,Poor,High,2,1,2,1,0.0,0.011342155009451797,2.211764705882353
LOC0813,Hyderabad Domestic Airport,0,8,12,17.319265,78.63506,1,16,3.0,4,1,1,1,1,0,0,1,0,89.8,1,1,0,0,1,1,0,1,2,9.0,10810,51.0,233.9,1.0,1,3.7,4.5,4.0,0,2,100.0,Excellent,Low,3,2,1,1,18.0,9.249838127832763e-05,10.0
LOC0814,Kanpur Bus Depot,1,11,13,26.522677,80.370846,1,26,8.0,1,1,0,0,0,1,0,1,0,86.9,2,0,1,0,0,0,1,0,1,12.0,1502,11.0,15.4,23.0,11,1.9,1.9,22.0,1,2,34.3,Poor,High,1,2,1,1,12.0,0.007318695941450432,2.6384615384615384
LOC0815,Pune Railway Station,7,20,9,18.662722,73.918524,1,63,19.0,2,1,0,1,0,1,0,0,1,78.2,2,0,2,0,0,0,0,1,0,12.0,16616,63.0,123.4,11.0,5,2.2,2.7,21.0,1,1,41.6,Poor,High,3,1,2,1,0.0,0.00030089667208280677,3.2
LOC0816,Delhi Grand Mall,5,6,4,28.569847,77.075315,0,7,7.0,3,1,1,1,1,1,1,0,1,90.5,2,0,0,1,1,0,1,1,1,12.0,4247,9.0,117.9,8.0,2,3.9,4.0,6.0,0,2,100.0,Excellent,Low,5,2,1,2,12.0,0.00047080979284369113,7.6923076923076925
LOC0817,Kanpur Medical Center,4,11,13,26.471026,80.303987,1,22,13.0,7,0,1,0,0,1,0,1,1,70.9,1,0,2,0,1,0,1,1,1,7.0,2791,14.0,87.6,17.0,3,3.5,3.0,22.0,2,2,71.3,Average,Medium,2,2,2,2,7.0,0.0010744985673352436,8.9125
LOC0818,Thane Tehsil Office,3,22,9,19.216541,73.112881,1,59,26.0,1,0,0,0,0,0,0,0,0,77.9,0,2,2,1,0,0,1,1,0,6.0,2894,15.0,31.7,16.0,4,2.7,3.0,18.0,1,0,20.5,Poor,High,0,0,5,2,0.0,0.001381692573402418,2.9285714285714284
LOC0819,Hyderabad Junction,7,8,12,17.398231,78.338465,1,83,22.0,2,0,1,0,0,0,1,1,0,85.9,2,2,1,1,0,0,1,1,0,26.0,17384,62.0,105.0,12.0,5,2.0,2.1,16.0,2,1,17.3,Poor,High,2,1,4,2,0.0,0.0002876042565429968,0.6407407407407407
LOC0820,Jaipur City Hospital,4,10,10,27.044673,75.741342,1,9,9.0,6,0,1,1,0,0,1,0,1,92.6,1,0,2,1,0,0,0,1,2,33.0,1633,16.0,61.8,14.0,0,2.7,1.9,20.0,1,2,84.7,Good,Low,4,0,3,1,66.0,0.0,2.4911764705882353
LOC0821,Guwahati International Airport,0,7,1,26.073289,91.631552,1,20,3.0,3,0,1,1,1,0,1,1,0,85.4,1,1,2,0,0,0,0,1,2,16.0,17844,76.0,161.7,3.0,2,3.2,3.3,13.0,1,2,92.3,Excellent,Low,3,2,3,1,32.0,0.00011207621182404035,5.429411764705883
LOC0822,Chennai City Park,6,4,11,13.045402,80.297233,1,20,20.0,1,0,1,0,0,0,0,0,0,82.7,0,2,2,0,0,0,1,1,2,11.0,897,2.0,15.1,19.0,4,3.1,2.6,17.0,2,0,30.9,Poor,High,1,0,4,2,22.0,0.004454342984409799,2.5749999999999997
LOC0823,Kanpur Tehsil Office,3,11,13,26.598171,80.254346,1,76,30.0,3,1,0,0,0,0,0,0,0,89.1,1,0,2,0,1,1,1,1,1,23.0,2897,9.0,41.6,24.0,11,1.7,1.6,14.0,1,0,42.3,Poor,High,1,0,2,2,23.0,0.003795721187025535,1.7625
LOC0824,Lucknow Bus Depot,1,14,13,26.819696,80.914638,1,19,7.0,1,1,0,0,0,0,0,0,0,81.8,0,0,2,0,0,0,1,0,0,13.0,2925,10.0,14.6,24.0,14,2.5,2.3,7.0,1,1,35.4,Poor,High,1,0,2,1,0.0,0.004784688995215311,2.5285714285714285
LOC0825,Patna Heritage Fort,8,19,2,25.489802,85.211037,1,179,46.0,1,0,0,1,0,0,0,0,1,78.1,2,2,1,0,1,0,1,1,1,8.0,2859,11.0,21.6,12.0,6,1.0,1.0,23.0,1,0,8.9,Poor,High,2,0,3,2,8.0,0.002097902097902098,0.9888888888888889
LOC0826,Chennai Heritage Fort,8,4,11,13.106697,80.283889,1,94,23.0,1,0,0,0,0,1,0,0,0,69.7,2,1,0,0,0,0,0,1,1,11.0,1739,6.0,36.6,29.0,10,2.5,2.4,1.0,1,0,25.5,Poor,High,0,1,1,1,11.0,0.005747126436781609,2.125
LOC0827,Coimbatore Public Garden,6,5,11,11.008358,76.845839,1,42,11.0,1,0,0,1,0,0,1,0,0,91.0,2,1,1,0,0,0,0,1,2,18.0,2401,6.0,22.3,11.0,3,3.1,3.4,7.0,1,2,45.9,Poor,High,2,0,2,1,36.0,0.0012489592006661116,2.4157894736842103
LOC0828,Kochi Multispeciality Hospital,4,12,7,9.787641,76.244409,0,3,3.0,2,1,0,1,1,1,1,0,0,85.4,2,0,0,1,0,0,1,0,1,20.0,4529,32.0,150.0,9.0,1,4.1,3.9,12.0,1,2,83.6,Good,Low,3,2,1,1,20.0,0.0002207505518763797,3.9809523809523806
LOC0829,Nashik College of Engineering,2,18,9,20.018607,73.645916,1,33,9.0,2,1,0,1,1,1,0,1,0,94.6,2,2,1,1,0,0,0,1,1,29.0,4981,26.0,33.3,17.0,4,2.9,2.7,20.0,1,1,49.5,Poor,High,2,3,4,1,29.0,0.0008028904054596548,1.65
LOC0830,Hyderabad Degree College,2,8,12,17.310435,78.591472,1,39,17.0,1,1,1,0,1,0,0,0,0,80.0,2,0,1,1,1,0,1,1,0,29.0,1082,7.0,39.5,17.0,6,2.8,2.9,5.0,1,2,55.8,Average,High,2,1,2,2,0.0,0.00554016620498615,1.8599999999999999
LOC0831,Patna City Hospital,4,19,2,25.642134,85.019065,1,58,17.0,7,1,1,0,1,0,0,0,0,80.3,2,2,2,1,0,0,0,1,1,19.0,3069,14.0,94.8,10.0,4,2.4,2.1,10.0,0,2,52.3,Poor,High,2,1,5,1,19.0,0.0013029315960912053,2.6149999999999998
LOC0832,Chennai City Bus Stop,1,4,11,12.972456,80.174834,1,6,6.0,1,0,0,0,0,0,0,0,0,81.3,1,2,2,1,0,0,1,0,1,14.0,2875,15.0,51.7,15.0,0,3.1,3.1,11.0,1,0,42.4,Poor,High,0,0,5,1,14.0,0.0,2.8266666666666667
LOC0833,Thane Lake View Point,8,22,9,19.141182,72.955966,1,181,48.0,1,0,0,0,0,0,1,1,0,62.8,2,0,2,1,0,0,1,0,1,10.0,615,7.0,17.1,19.0,3,2.4,2.3,10.0,1,1,34.0,Poor,High,1,1,3,1,10.0,0.00487012987012987,3.090909090909091
LOC0834,Surat Bus Depot,1,21,5,21.129335,72.832855,1,16,16.0,1,0,0,0,0,0,0,0,0,70.7,0,1,1,1,0,0,1,0,0,7.0,1320,2.0,11.3,18.0,4,2.3,1.9,23.0,1,0,21.6,Poor,High,0,0,3,1,0.0,0.003028009084027252,2.7
LOC0835,Kochi Medical Center,4,12,7,10.002881,76.279473,1,25,19.0,7,1,1,0,0,1,0,0,1,79.7,1,1,2,1,0,0,0,1,2,30.0,1945,11.0,90.0,14.0,0,3.7,3.6,12.0,1,1,86.5,Good,Low,3,1,4,1,60.0,0.0,2.7903225806451615
LOC0836,Ahmedabad Domestic Airport,0,0,5,23.014606,72.602432,1,7,7.0,4,1,1,0,0,1,1,1,1,71.0,1,1,1,1,1,0,1,0,2,8.0,11326,55.0,220.0,6.0,1,3.6,3.8,18.0,0,1,85.3,Good,Medium,4,2,3,1,16.0,8.828462964597864e-05,9.477777777777778
LOC0837,Mumbai City Hospital,4,15,9,18.965724,72.906843,0,30,14.0,2,1,1,1,1,1,1,0,1,95.7,1,0,2,1,1,0,0,1,2,19.0,1645,13.0,68.9,11.0,1,3.5,3.7,23.0,1,2,100.0,Excellent,Low,5,2,3,1,38.0,0.0006075334143377885,5.0
LOC0838,Nashik Domestic Airport,0,18,9,20.052181,73.681214,0,10,2.0,7,1,1,1,1,1,1,1,1,97.7,1,2,0,1,1,0,1,1,2,24.0,14829,63.0,201.7,11.0,1,3.5,3.7,16.0,1,0,100.0,Excellent,Low,5,3,3,2,48.0,6.743088334457182e-05,4.0
LOC0839,Jaipur Junction,7,10,10,26.779007,75.69283,1,62,27.0,1,1,1,1,1,1,1,1,1,100.2,2,0,1,1,1,0,1,0,2,16.0,7706,35.0,86.9,9.0,4,2.8,2.8,22.0,2,1,69.5,Average,High,5,3,2,1,32.0,0.0005190086933956144,4.088235294117647
LOC0840,Bhopal Airport Terminal,0,2,8,23.14048,77.3685,0,29,11.0,6,1,0,1,0,1,0,0,1,93.9,0,2,2,0,1,0,1,1,1,35.0,15257,63.0,189.6,6.0,0,3.1,3.3,20.0,1,2,69.8,Average,Medium,3,1,4,2,35.0,0.0,1.9388888888888889
LOC0841,Surat Lake View Point,8,21,5,21.037126,72.711018,0,143,34.0,1,1,0,0,0,0,1,0,1,75.9,2,0,1,0,0,0,1,1,0,23.0,1266,2.0,27.7,16.0,12,1.4,1.3,1.0,1,0,17.1,Poor,High,3,0,1,2,0.0,0.009471191791633781,0.7125
LOC0842,Mysuru General Hospital,4,16,6,12.390144,76.779899,0,47,20.0,7,1,1,0,0,1,1,0,1,75.8,0,1,0,0,0,1,1,1,2,9.0,4649,25.0,90.1,3.0,3,3.0,2.7,8.0,0,0,77.2,Good,Low,4,1,1,2,18.0,0.0006451612903225806,7.720000000000001
LOC0843,Nashik Municipal Office,3,18,9,19.960844,73.667282,1,67,14.0,3,0,0,1,0,0,0,0,1,84.4,2,1,1,0,1,0,1,1,1,33.0,3867,12.0,33.6,17.0,7,2.5,2.4,7.0,1,1,34.3,Poor,High,2,0,2,2,33.0,0.0018097207859358842,1.0088235294117647
LOC0844,Lucknow Green Park,6,14,13,26.985648,80.831653,0,45,16.0,1,1,1,0,0,0,0,0,0,90.8,2,1,2,1,0,0,0,1,1,7.0,325,2.0,12.2,16.0,1,1.9,2.1,3.0,1,1,62.5,Average,Medium,2,0,4,1,7.0,0.003067484662576687,7.8125
LOC0845,Nashik Railway Station,7,18,9,19.877049,73.644162,1,53,22.0,3,1,1,0,1,0,0,1,0,78.9,1,0,0,0,1,0,1,1,0,33.0,15786,57.0,85.0,14.0,6,1.8,1.6,2.0,1,1,80.4,Good,Medium,2,2,0,2,0.0,0.0003800595426616837,2.364705882352941
LOC0846,Kanpur College of Engineering,2,11,13,26.369509,80.361647,1,23,5.0,3,1,1,1,0,0,1,1,0,86.8,1,0,0,0,0,1,0,0,0,31.0,4241,22.0,60.0,7.0,1,3.2,3.3,16.0,1,1,88.8,Good,Low,4,1,0,0,0.0,0.00023573785950023574,2.775
LOC0847,Visakhapatnam Tehsil Office,3,25,0,17.558611,83.074484,1,72,19.0,2,0,0,1,0,0,0,0,1,79.1,2,1,0,1,0,1,1,0,1,36.0,4463,18.0,58.1,6.0,5,3.7,3.9,21.0,1,2,55.6,Average,Medium,2,0,2,1,36.0,0.0011200716845878136,1.5027027027027027
LOC0848,Patna Grand Mall,5,19,2,25.601792,85.221692,1,9,9.0,2,1,1,1,1,1,1,1,1,96.3,1,1,1,1,1,0,1,1,0,6.0,10960,45.0,111.5,10.0,2,2.2,2.6,1.0,0,2,100.0,Excellent,Medium,5,3,3,2,0.0,0.00018246510354894625,14.285714285714286
LOC0849,Lucknow Grand Mall,5,14,13,26.938248,80.983977,1,10,10.0,3,1,1,1,0,0,0,0,1,87.6,0,2,2,1,1,0,1,0,1,30.0,8088,26.0,134.9,10.0,3,3.7,3.6,20.0,1,0,64.8,Average,Medium,4,0,5,1,30.0,0.00037087402645568057,2.0903225806451613
LOC0850,Pune Central Park,6,20,9,18.525661,73.823994,1,30,12.0,1,0,1,1,1,0,0,0,1,82.5,2,0,2,1,1,1,0,1,1,2.0,1859,7.0,26.3,15.0,1,1.2,1.2,4.0,2,0,51.2,Poor,High,3,1,3,1,2.0,0.0005376344086021505,17.066666666666666
LOC0851,Visakhapatnam Public Garden,6,25,0,17.674333,83.158626,1,2,2.0,1,0,1,0,0,1,0,0,0,78.4,0,2,2,1,0,1,0,0,2,19.0,2940,7.0,18.6,17.0,3,2.4,2.3,5.0,2,2,47.8,Poor,High,1,1,5,0,38.0,0.0010200612036722204,2.3899999999999997
LOC0852,Udaipur Junction,7,24,10,24.477362,73.655619,1,31,10.0,1,1,0,1,0,0,0,1,0,98.6,2,0,2,1,0,0,1,0,2,40.0,5239,25.0,77.8,19.0,5,2.9,2.8,11.0,1,2,56.9,Average,Medium,2,1,3,1,80.0,0.0009541984732824427,1.3878048780487804
LOC0853,Chandigarh Temple Complex,8,3,3,30.871147,76.922023,1,116,38.0,1,0,0,0,1,0,0,0,0,72.3,2,2,1,0,0,0,0,0,1,4.0,2032,6.0,22.3,15.0,4,1.5,1.1,10.0,1,2,13.6,Poor,High,0,1,3,0,4.0,0.001967535661583866,2.7199999999999998
LOC0854,Mysuru Airport Terminal,0,16,6,12.427553,76.57444,1,29,17.0,6,1,1,1,0,1,1,0,1,95.9,0,0,2,1,0,1,1,1,0,39.0,12402,55.0,125.6,14.0,5,3.2,3.3,1.0,1,2,88.2,Good,Medium,5,1,3,2,0.0,0.0004031282754172378,2.205
LOC0855,Indore Heritage Fort,8,9,8,22.69047,75.886514,1,19,18.0,1,0,0,0,1,1,0,0,0,70.0,2,2,2,1,0,0,1,0,1,4.0,1430,14.0,22.2,19.0,3,2.4,2.3,2.0,1,1,35.4,Poor,High,0,2,5,1,4.0,0.0020964360587002098,7.08
LOC0856,Chennai Medical Center,4,4,11,12.947613,80.232178,0,39,20.0,5,1,0,1,1,0,1,0,1,96.8,2,1,2,1,0,0,1,1,1,24.0,2430,13.0,98.9,17.0,3,2.7,2.7,15.0,1,2,75.4,Good,Medium,4,1,4,2,24.0,0.0012340600575894694,3.016
LOC0857,Ahmedabad International Airport,0,0,5,22.944948,72.626447,1,23,6.0,4,1,1,1,0,1,1,0,0,94.0,2,1,2,1,0,0,1,1,1,19.0,9233,50.0,176.3,10.0,1,2.3,1.7,7.0,1,1,81.5,Good,Medium,4,1,4,2,19.0,0.00010829542993285683,4.075
LOC0858,Jaipur Government College,2,10,10,26.808183,75.858563,1,14,14.0,1,1,1,1,1,0,1,0,0,98.9,2,1,2,1,1,0,0,1,1,11.0,586,2.0,28.0,19.0,2,2.7,2.1,13.0,2,1,77.9,Good,Medium,4,1,4,1,11.0,0.0034071550255536627,6.491666666666667
LOC0859,Jaipur Bus Stand,1,10,10,27.058374,75.653026,1,37,17.0,1,0,0,0,1,0,1,0,0,80.3,1,2,0,0,0,1,1,0,2,11.0,662,3.0,10.7,17.0,6,3.0,3.0,16.0,1,1,54.9,Poor,High,1,1,2,1,22.0,0.00904977375565611,4.575
LOC0860,Chennai Airport Terminal,0,4,11,13.186108,80.180364,1,16,16.0,4,1,0,1,0,0,1,0,1,91.4,0,1,0,1,1,0,1,0,0,23.0,12579,61.0,243.6,10.0,9,3.0,3.7,14.0,1,2,78.3,Good,Medium,4,0,2,1,0.0,0.0007154213036565977,3.2624999999999997
LOC0861,Guwahati Collectorate Office,3,7,1,26.254932,91.765076,1,43,26.0,2,1,0,0,0,0,0,1,0,82.3,2,1,0,0,0,0,1,0,1,24.0,4541,17.0,42.9,16.0,4,1.7,2.1,8.0,1,1,50.9,Poor,High,1,1,1,1,24.0,0.0008806693086745927,2.036
LOC0862,Nashik Junction,7,18,9,19.86699,73.745706,1,79,16.0,3,1,0,0,0,0,0,0,0,86.1,0,2,1,1,0,0,1,0,0,9.0,6026,28.0,38.3,14.0,4,2.3,2.4,3.0,1,0,19.5,Poor,High,1,0,4,1,0.0,0.000663680106188817,1.95
LOC0863,Bhopal Collectorate Office,3,2,8,23.214912,77.305691,0,59,13.0,3,1,0,1,0,1,0,0,0,79.1,0,0,1,1,0,0,1,0,1,33.0,2536,17.0,40.5,19.0,0,3.4,3.5,15.0,1,2,57.3,Average,Medium,2,1,2,1,33.0,0.0,1.6852941176470588
LOC0864,Nagpur Domestic Airport,0,17,9,21.050647,79.123504,0,22,4.0,6,1,1,1,0,1,1,0,1,90.6,1,0,1,1,0,0,0,1,1,18.0,13558,58.0,177.1,5.0,2,4.4,4.6,11.0,1,2,96.7,Excellent,Medium,5,1,2,1,18.0,0.00014750350320820118,5.089473684210526
LOC0865,Nagpur Lake View Point,8,17,9,21.175106,79.158394,1,35,6.0,1,0,0,1,1,0,0,0,1,86.6,2,1,1,0,0,0,1,1,2,11.0,814,3.0,16.4,17.0,5,3.4,3.3,21.0,1,0,35.4,Poor,High,2,1,2,2,22.0,0.006134969325153374,2.9499999999999997
LOC0866,Hyderabad Government College,2,8,12,17.374281,78.575917,1,40,7.0,2,1,0,0,1,0,0,0,0,80.4,0,2,2,1,0,0,1,1,2,10.0,4761,14.0,27.4,16.0,5,2.3,2.2,3.0,1,0,41.4,Poor,High,1,1,5,2,20.0,0.0010499790004199917,3.7636363636363637
LOC0867,Kanpur International Airport,0,11,13,26.568162,80.302002,0,6,6.0,3,1,1,1,1,0,1,0,1,102.7,1,1,1,1,0,0,1,0,1,25.0,18423,80.0,196.5,1.0,1,3.5,3.4,10.0,0,2,100.0,Excellent,Medium,5,1,3,1,25.0,5.427702996092054e-05,3.8461538461538463
LOC0868,Nagpur Government College,2,17,9,21.123982,79.188174,1,34,15.0,1,0,1,1,1,0,1,0,1,82.6,0,1,0,1,0,1,0,1,2,15.0,1925,2.0,55.4,13.0,2,1.8,1.7,5.0,1,1,83.0,Good,Low,4,1,2,1,30.0,0.0010384215991692627,5.1875
LOC0869,Kochi Grand Mall,5,12,7,10.055162,76.180667,0,2,2.0,3,1,1,0,1,0,1,0,0,73.9,2,2,0,1,1,0,0,0,1,5.0,17017,65.0,151.1,7.0,0,3.6,4.0,0.0,1,2,78.6,Good,Medium,3,1,3,0,5.0,0.0,13.1
LOC0870,Surat Degree College,2,21,5,21.189197,72.976779,0,65,25.0,2,0,1,1,1,0,0,0,1,92.8,2,0,2,1,0,0,1,1,1,36.0,1347,11.0,50.0,16.0,2,3.4,3.6,6.0,2,1,60.5,Average,Medium,3,1,3,2,36.0,0.001483679525222552,1.635135135135135
LOC0871,Indore Medical Center,4,9,8,22.587295,75.989804,1,33,8.0,6,1,0,1,0,0,0,0,1,99.3,1,1,1,1,0,1,1,0,2,6.0,3193,13.0,53.7,20.0,3,3.8,3.8,13.0,1,1,69.1,Average,Medium,3,0,3,1,12.0,0.000939261114589856,9.87142857142857
LOC0872,Hyderabad Railway Station,7,8,12,17.456982,78.527529,1,53,8.0,2,0,1,1,1,0,0,0,1,81.0,1,1,0,1,1,0,1,1,2,7.0,19703,84.0,132.4,18.0,12,2.8,2.9,5.0,1,0,75.6,Good,Medium,3,1,2,2,14.0,0.0006090133982947625,9.45
LOC0873,Bengaluru Plaza Mall,5,1,6,12.853991,77.683237,0,5,5.0,4,1,1,1,1,0,1,0,1,89.9,0,2,2,1,1,1,0,0,2,29.0,12833,59.0,174.1,9.0,2,2.1,2.3,4.0,1,1,79.8,Good,Medium,5,1,5,0,58.0,0.00015583606046439146,2.6599999999999997
LOC0874,Bengaluru District Office,3,1,6,13.048905,77.469038,1,22,16.0,2,1,0,1,1,0,0,0,0,88.0,1,1,2,1,0,0,1,1,1,11.0,4922,19.0,44.1,17.0,5,2.4,2.2,4.0,1,1,76.1,Good,Medium,2,1,4,2,11.0,0.0010156408693885843,6.341666666666666
LOC0875,Nagpur Central Station,7,17,9,21.170398,79.156362,1,84,33.0,3,0,1,1,1,1,0,0,0,75.3,2,2,0,1,0,0,1,1,1,28.0,12810,52.0,85.3,19.0,5,2.4,2.6,14.0,0,0,44.7,Poor,High,2,2,3,2,28.0,0.0003902895948794005,1.5413793103448277
LOC0876,Surat Bus Stand,1,21,5,21.159062,72.895526,1,2,2.0,1,0,0,1,0,0,0,0,0,83.3,0,0,1,0,0,0,1,0,1,22.0,2858,12.0,20.1,17.0,5,2.8,2.5,6.0,1,1,39.3,Poor,High,1,0,1,1,22.0,0.0017488632388947185,1.708695652173913
LOC0877,Thiruvananthapuram Airport Terminal,0,23,7,8.37782,77.000242,0,23,6.0,3,1,1,1,1,1,0,0,1,89.3,2,0,2,1,1,0,1,1,0,15.0,6403,30.0,196.1,4.0,3,4.2,4.2,21.0,2,1,72.4,Average,Medium,4,2,3,2,0.0,0.00046845721424109934,4.525
LOC0878,Surat Multispeciality Hospital,4,21,5,21.257512,72.975168,1,19,9.0,2,1,1,0,1,0,1,0,0,76.0,0,0,0,1,1,1,0,0,0,26.0,1395,4.0,94.3,11.0,3,3.2,3.1,12.0,0,1,79.5,Good,Low,3,1,1,0,0.0,0.002148997134670487,2.9444444444444446
LOC0879,Delhi Multispeciality Hospital,4,6,4,28.842599,77.249227,0,59,28.0,4,1,1,0,1,0,1,1,0,76.5,1,1,2,0,0,1,1,1,2,6.0,704,7.0,113.6,6.0,1,2.4,2.5,12.0,0,2,90.9,Excellent,Low,3,2,3,2,12.0,0.0014184397163120568,12.985714285714286
LOC0880,Surat Degree College,2,21,5,21.090595,72.970329,0,44,15.0,2,0,0,0,1,1,0,1,0,79.2,0,1,2,1,1,0,0,1,2,19.0,4942,12.0,50.2,14.0,0,2.6,2.8,14.0,1,0,57.1,Average,Medium,0,3,4,1,38.0,0.0,2.855
LOC0881,Mumbai International Airport,0,15,9,18.99101,72.781973,1,7,7.0,3,1,1,1,1,0,1,1,1,90.2,0,1,2,1,1,1,1,0,2,43.0,14758,60.0,215.3,5.0,0,4.5,4.4,0.0,2,2,100.0,Excellent,Low,5,2,4,1,86.0,0.0,2.272727272727273
LOC0882,Patna Health Centre,4,19,2,25.470477,85.219237,1,48,18.0,2,1,1,1,1,0,0,0,1,95.1,2,2,1,1,0,0,1,1,1,22.0,3526,23.0,104.2,10.0,3,2.1,2.1,23.0,1,2,59.6,Average,High,4,1,4,2,22.0,0.0008505812305075135,2.591304347826087
LOC0883,Guwahati Multispeciality Hospital,4,7,1,26.272037,91.806878,1,7,1.0,6,1,1,0,1,1,1,0,0,83.1,0,0,0,1,0,0,1,1,2,37.0,2730,15.0,70.9,16.0,1,3.2,3.5,22.0,1,2,92.5,Excellent,Low,3,2,1,2,74.0,0.0003661662394727206,2.4342105263157894
LOC0884,Udaipur Bus Depot,1,24,10,24.640341,73.805265,1,30,23.0,1,0,0,0,0,0,0,1,1,75.8,2,0,1,0,1,0,0,0,1,11.0,2450,11.0,15.0,24.0,4,2.3,2.2,12.0,1,1,29.6,Poor,High,1,1,1,0,11.0,0.0016319869441044472,2.466666666666667
LOC0885,Delhi Grand Mall,5,6,4,28.627697,76.967048,1,23,14.0,7,1,1,0,1,0,1,1,1,87.3,0,2,2,1,1,0,1,1,2,27.0,16160,70.0,167.7,1.0,2,3.2,3.4,20.0,0,0,71.8,Average,Medium,4,2,5,2,54.0,0.0001237547181486294,2.564285714285714
LOC0886,Nagpur Green Park,6,17,9,21.066211,79.058723,1,31,22.0,1,1,0,0,0,0,1,0,0,79.4,2,1,1,1,1,0,0,1,2,18.0,2811,14.0,22.4,14.0,3,3.1,3.0,4.0,1,0,41.9,Poor,High,2,0,3,1,36.0,0.0010668563300142249,2.205263157894737
LOC0887,Nashik City Centre Mall,5,18,9,20.007521,73.89913,0,3,3.0,2,0,1,1,1,1,1,0,0,79.5,2,1,0,1,1,0,0,1,2,30.0,19087,77.0,191.8,11.0,1,3.4,3.3,21.0,1,2,87.8,Good,Low,3,2,2,1,60.0,5.238893545683152e-05,2.832258064516129
LOC0888,Bengaluru Botanical Garden,8,1,6,13.003245,77.679333,1,190,31.0,1,0,0,0,1,1,0,0,1,67.9,1,1,0,1,0,0,1,1,1,20.0,635,2.0,17.3,18.0,11,1.8,2.1,9.0,1,0,52.5,Poor,High,1,2,2,2,20.0,0.01729559748427673,2.5
LOC0889,Mumbai City Centre Mall,5,15,9,18.95684,72.906264,0,19,13.0,5,1,1,0,0,0,1,0,1,88.9,0,1,1,1,1,0,1,0,2,27.0,19552,77.0,179.4,8.0,1,3.8,3.5,15.0,1,1,74.9,Average,Medium,4,0,3,1,54.0,5.114304710274638e-05,2.6750000000000003
LOC0890,Indore Multispeciality Hospital,4,9,8,22.665416,75.872053,1,39,22.0,2,1,1,1,0,0,0,0,0,106.2,0,0,2,1,1,0,0,1,0,29.0,4415,30.0,98.2,16.0,5,3.2,3.2,5.0,0,2,71.4,Average,Medium,3,0,3,1,0.0,0.0011322463768115942,2.3800000000000003
LOC0891,Pune General Hospital,4,20,9,18.584225,73.796976,0,44,22.0,2,0,1,1,1,0,1,1,1,90.9,1,0,0,0,1,1,0,0,2,5.0,1539,10.0,95.4,17.0,4,2.0,2.1,1.0,1,1,92.6,Excellent,Low,4,2,0,0,10.0,0.0025974025974025974,15.433333333333332
LOC0892,Patna Green Park,6,19,2,25.454274,85.237775,1,11,11.0,1,0,1,1,0,0,1,0,0,82.3,0,1,0,0,1,0,1,0,1,6.0,560,3.0,11.6,22.0,0,3.6,3.6,1.0,2,1,75.9,Good,Low,3,0,1,1,6.0,0.0,10.842857142857143
LOC0893,Thiruvananthapuram Degree College,2,23,7,8.64638,76.87141,0,44,19.0,2,1,0,0,1,1,1,1,1,87.1,0,0,0,1,1,0,0,1,2,26.0,4321,19.0,65.1,3.0,0,2.4,2.4,2.0,1,2,89.0,Good,Low,3,3,1,1,52.0,0.0,3.2962962962962963
LOC0894,Nashik City Centre Mall,5,18,9,20.016989,73.854503,0,6,1.0,6,1,0,0,0,0,1,0,0,84.3,1,0,0,1,1,0,1,1,1,44.0,7203,32.0,120.7,9.0,2,2.9,2.5,18.0,1,1,78.5,Good,Low,2,0,1,2,44.0,0.000277623542476402,1.7444444444444445
LOC0895,Chandigarh Multispeciality Hospital,4,3,3,30.849575,76.697202,0,54,11.0,2,1,0,0,1,0,1,0,0,77.5,0,1,1,1,0,1,0,0,0,26.0,4540,25.0,111.6,13.0,4,2.1,2.2,22.0,1,1,48.5,Poor,High,2,1,3,0,0.0,0.0008808632459810614,1.7962962962962963
LOC0896,Nashik City Park,6,18,9,19.936807,73.76973,1,26,22.0,1,0,1,1,0,0,0,0,1,92.8,2,0,1,1,0,0,0,1,1,22.0,1174,9.0,14.2,18.0,5,2.3,2.6,14.0,2,2,44.3,Poor,High,3,0,2,1,22.0,0.00425531914893617,1.9260869565217391
LOC0897,Delhi Public Garden,6,6,4,28.806276,76.9569,1,47,25.0,1,0,0,0,0,1,0,0,0,76.9,0,1,0,1,1,0,0,1,2,4.0,2840,6.0,21.2,23.0,7,1.7,1.6,5.0,1,1,49.6,Poor,Medium,0,1,2,1,8.0,0.0024639211545230554,9.92
LOC0898,Ahmedabad Grand Mall,5,0,5,22.894569,72.582555,0,8,2.0,7,1,1,0,0,1,1,1,1,84.6,1,2,1,1,1,0,0,1,0,38.0,13690,58.0,180.5,10.0,1,3.7,4.0,2.0,1,2,82.3,Good,Medium,4,2,4,1,0.0,7.304068366079907e-05,2.1102564102564103
LOC0899,Thiruvananthapuram Municipal Office,3,23,7,8.538723,76.803025,1,51,19.0,3,0,1,1,0,0,0,0,0,92.8,0,0,0,1,1,0,0,0,2,38.0,1509,4.0,29.9,18.0,3,2.2,1.9,1.0,1,0,60.8,Average,Low,2,0,1,0,76.0,0.001986754966887417,1.558974358974359
LOC0900,Nashik City Hospital,4,18,9,20.113515,73.710442,1,51,12.0,3,1,1,1,1,0,0,0,1,87.2,1,2,0,1,1,0,0,1,0,34.0,3733,13.0,128.5,10.0,7,2.5,2.2,14.0,2,2,74.2,Average,Medium,4,1,3,1,0.0,0.0018746652383502945,2.12
LOC0901,Jaipur City Bus Stop,1,10,10,27.018036,75.88134,1,34,22.0,1,1,0,1,0,1,1,0,0,96.5,1,2,2,0,0,0,1,0,0,22.0,549,7.0,10.0,27.0,8,2.4,2.4,16.0,1,0,48.8,Poor,High,3,1,4,1,0.0,0.014545454545454545,2.1217391304347823
LOC0902,Patna Multispeciality Hospital,4,19,2,25.459608,85.238612,1,28,4.0,7,1,1,0,0,1,0,0,1,80.0,0,0,2,1,0,1,1,1,2,25.0,3262,13.0,77.2,15.0,6,3.9,4.0,9.0,2,0,60.3,Average,Medium,3,1,3,2,50.0,0.0018387986515476554,2.319230769230769
LOC0903,Thane Plaza Mall,5,22,9,19.122151,73.08063,0,19,17.0,2,1,1,1,0,0,1,0,1,86.3,1,2,2,1,0,1,0,0,2,30.0,8993,37.0,87.9,16.0,3,3.5,3.4,1.0,1,2,83.3,Good,Medium,5,0,5,0,60.0,0.000333555703802535,2.6870967741935483
LOC0904,Mumbai Degree College,2,15,9,19.022749,72.983214,0,49,11.0,3,0,0,1,0,0,1,0,0,85.0,0,2,1,1,1,0,0,1,1,24.0,4786,25.0,48.4,11.0,3,2.6,2.8,6.0,1,2,42.9,Poor,High,2,0,4,1,24.0,0.0006266973052015876,1.716
LOC0905,Chandigarh Junction,7,3,3,30.755705,76.88751,1,30,24.0,2,1,0,1,1,1,0,1,0,100.0,0,1,2,1,0,0,1,1,1,25.0,5711,18.0,106.7,11.0,3,4.3,4.5,0.0,1,1,88.1,Good,Low,2,3,4,2,25.0,0.0005252100840336134,3.3884615384615384
LOC0906,Hyderabad International Airport,0,8,12,17.460504,78.497751,1,12,12.0,5,1,1,1,1,0,0,1,1,100.1,1,1,2,0,0,1,1,0,2,6.0,6315,30.0,176.7,3.0,0,3.8,3.7,19.0,0,2,100.0,Excellent,Low,4,2,3,1,12.0,0.0,14.285714285714286
LOC0907,Chennai Green Park,6,4,11,13.229856,80.12937,1,27,7.0,1,1,0,1,0,0,0,1,0,98.4,2,2,2,1,0,0,1,0,2,9.0,2065,5.0,17.7,16.0,3,2.7,2.4,21.0,1,1,45.2,Poor,High,2,1,5,1,18.0,0.001452081316553727,4.5200000000000005
LOC0908,Bengaluru Bus Depot,1,1,6,12.945784,77.55747,1,20,19.0,1,0,1,1,0,0,0,0,0,84.6,2,2,1,1,0,0,1,0,1,4.0,492,2.0,12.5,16.0,7,2.5,2.4,9.0,1,0,26.9,Poor,High,2,0,4,1,4.0,0.014198782961460446,5.38
LOC0909,Coimbatore Central Station,7,5,11,11.132511,76.898326,1,39,13.0,3,1,0,0,0,0,1,0,0,80.5,2,1,1,1,0,0,1,1,0,38.0,18769,75.0,134.5,18.0,12,3.7,3.3,18.0,1,0,28.6,Poor,High,2,0,3,2,0.0,0.0006393180607352157,0.7333333333333334
LOC0910,Bengaluru General Hospital,4,1,6,12.875778,77.696419,0,11,11.0,7,1,1,1,0,0,1,1,0,97.0,1,1,0,1,1,0,1,1,2,28.0,2481,19.0,116.0,11.0,3,3.4,3.1,0.0,0,1,100.0,Excellent,Low,4,1,2,2,56.0,0.0012087026591458502,3.4482758620689653
LOC0911,Indore Museum,8,9,8,22.776949,75.910131,0,172,28.0,1,0,1,0,1,0,0,0,1,66.1,1,2,2,1,0,0,1,0,0,19.0,777,2.0,20.9,23.0,7,1.2,1.7,2.0,2,0,30.8,Poor,High,2,1,5,1,0.0,0.008997429305912597,1.54
LOC0912,Jaipur Airport Terminal,0,10,10,26.98759,75.642391,0,8,8.0,3,0,1,1,1,1,1,0,1,84.9,0,0,2,1,1,0,1,0,0,20.0,15104,63.0,249.3,1.0,2,3.4,3.6,0.0,1,2,89.2,Good,Medium,4,2,3,1,0.0,0.000132406487917908,4.247619047619048
LOC0913,Thane Central Park,6,22,9,19.263259,73.078292,1,13,9.0,1,1,1,1,0,0,0,0,1,96.7,0,0,2,0,0,0,1,1,2,4.0,765,2.0,16.0,20.0,4,1.2,1.1,16.0,1,1,67.8,Average,Medium,4,0,2,2,8.0,0.005221932114882507,13.559999999999999
LOC0914,Coimbatore Railway Station,7,5,11,10.95957,77.029076,1,42,9.0,2,0,0,0,0,1,1,0,1,75.2,0,1,2,1,0,0,1,1,0,44.0,3458,16.0,90.8,9.0,7,2.2,1.9,17.0,1,1,49.3,Poor,High,2,1,4,2,0.0,0.002023706273489448,1.0955555555555554
LOC0915,Surat Institute of Technology,2,21,5,21.148654,72.726589,1,14,14.0,1,1,0,1,0,1,0,1,0,104.7,0,0,2,1,1,0,0,1,0,39.0,1387,2.0,49.7,15.0,5,2.5,2.9,8.0,1,0,60.3,Average,Medium,2,2,3,1,0.0,0.0036023054755043226,1.5074999999999998
LOC0916,Visakhapatnam Central Station,7,25,0,17.693772,83.287805,1,33,11.0,1,1,0,0,0,0,0,0,0,77.0,2,0,2,1,0,1,0,1,0,38.0,3555,14.0,50.9,22.0,7,4.1,4.2,4.0,1,2,44.8,Poor,High,1,0,3,1,0.0,0.001968503937007874,1.1487179487179486
LOC0917,Indore Public Garden,6,9,8,22.714751,75.895428,0,20,17.0,1,1,1,0,1,0,1,0,0,77.6,0,1,1,0,0,0,1,1,2,6.0,2596,11.0,27.2,15.0,4,2.7,2.4,13.0,0,1,65.9,Average,Medium,3,1,2,2,12.0,0.0015402387370042356,9.414285714285715
LOC0918,Thane Temple Complex,8,22,9,19.347473,73.047278,1,188,37.0,1,0,0,0,0,0,0,0,0,68.3,1,0,0,0,0,0,0,1,1,11.0,1968,12.0,23.7,18.0,6,1.0,1.0,14.0,1,1,37.9,Poor,Medium,0,0,0,1,11.0,0.0030472320975114273,3.158333333333333
LOC0919,Jaipur General Hospital,4,10,10,26.772852,75.645975,0,8,2.0,5,1,0,1,0,0,1,0,1,89.1,1,0,1,1,1,0,1,1,0,21.0,1794,13.0,67.0,18.0,3,3.3,2.8,23.0,1,1,65.6,Average,Medium,4,0,2,2,0.0,0.001671309192200557,2.9818181818181815
LOC0920,Hyderabad Tehsil Office,3,8,12,17.500215,78.462792,1,26,10.0,1,1,0,0,1,0,0,0,1,80.0,0,0,2,1,1,0,0,0,2,11.0,725,2.0,38.0,14.0,3,2.1,1.9,19.0,1,2,62.6,Average,Medium,2,1,3,0,22.0,0.004132231404958678,5.216666666666667
LOC0921,Thane District Office,3,22,9,19.315355,72.831024,1,24,8.0,3,0,1,1,0,1,1,0,1,90.9,2,2,2,1,0,0,1,1,1,34.0,4992,17.0,39.7,10.0,2,3.3,2.6,13.0,0,0,55.7,Average,Medium,4,1,5,2,34.0,0.0004005607850991388,1.5914285714285714
LOC0922,Nashik Railway Station,7,18,9,20.030202,73.760843,1,70,22.0,1,0,0,0,0,0,1,0,0,81.1,0,2,1,1,0,0,1,1,0,16.0,16770,71.0,114.3,6.0,8,1.9,2.1,17.0,1,0,12.5,Poor,High,1,0,4,2,0.0,0.0004770138930296345,0.7352941176470589
LOC0923,Mysuru Temple Complex,8,16,6,12.207671,76.637931,1,102,19.0,1,0,0,0,0,1,0,0,1,72.9,0,0,2,0,1,0,1,0,1,10.0,1343,11.0,24.0,20.0,5,1.7,1.5,8.0,1,0,31.4,Poor,High,1,1,2,1,10.0,0.003720238095238095,2.8545454545454545
LOC0924,Kochi Degree College,2,12,7,9.90322,76.394331,0,24,11.0,2,0,1,1,0,0,1,1,0,85.9,2,0,2,1,0,0,0,0,2,5.0,762,7.0,65.2,10.0,3,2.6,2.5,9.0,0,1,55.4,Average,Medium,3,1,3,0,10.0,0.003931847968545216,9.233333333333333
LOC0925,Guwahati Collectorate Office,3,7,1,26.138836,91.607573,1,43,26.0,3,0,0,1,0,0,1,0,0,84.8,1,0,0,0,0,0,0,1,1,9.0,610,2.0,36.6,13.0,4,3.6,3.7,8.0,1,2,70.1,Average,Medium,2,0,0,1,9.0,0.006546644844517185,7.01
LOC0926,Ahmedabad Temple Complex,8,0,5,23.071809,72.680339,1,148,27.0,1,0,0,0,1,0,0,0,0,77.7,0,2,2,0,0,0,1,1,1,22.0,1074,2.0,15.4,17.0,9,1.9,1.9,16.0,1,0,21.6,Poor,High,0,1,4,2,22.0,0.008372093023255815,0.9391304347826087
LOC0927,Kolkata Junction,7,13,14,22.65401,88.222842,1,44,22.0,1,1,0,1,1,0,0,0,0,97.5,1,0,2,0,0,1,1,1,2,17.0,8582,44.0,84.3,7.0,5,1.5,1.9,1.0,1,0,64.8,Average,Medium,2,1,2,2,34.0,0.0005825468950250495,3.5999999999999996
LOC0928,Guwahati Central Station,7,7,1,26.255602,91.706212,1,12,12.0,1,1,0,0,1,0,1,0,1,83.3,0,2,1,1,0,0,1,1,1,33.0,7726,34.0,96.6,8.0,1,2.7,2.6,16.0,1,2,59.6,Average,Medium,3,1,4,2,33.0,0.00012941633234114146,1.7529411764705882
LOC0929,Visakhapatnam Plaza Mall,5,25,0,17.714754,83.123781,0,15,15.0,4,0,1,0,0,1,0,0,1,77.3,1,2,0,1,1,0,1,1,2,17.0,8530,32.0,126.0,3.0,4,4.1,4.4,0.0,0,2,79.3,Good,Medium,2,1,3,2,34.0,0.00046887820888524205,4.405555555555555
LOC0930,Guwahati City Bus Stop,1,7,1,26.150025,91.793148,1,20,16.0,1,1,1,1,0,0,0,0,0,100.9,2,1,1,0,0,0,1,0,0,22.0,1203,2.0,11.6,20.0,11,2.9,2.8,20.0,1,0,40.6,Poor,High,3,0,2,1,0.0,0.009136212624584718,1.7652173913043478
LOC0931,Ahmedabad Medical Center,4,0,5,23.035391,72.669883,0,20,3.0,4,1,0,1,0,1,0,0,1,88.0,0,0,0,1,1,1,1,1,2,22.0,1957,10.0,91.5,7.0,1,3.6,3.7,5.0,1,2,84.9,Good,Low,3,1,1,2,44.0,0.0005107252298263534,3.691304347826087
LOC0932,Thane Central Park,6,22,9,19.090974,72.833157,1,8,8.0,1,1,0,1,1,1,0,0,0,94.3,2,1,2,1,0,0,1,0,2,8.0,1287,2.0,11.3,27.0,5,2.7,2.8,16.0,1,0,57.4,Average,Medium,2,2,4,1,16.0,0.0038819875776397515,6.377777777777777
LOC0933,Indore Health Centre,4,9,8,22.695248,75.960861,0,48,24.0,4,1,0,0,1,0,1,0,1,72.3,1,0,2,1,0,0,1,0,0,26.0,4110,25.0,122.8,6.0,3,3.2,3.1,13.0,1,1,67.5,Average,Medium,3,1,3,1,0.0,0.0007297494526879105,2.5
LOC0934,Coimbatore Central Station,7,5,11,10.926926,77.096773,1,83,18.0,2,0,0,1,0,0,0,1,0,89.5,0,0,2,1,1,0,1,1,0,36.0,15337,64.0,85.4,18.0,7,2.2,2.0,20.0,1,2,43.8,Poor,High,1,1,3,2,0.0,0.0004563828400052158,1.1837837837837837
LOC0935,Ahmedabad District Office,3,0,5,23.087683,72.709773,1,40,7.0,1,0,0,0,0,0,0,1,1,79.7,2,1,1,1,0,1,0,1,0,10.0,2069,8.0,30.3,18.0,9,3.6,3.4,8.0,1,1,31.1,Poor,High,1,1,3,1,0.0,0.004347826086956522,2.8272727272727276
LOC0936,Chennai Institute of Technology,2,4,11,13.095526,80.209274,1,40,14.0,3,0,0,0,1,0,0,0,0,86.1,1,1,2,1,1,1,1,0,2,26.0,1897,5.0,52.7,17.0,2,2.4,2.6,14.0,1,2,66.4,Average,Medium,0,1,4,1,52.0,0.001053740779768177,2.4592592592592593
LOC0937,Hyderabad Degree College,2,8,12,17.350127,78.623277,0,66,21.0,2,1,1,1,1,0,1,0,0,92.3,0,0,2,1,0,0,0,1,1,35.0,901,5.0,57.5,7.0,3,2.3,2.7,0.0,0,1,80.0,Good,Low,4,1,3,1,35.0,0.0033259423503325942,2.2222222222222223
LOC0938,Mysuru Lake View Point,8,16,6,12.303452,76.623982,1,92,20.0,1,1,1,0,1,0,0,0,0,75.5,0,0,1,0,0,0,0,1,2,24.0,315,3.0,21.8,15.0,3,2.2,2.5,17.0,0,1,47.9,Poor,High,2,1,1,1,48.0,0.00949367088607595,1.916
LOC0939,Delhi District Office,3,6,4,28.798882,77.165012,1,65,18.0,1,1,1,0,0,0,0,0,0,90.4,0,0,0,1,0,0,1,1,2,13.0,4531,15.0,47.4,18.0,3,2.7,2.4,7.0,1,2,74.1,Average,Low,2,0,1,2,26.0,0.0006619593998234775,5.292857142857143
LOC0940,Visakhapatnam City Centre Mall,5,25,0,17.797211,83.196712,0,4,1.0,7,1,1,1,1,1,1,1,1,90.9,0,1,2,1,0,1,1,1,0,28.0,6525,28.0,125.2,13.0,3,3.1,3.5,7.0,2,2,99.0,Excellent,Medium,5,3,4,2,0.0,0.00045969966288691386,3.413793103448276
LOC0941,Thiruvananthapuram International Airport,0,23,7,8.574377,77.033232,1,19,12.0,7,1,1,1,0,1,1,0,0,93.9,0,0,2,1,0,1,1,1,2,9.0,8132,39.0,114.4,11.0,3,3.7,3.9,13.0,0,2,87.9,Good,Low,4,1,3,2,18.0,0.00036886757654002215,8.790000000000001
LOC0942,Patna Degree College,2,19,2,25.469162,85.136194,1,11,11.0,1,0,0,1,0,0,0,0,1,89.7,1,2,1,1,0,1,1,0,0,33.0,1199,8.0,31.2,19.0,3,2.5,2.9,20.0,1,2,42.3,Poor,High,2,0,4,1,0.0,0.0025,1.2441176470588236
LOC0943,Visakhapatnam Government College,2,25,0,17.558763,83.136525,0,63,28.0,2,0,1,0,1,0,1,0,1,71.1,2,1,0,1,0,0,1,1,1,15.0,2307,4.0,73.5,13.0,4,2.7,2.6,8.0,1,2,71.1,Average,Medium,3,1,2,2,15.0,0.0017331022530329288,4.44375
LOC0944,Nagpur Central Station,7,17,9,21.20299,79.208409,1,31,16.0,1,0,1,0,1,0,0,0,0,74.7,2,2,2,1,0,0,1,0,0,28.0,19825,77.0,143.5,12.0,7,2.5,2.3,1.0,2,2,32.7,Poor,High,1,1,5,1,0.0,0.00035307172399878946,1.1275862068965519
LOC0945,Kolkata Government College,2,13,14,22.590884,88.321634,1,50,12.0,3,0,0,0,1,0,0,0,1,74.0,0,2,2,1,1,1,1,1,0,37.0,4177,17.0,51.7,14.0,6,1.7,1.3,18.0,1,1,34.5,Poor,High,1,1,5,2,0.0,0.0014360938247965534,0.9078947368421053
LOC0946,Thiruvananthapuram College of Engineering,2,23,7,8.528709,77.069825,0,27,14.0,3,1,0,1,0,0,0,1,1,93.9,1,2,2,1,0,0,1,1,1,38.0,2612,14.0,56.9,18.0,0,3.9,4.0,23.0,1,1,73.1,Average,Medium,3,1,5,2,38.0,0.0,1.8743589743589741
LOC0947,Pune Multispeciality Hospital,4,20,9,18.614986,73.809297,0,43,24.0,2,1,1,1,1,1,0,0,1,98.8,1,0,0,1,1,0,1,0,0,6.0,4699,24.0,122.2,17.0,2,3.6,3.5,14.0,1,2,100.0,Excellent,Low,4,2,1,1,0.0,0.000425531914893617,14.285714285714286
LOC0948,Indore Shopping Mall,5,9,8,22.720176,75.956414,0,24,17.0,2,1,1,1,1,0,0,1,1,91.0,1,0,2,1,1,0,1,1,2,31.0,16714,66.0,180.7,7.0,5,2.1,1.8,19.0,0,1,91.2,Excellent,Medium,4,2,3,2,62.0,0.0002991325157044571,2.85
LOC0949,Pune Domestic Airport,0,20,9,18.550876,73.846213,0,29,14.0,2,1,1,1,1,1,1,1,1,92.8,0,2,0,1,0,1,0,0,0,21.0,10009,51.0,175.9,2.0,1,4.1,4.3,19.0,1,2,99.2,Excellent,Medium,5,3,3,0,0.0,9.99000999000999e-05,4.509090909090909
LOC0950,Surat Degree College,2,21,5,21.091798,72.759168,1,22,18.0,1,0,1,0,0,0,0,0,0,82.3,0,2,2,1,0,1,0,0,0,22.0,2416,5.0,38.8,24.0,5,3.8,3.6,23.0,2,0,27.9,Poor,High,1,0,5,0,0.0,0.002068680182043856,1.2130434782608694
LOC0951,Visakhapatnam City Centre Mall,5,25,0,17.806072,83.156584,0,4,4.0,3,1,1,1,1,0,0,1,1,88.3,1,0,0,1,0,1,1,1,2,44.0,7163,27.0,138.5,10.0,1,4.5,4.5,20.0,1,2,100.0,Excellent,Low,4,2,1,2,88.0,0.00013958682300390843,2.2222222222222223
LOC0952,Surat Tehsil Office,3,21,5,21.258492,72.786851,1,23,22.0,1,0,1,0,0,1,0,0,1,78.3,0,2,2,0,0,0,0,0,1,13.0,3372,8.0,42.7,6.0,2,3.3,3.1,20.0,2,2,50.3,Poor,High,2,1,4,0,13.0,0.0005929439667951378,3.5928571428571425
LOC0953,Hyderabad Bus Depot,1,8,12,17.315372,78.495616,1,7,1.0,1,0,0,0,1,0,0,1,0,68.8,0,0,2,1,0,1,1,1,1,22.0,2382,11.0,17.2,15.0,4,2.1,2.0,7.0,1,0,47.7,Poor,High,0,2,3,2,22.0,0.001678556441460344,2.073913043478261
LOC0954,Nashik Degree College,2,18,9,19.903442,73.789739,1,46,8.0,1,1,1,1,0,1,1,0,0,81.4,0,0,2,0,1,1,0,1,0,24.0,543,2.0,34.0,16.0,7,3.2,2.9,23.0,1,0,64.0,Average,Medium,4,1,2,1,0.0,0.012867647058823529,2.56
LOC0955,Chennai Airport Terminal,0,4,11,13.095053,80.238593,0,14,14.0,5,1,1,1,1,0,1,1,0,90.4,1,0,0,1,0,0,1,1,2,14.0,6474,25.0,215.7,1.0,1,2.6,2.5,20.0,1,0,99.6,Excellent,Low,4,2,1,2,28.0,0.00015444015444015445,6.64
LOC0956,Kochi General Hospital,4,12,7,10.004578,76.167858,1,58,26.0,2,0,1,0,1,1,0,1,1,72.5,2,0,2,1,0,0,0,1,1,14.0,3342,20.0,87.7,8.0,2,2.4,2.3,3.0,1,1,61.2,Average,Medium,2,3,3,1,14.0,0.0005982650314089142,4.08
LOC0957,Chennai Airport Terminal,0,4,11,12.982795,80.245677,1,13,12.0,2,0,1,1,1,0,1,1,1,85.0,0,0,0,1,1,1,0,0,2,24.0,6179,26.0,167.5,5.0,1,4.7,4.6,11.0,1,1,96.2,Excellent,Low,4,2,1,0,48.0,0.00016181229773462783,3.8480000000000003
LOC0958,Chandigarh Municipal Office,3,3,3,21.053347,76.849813,1,63,19.0,1,1,0,1,0,1,1,0,0,98.0,2,0,2,1,1,0,0,0,2,33.0,1349,7.0,33.9,18.0,3,3.4,3.1,14.0,1,0,53.3,Poor,High,3,1,3,0,66.0,0.0022222222222222222,1.5676470588235294
LOC0959,Udaipur Multispeciality Hospital,4,24,10,24.620497,73.792767,0,17,12.0,6,1,1,1,1,1,0,1,0,85.8,2,0,2,1,1,1,0,1,1,15.0,1135,2.0,90.1,10.0,0,3.5,3.3,17.0,1,2,89.9,Good,Medium,3,3,3,1,15.0,0.0,5.61875
LOC0960,Udaipur City Park,6,24,10,24.667163,73.761669,0,28,18.0,1,0,0,1,0,0,0,0,1,88.8,2,1,0,1,0,0,0,1,1,7.0,2028,5.0,24.3,14.0,2,3.0,3.1,19.0,1,1,53.4,Poor,Medium,2,0,2,1,7.0,0.0009857072449482504,6.675
LOC0961,Chennai Bus Depot,1,4,11,13.135529,80.166361,0,15,15.0,1,0,0,1,1,0,1,0,1,91.4,1,0,1,0,0,0,1,0,0,18.0,764,4.0,10.8,25.0,9,3.3,3.3,17.0,1,0,49.5,Poor,High,3,1,1,1,0.0,0.011764705882352941,2.6052631578947367
LOC0962,Chandigarh Public Garden,6,3,3,30.636664,76.820484,0,32,9.0,1,0,0,0,0,1,0,0,1,78.4,1,1,0,1,0,0,1,1,1,3.0,723,2.0,20.0,7.0,3,2.9,3.2,19.0,1,0,63.5,Average,Low,1,1,2,2,3.0,0.004143646408839779,15.875
LOC0963,Kolkata Collectorate Office,3,13,14,22.482031,88.239796,1,62,28.0,3,0,0,1,0,0,0,0,0,88.7,2,1,1,0,0,0,0,1,2,32.0,3064,10.0,41.0,20.0,4,2.6,2.9,13.0,1,1,26.6,Poor,High,1,0,2,1,64.0,0.0013050570962479609,0.8060606060606061
LOC0964,Thane Museum,8,22,9,19.265992,72.9978,1,109,22.0,1,0,0,0,0,0,0,0,0,72.4,0,0,2,1,0,1,0,0,0,14.0,2013,10.0,18.0,22.0,8,1.1,1.2,14.0,1,0,13.0,Poor,High,0,0,3,0,0.0,0.003972194637537239,0.8666666666666667
LOC0965,Nashik Degree College,2,18,9,19.893594,73.839588,1,47,18.0,1,0,0,1,0,1,0,0,0,90.2,1,1,0,0,1,0,0,0,1,18.0,2189,13.0,58.7,24.0,6,2.7,2.8,0.0,1,2,73.5,Average,Medium,1,1,1,0,18.0,0.0027397260273972603,3.8684210526315788
LOC0966,Visakhapatnam District Office,3,25,0,17.68869,83.14305,1,74,14.0,3,1,0,0,0,0,0,0,0,83.9,0,1,1,0,0,0,0,0,0,7.0,2109,3.0,29.5,22.0,7,2.6,3.0,23.0,1,0,22.8,Poor,High,1,0,2,0,0.0,0.0033175355450236967,2.85
LOC0967,Kanpur Green Park,6,11,13,26.42048,80.276992,0,24,6.0,1,1,0,0,0,0,1,0,1,83.0,0,0,0,0,0,0,1,1,0,10.0,731,2.0,23.6,26.0,5,3.5,3.3,10.0,1,1,59.9,Average,Medium,3,0,0,2,0.0,0.006830601092896175,5.445454545454545
LOC0968,Patna Collectorate Office,3,19,2,25.469257,85.243648,1,34,17.0,1,0,1,1,1,0,1,1,1,91.2,1,2,2,1,0,1,0,1,2,30.0,2254,12.0,24.8,23.0,3,2.9,2.9,20.0,2,0,66.8,Average,Medium,4,2,5,1,60.0,0.0013303769401330377,2.1548387096774193
LOC0969,Delhi Botanical Garden,8,6,4,28.671914,77.128298,1,150,30.0,1,0,1,0,0,0,0,0,0,68.6,2,1,2,1,0,0,0,1,2,17.0,2011,6.0,30.2,18.0,3,2.1,2.2,10.0,2,0,25.2,Poor,High,1,0,4,1,34.0,0.0014910536779324055,1.4
LOC0970,Hyderabad Bus Depot,1,8,12,17.467892,78.535021,1,30,6.0,1,0,0,0,1,0,0,0,1,80.0,2,2,1,1,0,0,1,0,2,20.0,432,2.0,8.4,17.0,3,1.8,1.4,15.0,1,1,23.0,Poor,High,1,1,4,1,40.0,0.006928406466512702,1.0952380952380953
LOC0971,Bengaluru District Office,3,1,6,12.893139,77.642174,1,22,17.0,1,0,0,0,1,0,0,1,0,71.0,0,2,1,0,1,0,1,0,1,22.0,2144,4.0,30.2,11.0,4,2.5,2.3,16.0,1,1,34.8,Poor,High,0,2,3,1,22.0,0.0018648018648018648,1.5130434782608695
LOC0972,Indore City Hospital,4,9,8,22.679242,75.736255,0,27,22.0,2,1,0,1,0,0,0,0,1,91.3,0,2,2,0,1,0,1,1,2,30.0,1814,4.0,103.0,8.0,1,3.9,4.2,22.0,1,1,61.0,Average,Medium,3,0,4,2,60.0,0.0005509641873278236,1.967741935483871
LOC0973,Thane Grand Mall,5,22,9,19.212643,72.837018,0,13,13.0,5,0,1,0,1,0,1,0,1,77.3,1,0,1,1,1,1,0,1,0,34.0,14819,66.0,186.9,11.0,3,4.7,4.6,20.0,0,2,76.9,Good,Medium,3,1,2,1,0.0,0.00020242914979757084,2.1971428571428575
LOC0974,Hyderabad Plaza Mall,5,8,12,17.282787,78.481864,0,17,10.0,7,1,1,1,0,1,1,1,1,95.6,2,1,0,1,1,0,1,1,0,7.0,8433,41.0,180.8,3.0,1,4.8,4.7,5.0,2,1,94.9,Excellent,Medium,5,2,2,2,0.0,0.00011856770215793219,11.8625
LOC0975,Indore General Hospital,4,9,8,22.749678,75.784863,0,33,23.0,7,1,1,1,0,1,0,0,1,103.3,1,0,1,0,0,1,1,1,1,14.0,3773,14.0,114.3,8.0,4,3.4,3.1,8.0,1,2,87.1,Good,Medium,4,1,1,2,14.0,0.0010598834128245894,5.806666666666667
LOC0976,Lucknow City Park,6,14,13,26.996286,81.091767,0,13,9.0,1,0,0,1,1,0,0,0,1,90.9,1,2,1,1,1,0,0,1,1,13.0,667,2.0,21.6,17.0,5,3.2,3.0,22.0,1,1,56.1,Average,High,2,1,4,1,13.0,0.0074850299401197605,4.007142857142857
LOC0977,Indore Shopping Mall,5,9,8,22.713176,75.839069,0,25,7.0,5,1,1,0,1,0,1,0,1,75.8,1,1,0,1,1,0,0,0,0,42.0,6481,18.0,130.9,12.0,2,4.0,3.8,5.0,0,0,90.6,Excellent,Low,4,1,2,0,0.0,0.000308546744831842,2.1069767441860465
LOC0978,Jaipur Domestic Airport,0,10,10,26.788612,75.779407,1,10,10.0,5,1,0,1,1,1,0,1,0,103.0,0,2,1,0,0,1,0,1,1,27.0,3538,23.0,201.1,1.0,2,3.5,3.2,3.0,1,1,67.4,Average,Medium,2,3,3,1,27.0,0.0005651313930488839,2.4071428571428575
LOC0979,Mysuru Airport Terminal,0,16,6,12.266786,76.631713,0,10,2.0,2,1,1,1,1,0,1,1,1,92.2,0,0,0,0,1,0,0,1,1,19.0,10047,46.0,230.2,5.0,0,4.4,4.2,8.0,0,2,100.0,Excellent,Low,5,2,0,1,19.0,0.0,5.0
LOC0980,Thane City Bus Stop,1,22,9,19.195508,73.024298,1,28,14.0,1,0,0,1,0,0,0,0,0,92.4,1,0,1,1,0,0,1,0,1,16.0,2441,16.0,18.5,17.0,4,1.7,1.7,8.0,1,0,42.1,Poor,High,1,0,2,1,16.0,0.001638001638001638,2.476470588235294
LOC0981,Nashik Airport Terminal,0,18,9,20.017238,73.646078,1,30,13.0,3,1,0,1,1,0,1,0,1,105.8,0,1,2,1,1,0,0,1,0,12.0,6075,33.0,132.5,5.0,4,3.4,4.0,11.0,1,1,80.4,Good,Medium,4,1,4,1,0.0,0.0006583278472679394,6.184615384615385
LOC0982,Bhopal Institute of Technology,2,2,8,23.156011,77.314694,0,13,13.0,2,0,1,1,0,1,0,0,0,91.4,0,0,0,1,1,0,1,1,1,11.0,4524,19.0,75.9,15.0,3,1.5,1.0,11.0,0,0,67.0,Average,Low,2,1,1,2,11.0,0.0006629834254143647,5.583333333333333
LOC0983,Coimbatore College of Engineering,2,5,11,11.029653,77.041106,1,67,26.0,2,0,0,0,0,0,1,0,0,73.9,1,2,2,0,0,0,1,1,2,24.0,4773,16.0,50.5,11.0,2,2.3,2.1,9.0,1,0,33.3,Poor,High,1,0,4,2,48.0,0.00041893590280687055,1.3319999999999999
LOC0984,Indore Municipal Office,3,9,8,22.863813,75.788733,1,16,13.0,2,0,0,1,0,0,0,1,0,83.2,2,0,2,0,0,1,0,1,0,39.0,3795,7.0,40.1,17.0,4,1.3,1.2,22.0,1,1,32.4,Poor,High,1,1,2,1,0.0,0.001053740779768177,0.8099999999999999
LOC0985,Lucknow Heritage Fort,8,14,13,26.707519,80.967036,1,33,20.0,1,1,0,0,0,0,0,0,0,87.3,0,1,1,0,0,0,0,1,1,18.0,1280,5.0,27.1,16.0,5,2.4,2.1,23.0,1,1,40.9,Poor,High,1,0,2,1,18.0,0.0039032006245121,2.1526315789473682
LOC0986,Mumbai Bus Depot,1,15,9,19.134037,72.802403,1,24,4.0,1,0,0,0,0,0,0,0,1,82.1,2,0,2,0,0,0,1,0,2,9.0,2846,17.0,18.2,16.0,5,2.7,2.2,16.0,1,2,35.6,Poor,High,1,0,2,1,18.0,0.0017562346329469617,3.56
LOC0987,Ahmedabad Health Centre,4,0,5,22.999382,72.542024,0,30,19.0,3,1,1,1,1,1,1,0,1,96.2,1,0,0,1,1,1,1,1,0,16.0,2120,9.0,100.4,18.0,4,3.7,3.6,8.0,0,2,100.0,Excellent,Medium,5,2,1,2,0.0,0.001885902876001886,5.882352941176471
LOC0988,Thiruvananthapuram Railway Station,7,23,7,8.46284,77.002578,1,76,25.0,2,0,0,1,0,0,0,0,1,87.2,0,2,1,0,1,0,1,1,2,34.0,4292,17.0,97.4,14.0,5,2.0,2.1,22.0,1,2,29.8,Poor,High,2,0,3,2,68.0,0.0011646866992778943,0.8514285714285714
LOC0989,Mysuru Tehsil Office,3,16,6,12.236962,76.649088,1,54,17.0,1,1,1,0,0,0,0,0,0,80.6,0,0,1,1,0,0,0,1,2,5.0,2437,15.0,35.1,16.0,3,3.2,3.4,5.0,2,0,40.7,Poor,High,2,0,2,1,10.0,0.0012305168170631665,6.783333333333334
LOC0990,Udaipur College of Engineering,2,24,10,24.501674,73.809496,1,18,5.0,3,1,1,1,1,0,1,1,0,94.0,0,1,2,0,0,0,1,1,1,7.0,1073,10.0,36.9,18.0,4,3.1,3.3,16.0,0,1,89.4,Good,Medium,4,2,3,2,7.0,0.0037243947858473,11.175
LOC0991,Lucknow Railway Station,7,14,13,26.877213,80.973002,1,79,25.0,3,0,0,1,0,0,1,1,0,85.9,2,0,2,1,1,0,0,1,0,14.0,16711,66.0,102.3,8.0,5,2.2,2.7,14.0,1,1,39.7,Poor,High,2,1,3,1,0.0,0.00029918621349928195,2.646666666666667
LOC0992,Thane International Airport,0,22,9,19.233214,72.971314,1,14,7.0,4,1,1,1,0,1,1,0,1,94.8,0,1,2,1,1,0,0,0,2,11.0,4902,31.0,216.3,3.0,4,4.2,4.2,2.0,1,2,100.0,Excellent,Medium,5,1,4,0,22.0,0.0008158270446665307,8.333333333333334
LOC0993,Mumbai Junction,7,15,9,18.97197,72.772854,1,51,27.0,1,0,0,0,0,0,1,0,0,79.6,2,1,0,0,0,0,1,1,0,25.0,6455,30.0,82.2,18.0,6,3.5,3.7,21.0,1,2,44.3,Poor,High,1,0,1,2,0.0,0.0009293680297397769,1.7038461538461538
LOC0994,Chennai Plaza Mall,5,4,11,13.054544,80.369869,0,4,4.0,2,1,1,1,0,1,1,0,1,95.1,1,1,2,1,0,0,0,1,0,34.0,8790,35.0,195.3,5.0,3,3.2,3.2,6.0,1,0,91.7,Excellent,Medium,5,1,4,1,0.0,0.0003412581048799909,2.62
LOC0995,Mumbai Municipal Office,3,15,9,19.148229,72.944096,1,33,9.0,2,0,0,0,0,0,0,0,0,77.7,1,2,1,1,1,0,1,0,1,22.0,3241,12.0,42.2,23.0,6,2.7,3.0,20.0,1,0,26.4,Poor,High,0,0,4,1,22.0,0.001850709438618137,1.1478260869565218
LOC0996,Kolkata Museum,8,13,14,22.576159,88.410837,1,92,19.0,1,1,0,1,0,0,0,0,0,89.6,2,0,0,0,1,0,1,0,2,19.0,1951,3.0,15.9,15.0,3,2.8,2.5,18.0,1,0,40.4,Poor,Medium,2,0,0,1,38.0,0.0015368852459016393,2.02
LOC0997,Udaipur General Hospital,4,24,10,24.4515,73.744022,1,35,18.0,5,1,1,0,0,1,1,1,1,82.6,0,0,2,1,1,0,1,1,2,30.0,2583,14.0,127.2,8.0,3,2.7,2.8,8.0,1,2,87.1,Good,Low,4,2,3,2,60.0,0.0011609907120743034,2.8096774193548386
LOC0998,Nashik Shopping Mall,5,18,9,19.867649,73.902173,0,7,7.0,5,1,1,1,0,0,1,0,1,89.5,2,1,0,1,1,1,0,1,1,14.0,3183,7.0,90.6,13.0,0,3.5,3.4,20.0,1,2,92.9,Excellent,Low,5,0,2,1,14.0,0.0,6.193333333333333
LOC0999,Thiruvananthapuram College of Engineering,2,23,7,8.438924,76.851791,1,16,15.0,2,1,0,0,0,0,0,1,1,81.5,0,0,0,1,0,0,1,1,0,7.0,3635,16.0,44.5,15.0,7,3.3,3.5,19.0,1,0,53.8,Poor,High,2,1,1,2,0.0,0.0019251925192519251,6.725
LOC1000,Thane Heritage Fort,8,22,9,19.360064,72.971813,1,184,49.0,1,0,0,0,0,1,0,0,1,61.2,2,2,1,1,0,0,1,1,1,16.0,2018,7.0,26.1,16.0,6,1.8,1.7,2.0,1,0,8.9,Poor,High,1,1,4,2,16.0,0.0029717682020802376,0.5235294117647059
