Location_ID,Location_Name,Location_Type,City,State,Latitude,Longitude,Ownership_Type,Building_Age_Years,Last_Renovation_Years_Ago,Number_of_Floors,Ramp_Available,Elevator_Available,Wheelchair_Entrance,Braille_Signage,Audio_Announcements,Accessible_Washroom,Tactile_Path,Reserved_Parking,Door_Width_cm,Footpath_Condition,Lighting,Safety_Level,CCTV_Available,Staff_Trained_Accessibility,Multilingual_Signage,Public_Transport_Nearby,Parking_Available,Crowd_Level,Average_Waiting_Time,Daily_Footfall,Staff_Count,Budget_Allocated_Lakh_INR,Complaint_Resolution_Days,Accessibility_Complaints,User_Rating,Google_Maps_Rating,Last_Inspection_Months,Lift_Condition,Emergency_Exit_Accessibility,Accessibility_Score,Accessibility_Category,Improvement_Priority
LOC0001,Kolkata Botanical Garden,Tourist Attraction,Kolkata,West Bengal,22.691764,88.446606,Public,168,32,1,No,No,No,No,No,Yes,No,No,60.4,Good,Average,High,No,No,No,No,No,Low,5,214,2,16,13,3,1.8,1.8,12,NA,Partial,47.2,Poor,Medium
LOC0002,Hyderabad Municipal Office,Government Office,Hyderabad,Telangana,17.23612,78.585714,Public,57,12,1,No,No,No,Yes,No,No,No,Yes,78.6,Average,Poor,Medium,Yes,Yes,No,Yes,Yes,Medium,20,2794,9,37.3,12,3,1.9,1.8,15,NA,No,36.1,Poor,High
LOC0003,Thane Government College,College,Thane,Maharashtra,19.107785,73.081622,Public,48,20,3,Yes,Yes,No,No,Yes,No,No,No,84.9,Average,Average,Low,Yes,No,Yes,Yes,No,Low,18,3741,16,31.6,17,6,1.6,1.5,12,Poor,Yes,50.3,Poor,High
LOC0004,Nashik Green Park,Park,Nashik,Maharashtra,19.849054,73.865693,Public,38,22,1,Yes,No,No,No,No,Yes,No,No,82.8,Poor,Average,Low,Yes,No,No,Yes,Yes,Medium,23,2482,9,18.1,21,5,3.2,3.1,12,NA,Partial,38.2,Poor,High
LOC0005,Patna Domestic Airport,Airport,Patna,Bihar,25.647041,85.202726,Public,5,5,4,Yes,Yes,Yes,No,No,Yes,No,Yes,95.6,Average,Good,High,Yes,No,Yes,No,Yes,Medium,5,9770,39,122,10,4,4.4,4.3,18,Good,Yes,100,Excellent,Low
LOC0006,Nashik General Hospital,Hospital,Nashik,Maharashtra,20.017617,73.651496,Public,13,4,5,Yes,Yes,No,No,No,No,No,Yes,77.6,Good,Good,High,Yes,Yes,No,No,No,Medium,32,1068,2,33.4,8,2,3.6,3.6,9,Average,Yes,91.5,Excellent,Low
LOC0007,Bhopal City Centre Mall,Mall,Bhopal,Madhya Pradesh,23.299486,77.509766,Private,18,18,3,No,Yes,Yes,No,Yes,Yes,No,Yes,89.5,Average,Average,High,Yes,Yes,No,Yes,Yes,Medium,31,17743,63,97.9,16,2,3.3,3.6,12,Good,Yes,87.5,Good,Low
LOC0008,Guwahati Collectorate Office,Government Office,Guwahati,Assam,26.018879,91.858118,Public,19,19,3,No,Yes,Yes,No,No,No,Yes,No,88.7,Poor,Good,Medium,No,No,No,Yes,Yes,Medium,31,1450,7,31.8,18,8,3.9,3.8,14,Poor,Partial,49.8,Poor,High
LOC0009,Hyderabad Central Station,Railway Station,Hyderabad,Telangana,17.360931,78.346702,Public,37,22,2,No,Yes,No,No,No,Yes,No,No,69.3,Poor,Good,High,Yes,No,No,Yes,Yes,High,43,12316,49,80.1,8,3,2.9,3.4,10,Poor,Partial,49.3,Poor,High
LOC0010,Indore College of Engineering,College,Indore,Madhya Pradesh,22.868208,75.97431,Public,8,8,2,Yes,Yes,Yes,No,Yes,Yes,No,No,94.1,Poor,Average,Medium,Yes,No,Yes,Yes,Yes,High,35,1320,7,41,21,7,2.1,2.2,8,Good,Yes,72.1,Average,High
LOC0011,Jaipur Museum,Tourist Attraction,Jaipur,Rajasthan,27.026657,75.865588,Public,159,42,1,No,No,No,Yes,No,Yes,No,No,61.4,Average,Poor,Medium,Yes,No,No,Yes,Yes,High,12,2579,11,20.5,27,9,1.2,1.4,16,NA,Partial,22.9,Poor,High
LOC0012,Ahmedabad City Centre Mall,Mall,Ahmedabad,Gujarat,23.088633,72.57839,Private,24,18,2,No,Yes,Yes,No,No,Yes,No,Yes,85.6,Average,Average,Medium,Yes,No,Yes,Yes,No,High,6,12487,51,155.9,15,5,3,3.1,19,Good,Partial,62.7,Average,Medium
LOC0013,Thane Domestic Airport,Airport,Thane,Maharashtra,19.202487,73.041967,Private,24,18,3,Yes,Yes,Yes,No,No,Yes,Yes,Yes,85.6,Average,Poor,Low,Yes,Yes,No,Yes,Yes,Medium,15,8697,39,280.5,1,1,3.2,2.8,1,Good,Partial,74.3,Average,Medium
LOC0014,Guwahati City Centre Mall,Mall,Guwahati,Assam,26.136602,91.816573,Private,17,11,2,Yes,Yes,Yes,Yes,No,No,No,Yes,94.7,Average,Average,Medium,Yes,Yes,No,Yes,Yes,Medium,8,6422,25,122.2,10,3,3.5,3.3,23,Average,Yes,88.6,Good,Low
LOC0015,Chandigarh Government College,College,Chandigarh,Chandigarh,30.780215,76.815672,Public,65,17,2,Yes,No,No,Yes,No,No,Yes,Yes,81.2,Average,Good,Medium,Yes,Yes,No,Yes,Yes,Low,14,608,2,43.6,18,6,1.5,1.6,23,NA,No,56.7,Average,Medium
LOC0016,Bengaluru Botanical Garden,Tourist Attraction,Bengaluru,Karnataka,13.107607,77.710459,Public,33,7,1,No,No,No,No,No,No,No,No,78.5,Poor,Poor,Medium,Yes,No,Yes,No,Yes,Low,11,2526,13,29.3,18,5,3.1,3.2,3,NA,Partial,28.2,Poor,High
LOC0017,Nagpur City Hospital,Hospital,Nagpur,Maharashtra,21.235647,79.144099,Private,49,12,5,Yes,Yes,No,Yes,No,Yes,No,No,81.3,Average,Poor,High,Yes,Yes,No,No,Yes,High,37,1708,17,101.1,13,1,4.2,4,15,Good,Partial,75.7,Good,Medium
LOC0018,Jaipur Collectorate Office,Government Office,Jaipur,Rajasthan,26.903186,75.895266,Public,29,11,2,Yes,Yes,Yes,Yes,Yes,No,No,No,99.1,Poor,Good,Medium,No,No,No,Yes,Yes,High,35,4778,19,44.6,14,6,3.5,3.5,17,Good,Yes,77.4,Good,Medium
LOC0019,Lucknow City Hospital,Hospital,Lucknow,Uttar Pradesh,26.982773,80.970022,Private,33,17,6,Yes,No,Yes,Yes,No,Yes,Yes,No,92.5,Good,Average,Medium,Yes,Yes,No,No,Yes,Medium,10,3885,27,120.3,13,2,3.8,3.3,2,NA,Yes,95.1,Excellent,Low
LOC0020,Jaipur Junction,Railway Station,Jaipur,Rajasthan,26.783452,75.688684,Public,84,33,3,No,Yes,Yes,No,No,Yes,No,Yes,87.3,Average,Good,High,No,Yes,No,Yes,Yes,Medium,7,19507,71,118.6,16,2,3.5,4,19,Average,Partial,72.1,Average,Low
LOC0021,Chandigarh Public Garden,Park,Chandigarh,Chandigarh,30.705304,76.895537,Public,28,22,1,Yes,No,No,No,Yes,No,No,Yes,72.8,Average,Poor,High,No,No,Yes,No,Yes,High,10,908,2,19.3,19,10,2.6,2.4,14,NA,No,35.3,Poor,High
LOC0022,Hyderabad Collectorate Office,Government Office,Hyderabad,Telangana,17.517063,78.458467,Public,63,17,1,No,No,Yes,Yes,No,No,No,No,80.1,Average,Average,High,Yes,Yes,No,Yes,No,Low,39,2516,9,30,14,6,2.5,2.3,16,NA,No,51,Poor,Medium
LOC0023,Coimbatore Medical Center,Hospital,Coimbatore,Tamil Nadu,10.942864,76.86589,Public,14,13,2,No,No,Yes,No,No,No,Yes,Yes,85.3,Good,Good,Low,Yes,Yes,No,Yes,Yes,Medium,12,4587,20,84.1,17,2,4.9,5,10,NA,Yes,73.8,Average,Medium
LOC0024,Mumbai Lake View Point,Tourist Attraction,Mumbai,Maharashtra,18.963849,72.917664,Public,45,9,1,Yes,Yes,No,No,No,No,Yes,Yes,82.4,Poor,Good,High,Yes,No,No,No,Yes,Medium,20,1139,3,25.1,18,6,2.1,2.1,19,Average,Yes,64.4,Average,Medium
LOC0025,Indore Government College,College,Indore,Madhya Pradesh,22.720371,75.968356,Private,63,27,1,No,Yes,Yes,No,No,Yes,No,No,85.9,Poor,Average,Low,Yes,No,No,Yes,Yes,Medium,9,4726,23,62.8,17,3,1.9,1.8,5,Good,Yes,47.3,Poor,High
LOC0026,Indore Bus Depot,Bus Stop,Indore,Madhya Pradesh,22.73162,75.822143,Public,2,2,1,Yes,No,No,No,No,No,No,No,87.2,Poor,Average,Medium,Yes,No,No,Yes,No,Medium,3,2527,9,17.7,20,9,1.3,1.5,14,NA,Partial,33.9,Poor,High
LOC0027,Nashik Central Station,Railway Station,Nashik,Maharashtra,19.885264,73.678257,Public,33,23,1,Yes,Yes,Yes,Yes,No,No,No,Yes,103.2,Poor,Average,Low,No,No,No,Yes,No,Medium,25,15951,64,102.9,8,2,1.5,1.4,13,Good,Partial,60.3,Average,Medium
LOC0028,Thane Lake View Point,Tourist Attraction,Thane,Maharashtra,19.209888,73.005831,Private,25,10,1,Yes,Yes,Yes,No,No,No,No,No,103.5,Poor,Average,Medium,Yes,No,No,No,Yes,Medium,14,2452,8,25.3,13,4,3.1,3.7,4,Average,No,55.8,Average,Medium
LOC0029,Nashik Museum,Tourist Attraction,Nashik,Maharashtra,19.856511,73.93816,Private,86,26,1,No,Yes,Yes,No,No,No,No,No,80.2,Poor,Average,Low,No,Yes,No,No,Yes,Low,8,338,5,14.4,27,6,2.3,2.1,21,Poor,Partial,25.7,Poor,High
LOC0030,Patna General Hospital,Hospital,Patna,Bihar,25.473278,85.249652,Public,18,14,5,Yes,Yes,Yes,Yes,Yes,Yes,No,No,95.4,Average,Average,High,Yes,Yes,Yes,No,Yes,Low,8,4411,22,71.7,9,2,3.2,3,11,Good,Yes,100,Excellent,Low
LOC0031,Thiruvananthapuram Public Garden,Park,Thiruvananthapuram,Kerala,8.585943,76.927866,Public,45,9,1,Yes,Yes,No,Yes,No,No,No,Yes,81.4,Poor,Average,High,No,Yes,No,No,Yes,Low,7,2344,8,20.7,17,4,3,3.3,8,Average,Yes,72.5,Average,Medium
LOC0032,Nashik Museum,Tourist Attraction,Nashik,Maharashtra,19.943527,73.917924,Private,113,19,1,No,No,No,No,No,No,Yes,No,75.6,Poor,Poor,Low,No,No,Yes,No,No,Low,4,2980,17,33.2,24,9,1.8,2,6,NA,No,1.2,Poor,High
LOC0033,Mumbai General Hospital,Hospital,Mumbai,Maharashtra,19.127555,72.947642,Private,37,24,4,Yes,Yes,No,No,No,Yes,Yes,No,80.5,Average,Average,Low,Yes,No,Yes,No,Yes,High,17,4401,28,123.9,18,7,2.4,2.4,11,Good,Yes,59.9,Average,High
LOC0034,Jaipur City Hospital,Hospital,Jaipur,Rajasthan,26.846755,75.70993,Private,56,11,6,No,Yes,Yes,No,Yes,No,No,No,86.7,Poor,Good,Medium,No,Yes,No,No,No,Low,18,4266,24,128.1,13,4,3.7,3.8,12,Average,Partial,56.1,Average,Medium
LOC0035,Jaipur Bus Stand,Bus Stop,Jaipur,Rajasthan,26.980163,75.776539,Public,10,8,1,No,No,No,No,Yes,No,No,No,78.4,Poor,Average,Low,No,No,No,Yes,No,Medium,15,1925,5,14.9,17,2,2.4,1.8,19,NA,Partial,26.8,Poor,High
LOC0036,Mumbai Heritage Fort,Tourist Attraction,Mumbai,Maharashtra,19.11208,72.765811,Public,25,9,1,No,Yes,Yes,No,No,No,No,No,82.3,Good,Average,Low,Yes,No,No,Yes,No,High,16,779,2,13.9,25,6,1.7,1.7,10,Poor,Partial,41.3,Poor,High
LOC0037,Mysuru Public Garden,Park,Mysuru,Karnataka,12.347728,76.628697,Public,34,9,1,Yes,Yes,No,Yes,No,No,No,No,76.7,Poor,Average,Low,No,Yes,No,No,No,Medium,9,2062,10,17.7,19,7,1.2,1.9,0,Good,No,39.1,Poor,High
LOC0038,Indore Museum,Tourist Attraction,Indore,Madhya Pradesh,22.722284,75.946983,Public,174,40,1,Yes,No,No,No,No,No,No,Yes,69.1,Good,Average,Medium,No,No,No,Yes,Yes,High,14,1745,13,27.3,20,6,1.4,1.6,21,NA,Yes,44.2,Poor,High
LOC0039,Guwahati Central Park,Park,Guwahati,Assam,26.190142,91.724545,Private,6,2,1,No,No,No,No,No,No,No,Yes,91,Poor,Poor,Low,Yes,Yes,Yes,Yes,Yes,Low,10,2736,5,24.6,23,1,3.1,3.2,12,NA,No,29.2,Poor,High
LOC0040,Coimbatore Collectorate Office,Government Office,Coimbatore,Tamil Nadu,10.898379,76.860026,Public,61,25,1,No,No,Yes,Yes,No,No,No,No,86.8,Good,Poor,Medium,Yes,No,No,Yes,Yes,High,7,4769,15,39.9,31,9,2.3,2.5,15,NA,Yes,43.3,Poor,High
LOC0041,Bengaluru Municipal Office,Government Office,Bengaluru,Karnataka,12.946058,77.541109,Public,33,12,1,No,No,No,No,No,Yes,No,No,67.7,Poor,Poor,Medium,Yes,Yes,No,Yes,Yes,High,6,965,3,40.8,10,10,1.7,1.7,11,NA,No,14,Poor,High
LOC0042,Ahmedabad City Hospital,Hospital,Ahmedabad,Gujarat,22.896284,72.516077,Private,19,14,6,Yes,No,No,No,No,Yes,No,No,77.2,Average,Good,High,Yes,Yes,Yes,Yes,Yes,Medium,16,1691,11,67.2,18,5,2.4,2.6,6,NA,Partial,69.4,Average,Medium
LOC0043,Delhi Airport Terminal,Airport,Delhi,Delhi,28.763876,77.028837,Private,17,7,3,Yes,Yes,Yes,Yes,No,No,Yes,Yes,93.2,Average,Average,High,Yes,Yes,Yes,Yes,Yes,High,19,3337,14,149.3,6,3,3.1,2.9,17,Good,Partial,96.4,Excellent,Low
LOC0044,Indore College of Engineering,College,Indore,Madhya Pradesh,22.581189,75.843363,Private,33,19,2,Yes,Yes,Yes,Yes,No,No,Yes,Yes,97.6,Good,Good,Medium,Yes,Yes,No,No,No,High,18,1852,9,39.7,13,3,3.2,3.2,0,Good,Partial,98.3,Excellent,Medium
LOC0045,Bengaluru Heritage Fort,Tourist Attraction,Bengaluru,Karnataka,13.032884,77.493142,Public,98,33,1,Yes,Yes,No,No,No,No,No,No,79.6,Average,Poor,High,Yes,No,No,Yes,Yes,Low,15,2548,5,19.6,17,8,1.6,1.6,12,Poor,Partial,43.1,Poor,High
LOC0046,Chennai Central Station,Railway Station,Chennai,Tamil Nadu,13.213786,80.243536,Public,81,24,3,Yes,No,No,No,No,Yes,Yes,No,80.4,Average,Good,Low,Yes,No,Yes,Yes,Yes,High,11,4751,21,66.3,23,9,3,2.8,8,NA,No,39.4,Poor,High
LOC0047,Thane Government College,College,Thane,Maharashtra,19.127177,72.841063,Private,27,10,3,Yes,No,Yes,Yes,No,Yes,No,No,95.3,Average,Average,High,Yes,No,No,No,Yes,High,36,3173,17,65.7,21,7,2.1,2.2,20,NA,No,60.6,Average,Medium
LOC0048,Visakhapatnam Medical Center,Hospital,Visakhapatnam,Andhra Pradesh,17.750082,83.361663,Private,25,9,5,Yes,No,No,Yes,No,Yes,Yes,No,88.4,Poor,Average,Medium,No,No,Yes,Yes,No,High,6,875,17,106.1,9,3,2.8,3,9,NA,Yes,60,Average,Medium
LOC0049,Kochi Plaza Mall,Mall,Kochi,Kerala,9.91109,76.331257,Private,21,13,7,No,No,No,Yes,No,No,Yes,Yes,75.5,Average,Average,High,Yes,Yes,Yes,Yes,Yes,Medium,35,6312,30,162.2,7,3,3.7,3.8,6,NA,Partial,72.4,Average,Low
LOC0050,Mysuru District Office,Government Office,Mysuru,Karnataka,12.373929,76.734074,Public,14,14,2,No,No,No,No,No,No,No,No,72.2,Poor,Average,Medium,No,No,No,Yes,No,High,14,2874,9,26.5,20,9,3.5,3.6,0,NA,No,18.5,Poor,High
LOC0051,Bengaluru District Office,Government Office,Bengaluru,Karnataka,13.096432,77.482886,Public,44,26,1,No,No,Yes,No,No,Yes,No,No,91.3,Average,Good,High,No,No,No,Yes,Yes,Low,7,3875,20,31.6,18,9,2.3,2,8,NA,No,52.8,Poor,High
LOC0052,Mumbai Domestic Airport,Airport,Mumbai,Maharashtra,18.997477,72.780874,Public,5,5,2,Yes,Yes,No,Yes,Yes,No,Yes,Yes,81.3,Average,Average,High,Yes,Yes,No,No,Yes,Low,28,8078,34,159.2,12,3,3.9,4.1,4,Average,Yes,99,Excellent,Low
LOC0053,Thane International Airport,Airport,Thane,Maharashtra,19.249637,72.93505,Private,5,5,6,Yes,Yes,Yes,Yes,No,Yes,Yes,Yes,99.7,Average,Good,High,Yes,Yes,No,Yes,No,Low,17,19656,77,242.9,1,0,4.3,,19,Average,Yes,100,Excellent,Low
LOC0054,Kochi Municipal Office,Government Office,Kochi,Kerala,9.844247,76.245373,Public,50,10,1,No,No,No,No,No,Yes,No,Yes,73.1,Average,Average,Medium,Yes,No,Yes,Yes,Yes,Medium,13,1307,2,34.3,15,7,2,1.9,13,NA,No,35.2,Poor,High
LOC0055,Bhopal General Hospital,Hospital,Bhopal,Madhya Pradesh,23.12371,77.486343,Public,48,10,7,No,Yes,Yes,No,No,Yes,Yes,Yes,85.8,Average,Good,Medium,No,No,No,Yes,Yes,Medium,28,4360,26,93.2,10,4,4.2,4.1,3,Average,Partial,74.1,Average,Medium
LOC0056,Hyderabad Airport Terminal,Airport,Hyderabad,Telangana,17.280026,78.524689,Private,8,8,7,Yes,Yes,Yes,No,Yes,Yes,No,No,94.5,Average,Average,Medium,Yes,Yes,No,Yes,No,High,25,14831,61,208.5,1,4,3.9,3.5,2,Good,Yes,91.8,Excellent,Medium
LOC0057,Nashik District Office,Government Office,Nashik,Maharashtra,19.87387,73.828636,Public,16,13,2,No,Yes,No,No,Yes,No,No,No,79.5,Good,Poor,Medium,No,No,No,Yes,No,Low,11,3846,18,44,10,2,3.8,3.3,15,Good,Partial,62.1,Average,Medium
LOC0058,Thiruvananthapuram Bus Depot,Bus Stop,Thiruvananthapuram,Kerala,8.672401,77.041692,Public,39,9,1,No,No,No,No,Yes,No,No,No,67.6,Average,Good,Medium,Yes,No,No,Yes,No,High,9,677,8,8.1,32,13,2.1,1.9,0,NA,Yes,35.1,Poor,High
LOC0059,Udaipur City Hospital,Hospital,Udaipur,Rajasthan,24.468542,73.619436,Private,24,19,3,No,Yes,Yes,No,No,No,No,Yes,84.8,Average,Average,High,Yes,No,No,No,Yes,Low,9,1362,7,138.3,12,0,2.6,2.3,12,Average,Yes,72.5,Average,Low
LOC0060,Kanpur Health Centre,Hospital,Kanpur,Uttar Pradesh,26.588756,80.386498,Private,16,4,7,No,Yes,No,Yes,No,Yes,No,No,87,Good,Good,Low,Yes,Yes,Yes,No,Yes,Medium,27,3013,12,86.2,10,1,3.5,3.4,15,Average,Yes,79.5,Good,Medium
LOC0061,Nagpur Central Park,Park,Nagpur,Maharashtra,21.224175,79.098102,Public,32,8,1,No,No,Yes,No,Yes,No,Yes,Yes,84.7,Poor,Average,Low,No,No,No,No,No,High,13,2795,11,23.5,8,3,2.8,2.7,1,NA,Yes,40.8,Poor,High
LOC0062,Visakhapatnam Bus Stand,Bus Stop,Visakhapatnam,Andhra Pradesh,17.765596,83.2031,Public,24,6,1,Yes,No,Yes,No,No,Yes,Yes,Yes,93.4,Poor,Poor,Medium,No,No,No,Yes,Yes,High,11,2415,19,16,15,3,3,3,22,NA,No,44.9,Poor,High
LOC0063,Guwahati Temple Complex,Tourist Attraction,Guwahati,Assam,26.040491,91.657311,Public,151,36,1,No,No,No,No,No,No,No,No,68.2,Average,Poor,Medium,No,No,No,Yes,No,Low,9,762,2,21.4,16,6,1.6,1.6,13,NA,Partial,18.2,Poor,High
LOC0064,Lucknow Domestic Airport,Airport,Lucknow,Uttar Pradesh,26.964457,81.031703,Public,21,5,3,Yes,Yes,Yes,No,No,Yes,No,Yes,97.9,Good,Average,High,Yes,No,Yes,No,No,High,22,14528,62,154.6,9,1,3.9,4.5,21,Average,Yes,96,Excellent,Low
LOC0065,Coimbatore Central Park,Park,Coimbatore,Tamil Nadu,10.985971,77.04778,Public,31,19,1,Yes,No,No,No,No,No,No,No,83.7,Average,Average,Medium,Yes,No,No,Yes,Yes,High,16,2129,5,13,23,6,2.5,2.5,12,NA,No,37.7,Poor,High
LOC0066,Coimbatore City Bus Stop,Bus Stop,Coimbatore,Tamil Nadu,11.000039,77.006973,Public,11,10,1,No,No,No,No,No,No,Yes,Yes,77.2,Poor,Average,Medium,No,No,No,Yes,Yes,High,7,2236,10,16.9,19,1,2.7,2.7,2,NA,Yes,44.2,Poor,High
LOC0067,Chennai Central Station,Railway Station,Chennai,Tamil Nadu,13.088452,80.296582,Public,29,22,2,No,Yes,Yes,No,Yes,No,Yes,No,88.9,Average,Good,Low,Yes,No,Yes,Yes,Yes,High,34,16052,56,125.1,18,10,2.7,3.3,20,Good,Yes,58.3,Average,High
LOC0068,Bhopal Temple Complex,Tourist Attraction,Bhopal,Madhya Pradesh,23.223638,77.389446,Public,122,28,1,No,No,No,No,No,No,No,No,68.9,Good,Poor,Medium,Yes,No,No,Yes,No,Medium,10,337,2,18.3,18,4,2.6,3,22,NA,No,23.1,Poor,High
LOC0069,Patna Bus Stand,Bus Stop,Patna,Bihar,25.588053,85.171727,Private,17,14,1,No,No,No,No,Yes,Yes,No,No,73.1,Good,Poor,Medium,Yes,No,No,Yes,Yes,High,2,2993,5,20,13,3,2.9,3.1,7,NA,Partial,47.8,Poor,High
LOC0070,Guwahati Domestic Airport,Airport,Guwahati,Assam,26.174364,91.631714,Private,19,11,7,Yes,Yes,No,No,No,Yes,Yes,Yes,77,Good,Average,High,Yes,No,No,No,Yes,Low,35,19416,79,274.9,2,0,3,2.6,2,Average,Partial,94.2,Excellent,Low
LOC0071,Surat Municipal Office,Government Office,Surat,Gujarat,21.185978,72.903509,Public,57,13,1,Yes,No,Yes,No,No,No,No,Yes,104.1,Poor,Poor,Medium,No,No,No,No,Yes,Medium,34,1063,2,34.3,18,9,1.9,1.7,,NA,Partial,35,Poor,High
LOC0072,Delhi Junction,Railway Station,Delhi,Delhi,28.802496,77.244829,Public,70,12,2,Yes,No,No,No,No,No,Yes,No,78,Average,Average,Low,No,No,No,Yes,Yes,High,9,18845,77,101.9,17,9,3.3,3.2,20,NA,Partial,33.9,Poor,High
LOC0073,Mumbai Bus Depot,Bus Stop,Mumbai,Maharashtra,19.070816,72.7448,Public,35,7,1,No,Yes,Yes,No,No,No,No,No,82.4,Good,Average,Medium,No,No,Yes,Yes,No,Medium,8,1219,5,9.2,17,9,1.1,1,13,Good,Partial,54.4,Poor,High
LOC0074,Mysuru City Bus Stop,Bus Stop,Mysuru,Karnataka,12.213261,76.676317,Public,5,2,1,Yes,No,No,No,No,No,No,No,86.2,Good,Average,Low,No,No,No,Yes,No,Medium,15,973,2,12.7,15,5,2.2,2,22,NA,Partial,45.1,Poor,High
LOC0075,Mumbai Multispeciality Hospital,Hospital,Mumbai,Maharashtra,18.985809,72.802194,Public,38,15,6,Yes,No,Yes,Yes,Yes,No,Yes,Yes,90.4,Average,Poor,Medium,Yes,No,No,Yes,No,High,7,1101,4,74.3,5,3,2.9,3.2,2,NA,Partial,68.3,Average,Medium
LOC0076,Hyderabad City Park,Park,Hyderabad,Telangana,17.465274,78.365434,Public,8,8,1,Yes,Yes,No,Yes,Yes,No,No,Yes,78.3,Average,Average,Medium,Yes,No,No,No,Yes,Low,14,2188,5,17.1,19,2,2.6,2.7,5,Poor,Partial,73.4,Average,Medium
LOC0077,Ahmedabad City Park,Park,Ahmedabad,Gujarat,23.120009,72.423435,Public,48,8,1,No,Yes,No,No,Yes,No,No,No,80.2,Average,Average,Low,No,No,Yes,No,Yes,Medium,24,1324,8,13.7,21,3,2.2,2.4,1,Average,Yes,46.6,Poor,High
LOC0078,Thiruvananthapuram Bus Stand,Bus Stop,Thiruvananthapuram,Kerala,8.429193,76.987059,Public,31,18,1,Yes,No,No,No,No,Yes,No,No,82.3,Average,Poor,Medium,No,No,No,Yes,No,High,4,2762,12,15.9,20,8,2.9,2.8,17,NA,No,30.5,Poor,High
LOC0079,Kolkata Public Garden,Park,Kolkata,West Bengal,22.64009,88.265729,Public,8,7,1,No,No,No,No,No,No,No,No,78.9,Good,Average,Low,Yes,No,Yes,Yes,Yes,Low,23,2868,5,24.1,18,7,2.6,2.5,20,NA,Partial,42.3,Poor,High
LOC0080,Nashik Heritage Fort,Tourist Attraction,Nashik,Maharashtra,20.029641,73.724912,Public,102,36,1,No,Yes,No,No,No,Yes,No,No,65,Good,Average,Medium,Yes,No,No,Yes,Yes,High,10,1748,5,30.8,23,9,1,1.2,13,Poor,Yes,41.4,Poor,High
LOC0081,Pune Government College,College,Pune,Maharashtra,18.3999,73.974252,Public,53,15,1,No,Yes,Yes,Yes,Yes,No,Yes,Yes,82.1,Average,Average,Medium,No,Yes,Yes,No,Yes,High,34,2453,10,48.9,18,6,3.2,3.5,19,Good,Yes,74.5,Average,Medium
LOC0082,Thiruvananthapuram Public Garden,Park,Thiruvananthapuram,Kerala,8.505635,76.812256,Public,33,8,1,No,No,Yes,No,Yes,Yes,No,Yes,92,Average,Poor,Medium,Yes,No,No,Yes,No,Low,22,633,2,19.2,22,4,3.2,3.3,21,NA,Yes,57.5,Average,Medium
LOC0083,Ahmedabad College of Engineering,College,Ahmedabad,Gujarat,23.023374,72.60985,Private,32,13,1,Yes,Yes,No,Yes,Yes,No,No,No,84.3,Average,Poor,Low,Yes,No,No,Yes,No,Medium,14,2744,5,47.7,15,5,3,3.1,10,Poor,No,42.9,Poor,High
LOC0084,Delhi Public Garden,Park,Delhi,Delhi,28.784713,77.199595,Public,34,5,1,No,No,Yes,No,No,Yes,Yes,No,87.3,Poor,Average,Low,Yes,Yes,No,No,Yes,Low,8,1932,10,22,19,6,2.4,2,20,NA,No,32,Poor,High
LOC0085,Surat Grand Mall,Mall,Surat,Gujarat,21.152343,72.778897,Private,12,5,7,Yes,No,No,Yes,No,Yes,No,No,91.4,Good,Good,Medium,Yes,Yes,No,Yes,Yes,High,38,18176,74,224.5,7,3,3.7,3.7,21,NA,Yes,87.4,Good,Medium
LOC0086,Hyderabad Tehsil Office,Government Office,Hyderabad,Telangana,17.397013,78.425392,Public,27,18,1,No,No,Yes,No,No,No,No,No,91.9,Poor,Average,Medium,No,No,No,Yes,Yes,Low,19,819,7,37.5,12,2,2.4,2.7,13,NA,No,37.4,Poor,High
LOC0087,Coimbatore Degree College,College,Coimbatore,Tamil Nadu,11.085313,77.037088,Public,23,5,1,Yes,Yes,Yes,No,No,Yes,Yes,Yes,101.5,Average,Poor,High,Yes,Yes,No,No,No,Medium,34,3051,9,35.9,16,6,4,4.3,4,Poor,Partial,78.1,Good,Medium
LOC0088,Mumbai Collectorate Office,Government Office,Mumbai,Maharashtra,19.114875,72.946724,Public,46,23,1,Yes,No,No,No,No,No,No,No,80,Average,Poor,Low,Yes,No,No,No,Yes,Low,23,1120,3,38.2,12,5,2.7,2.7,21,NA,No,25.5,Poor,High
LOC0089,Nashik City Centre Mall,Mall,Nashik,Maharashtra,20.138498,73.640473,Private,5,5,3,Yes,Yes,Yes,Yes,Yes,Yes,No,No,97.8,Good,Good,Low,Yes,Yes,No,No,No,Medium,44,6425,29,151.6,8,0,4,3.7,11,Good,Partial,100,Excellent,Medium
LOC0090,Udaipur Green Park,Park,Udaipur,Rajasthan,24.650785,73.612978,Private,43,26,1,Yes,No,Yes,No,No,Yes,No,No,96.9,Poor,Poor,High,Yes,No,No,Yes,Yes,Low,24,305,2,13.4,17,4,3.6,3.1,10,NA,No,51.7,Poor,High
LOC0091,Indore City Bus Stop,Bus Stop,Indore,Madhya Pradesh,22.660231,75.752512,Public,13,13,1,No,No,Yes,No,No,No,No,Yes,77.5,Average,Poor,Low,Yes,No,No,Yes,No,High,11,2173,15,12.6,22,4,1.4,1.6,18,NA,No,18.3,Poor,High
LOC0092,Visakhapatnam Railway Station,Railway Station,Visakhapatnam,Andhra Pradesh,17.635572,83.131942,Public,23,22,2,Yes,No,No,Yes,No,Yes,No,Yes,84.7,Average,Average,Medium,Yes,No,Yes,Yes,No,Medium,14,19537,75,126.7,13,2,4.1,4.4,16,NA,Yes,75.3,Good,Low
LOC0093,Guwahati Bus Stand,Bus Stop,Guwahati,Assam,26.10073,91.712395,Public,19,12,1,No,No,Yes,No,No,No,Yes,No,90.8,Poor,Average,Low,No,No,No,Yes,No,High,22,2520,10,15,9,5,2.9,3.3,3,NA,No,28.7,Poor,High
LOC0094,Patna Public Garden,Park,Patna,Bihar,25.463026,85.080454,Public,17,8,1,No,No,Yes,No,No,No,Yes,Yes,81.1,Good,Average,Low,Yes,No,No,No,Yes,High,,1349,5,18.4,23,8,2.3,2.3,19,NA,No,37.2,Poor,High
LOC0095,Chandigarh Heritage Fort,Tourist Attraction,Chandigarh,Chandigarh,30.729266,76.682895,Public,42,20,1,Yes,No,No,Yes,No,Yes,No,Yes,76.2,Good,Average,Medium,Yes,No,No,Yes,Yes,Low,2,626,3,16.2,12,4,2.6,2.4,16,NA,Partial,73.6,Average,Medium
LOC0096,Surat Public Garden,Park,Surat,Gujarat,21.10521,72.804322,Public,3,3,1,Yes,No,No,No,No,No,Yes,No,83.7,Good,Average,Low,Yes,No,No,No,No,Low,10,1634,3,22.4,13,4,1.4,1.3,13,NA,Yes,55.8,Average,Medium
LOC0097,Pune Green Park,Park,Pune,Maharashtra,18.655699,73.810829,Public,35,23,1,Yes,Yes,No,Yes,No,Yes,No,No,68.7,Average,Poor,High,Yes,No,No,No,Yes,Low,19,2052,6,22.8,23,2,3.5,3.3,2,Poor,Yes,70.5,Average,Medium
LOC0098,Nashik Temple Complex,Tourist Attraction,Nashik,Maharashtra,19.990479,73.749536,Public,122,33,1,No,Yes,Yes,No,No,No,No,No,83.8,Average,Average,Medium,Yes,No,Yes,No,Yes,Medium,18,1364,3,13.2,19,11,2.8,2.9,22,Poor,No,32.5,Poor,High
LOC0099,Bhopal Institute of Technology,College,Bhopal,Madhya Pradesh,23.404841,77.280519,Private,56,9,3,Yes,Yes,Yes,Yes,No,Yes,No,No,98.7,Good,Average,High,Yes,Yes,Yes,Yes,Yes,High,20,2407,14,48,12,5,2.9,2.8,13,Average,Partial,93.4,Excellent,Medium
LOC0100,Delhi Shopping Mall,Mall,Delhi,Delhi,28.656821,77.200364,Private,13,13,4,No,No,Yes,Yes,No,No,Yes,No,94.8,Average,Poor,High,Yes,Yes,Yes,No,Yes,Low,26,12252,44,171.7,7,1,3.6,3.7,16,NA,Yes,75.4,Good,Low
LOC0101,Mysuru District Office,Government Office,Mysuru,Karnataka,12.168274,76.543965,Public,14,7,1,No,No,No,No,No,No,No,Yes,76.5,Poor,Good,Low,Yes,Yes,No,Yes,Yes,Medium,37,2948,3,48.3,15,0,2.7,2.7,6,NA,Yes,44.7,Poor,High
LOC0102,Bhopal Multispeciality Hospital,Hospital,Bhopal,Madhya Pradesh,23.351184,77.421445,Private,8,8,4,Yes,Yes,Yes,Yes,No,Yes,Yes,No,93,Good,Average,High,Yes,Yes,No,No,Yes,Medium,28,3866,20,74.6,16,0,3.7,4,23,Good,Yes,100,Excellent,Low
LOC0103,Mysuru District Office,Government Office,Mysuru,Karnataka,12.253022,76.53827,Public,59,15,2,No,No,Yes,Yes,No,Yes,Yes,No,83.1,Poor,Poor,High,No,No,No,Yes,Yes,Low,5,1387,11,37.4,26,7,3.4,3.3,8,NA,No,42.2,Poor,High
LOC0104,Nagpur Lake View Point,Tourist Attraction,Nagpur,Maharashtra,21.155104,79.00213,Public,21,12,1,No,Yes,Yes,No,No,Yes,Yes,Yes,89.9,Poor,Good,Medium,Yes,Yes,No,Yes,Yes,Medium,5,2536,12,23,20,4,2.7,3,17,Average,Partial,65.5,Average,Medium
LOC0105,Pune Institute of Technology,College,Pune,Maharashtra,18.587839,73.752563,Private,37,24,2,No,Yes,Yes,No,No,Yes,Yes,No,99.2,Average,Poor,Medium,Yes,No,No,No,No,Low,9,4338,21,64.4,18,1,3.2,3.1,16,Good,Partial,64.4,Average,Medium
LOC0106,Thiruvananthapuram Museum,Tourist Attraction,Thiruvananthapuram,Kerala,8.549426,76.924365,Public,79,25,1,Yes,Yes,No,Yes,No,No,No,No,82.9,Poor,Average,Low,Yes,Yes,Yes,Yes,Yes,Low,14,757,5,16.2,23,6,2.1,2.7,13,Good,No,44.5,Poor,High
LOC0107,Bengaluru City Centre Mall,Mall,Bengaluru,Karnataka,12.910322,77.485769,Private,17,8,3,Yes,No,Yes,Yes,Yes,Yes,Yes,Yes,95.2,Good,Good,High,Yes,Yes,No,No,Yes,High,25,3823,16,91.6,14,3,2.4,2.3,0,NA,Yes,100,Excellent,Low
LOC0108,Mysuru Tehsil Office,Government Office,Mysuru,Karnataka,12.19838,76.647682,Public,77,31,2,Yes,No,No,Yes,No,No,No,No,76.4,Average,Good,High,No,No,No,No,No,Low,9,3749,18,44.2,18,3,2.8,2.8,15,NA,Yes,64.1,Average,Low
LOC0109,Kochi Museum,Tourist Attraction,Kochi,Kerala,9.92533,76.22847,Public,123,21,1,Yes,No,No,No,No,No,No,No,83.1,Average,Good,Low,Yes,No,No,Yes,Yes,Low,16,987,6,23.2,18,7,2.4,3,1,NA,No,34.8,Poor,High
LOC0110,Coimbatore Railway Station,Railway Station,Coimbatore,Tamil Nadu,11.072621,76.929608,Public,67,27,1,No,Yes,Yes,No,No,Yes,No,No,79.4,Poor,Good,Low,No,Yes,No,Yes,Yes,Low,14,12322,56,100.2,,2,3.3,2.9,1,Good,No,50.5,Poor,High
LOC0111,Ahmedabad Botanical Garden,Tourist Attraction,Ahmedabad,Gujarat,23.092195,72.569386,Public,5,5,1,No,Yes,No,Yes,No,No,Yes,No,68.5,Average,Average,Medium,No,Yes,No,Yes,Yes,High,4,2472,12,23.9,16,8,1.9,1.6,13,Good,No,49.5,Poor,High
LOC0112,Guwahati Collectorate Office,Government Office,Guwahati,Assam,26.076295,91.623062,Public,26,22,1,No,Yes,No,Yes,No,Yes,No,Yes,78.8,Good,Average,Low,No,Yes,No,Yes,Yes,Low,21,3423,15,35.8,18,7,1.9,2.1,7,Poor,Yes,64,Average,Medium
LOC0113,Ahmedabad Lake View Point,Tourist Attraction,Ahmedabad,Gujarat,23.13788,72.483601,Public,147,42,1,No,No,No,No,No,Yes,No,No,72.9,Good,Average,Low,No,No,No,Yes,No,High,2,1638,2,27.9,21,11,1,1,20,NA,Partial,18.6,Poor,High
LOC0114,Thane Grand Mall,Mall,Thane,Maharashtra,19.088859,73.062433,Public,1,0,4,Yes,Yes,Yes,Yes,Yes,Yes,No,No,95.8,Good,Good,Medium,Yes,Yes,No,No,Yes,Low,8,19783,71,154.6,5,0,3.3,3.4,10,Average,Partial,100,Excellent,Low
LOC0115,Mumbai International Airport,Airport,Mumbai,Maharashtra,19.008767,72.7645,Private,9,9,3,Yes,Yes,Yes,No,No,Yes,Yes,No,100.9,Average,Average,Medium,Yes,No,Yes,Yes,Yes,Low,7,14022,65,210.7,11,1,3.7,3.9,12,Good,Yes,95.5,Excellent,Low
LOC0116,Thane Grand Mall,Mall,Thane,Maharashtra,19.078357,72.865799,Private,3,3,7,Yes,Yes,No,Yes,No,Yes,Yes,Yes,76.6,Good,Poor,Medium,Yes,No,Yes,Yes,No,High,14,16644,65,173,10,1,3.4,3.4,5,Good,Yes,90.9,Excellent,Medium
LOC0117,Patna Museum,Tourist Attraction,Patna,Bihar,25.535812,85.085127,Public,31,13,1,No,No,No,Yes,Yes,No,Yes,Yes,79.1,Average,Average,Low,No,No,No,No,Yes,Low,7,2147,11,26,14,5,3,3.2,2,NA,Yes,55.3,Average,Medium
LOC0118,Pune City Centre Mall,Mall,Pune,Maharashtra,18.559748,73.877351,Private,25,12,7,Yes,Yes,Yes,Yes,Yes,Yes,Yes,No,88.6,Poor,Good,High,Yes,Yes,Yes,Yes,Yes,High,18,12833,51,200.2,15,5,4.2,4.4,0,Average,Yes,97.6,Excellent,Medium
LOC0119,Coimbatore Green Park,Park,Coimbatore,Tamil Nadu,10.967645,77.084805,Public,49,17,1,No,Yes,Yes,Yes,No,Yes,No,No,82,Poor,Poor,Medium,No,No,No,No,Yes,Low,22,1310,2,13.6,15,9,2.7,3.3,20,Average,Partial,42.7,Poor,High
LOC0120,Guwahati City Bus Stop,Bus Stop,Guwahati,Assam,26.164735,91.860522,Public,15,15,1,No,No,No,No,No,No,No,No,81.3,Poor,Poor,Medium,No,No,No,Yes,No,High,4,243,4,6.4,16,6,2.1,2.2,22,NA,No,8.9,Poor,High
LOC0121,Kochi City Hospital,Hospital,Kochi,Kerala,9.869229,76.152083,Private,50,24,2,No,Yes,No,No,No,No,No,Yes,72.9,Good,Average,Medium,Yes,No,No,No,No,Low,27,1566,12,59.7,16,1,2.8,2.9,1,Good,Partial,62.5,Average,Medium
LOC0122,Surat Medical Center,Hospital,Surat,Gujarat,21.281662,72.802616,Private,52,16,5,Yes,Yes,No,No,No,Yes,Yes,Yes,78.2,Good,Good,Low,Yes,No,Yes,Yes,Yes,Medium,29,1506,6,91,10,5,3.3,3,15,Good,Yes,83,Good,Medium
LOC0123,Chennai Domestic Airport,Airport,Chennai,Tamil Nadu,13.175794,,Private,27,23,5,No,Yes,Yes,Yes,Yes,Yes,Yes,No,90.5,Average,Average,High,Yes,No,Yes,No,Yes,Low,38,4285,21,263,8,2,2.6,2.5,23,Good,Yes,95.1,Excellent,Low
LOC0124,Kanpur Medical Center,Hospital,Kanpur,Uttar Pradesh,26.595212,80.224275,Private,21,5,7,No,Yes,Yes,No,Yes,Yes,No,Yes,93.8,Poor,Good,Medium,No,Yes,No,Yes,Yes,Low,15,1585,6,98.9,6,1,3.9,4.9,0,Good,Partial,83.1,Good,Medium
LOC0125,Thiruvananthapuram Shopping Mall,Mall,Thiruvananthapuram,Kerala,8.632858,77.008537,Private,6,6,7,Yes,Yes,No,Yes,No,No,Yes,No,81.1,Average,Average,Medium,Yes,Yes,Yes,Yes,Yes,Medium,5,10099,41,183.1,15,0,3.2,3.3,8,Poor,Partial,78.1,Good,Low
LOC0126,Ahmedabad Multispeciality Hospital,Hospital,Ahmedabad,Gujarat,23.076636,72.532295,Public,22,8,7,Yes,No,Yes,Yes,No,Yes,No,No,99.6,Average,Poor,High,Yes,No,No,No,Yes,Medium,8,1739,8,48.9,8,1,2.8,3,22,NA,Yes,74.6,Average,Medium
LOC0127,Bengaluru Airport Terminal,Airport,Bengaluru,Karnataka,13.055894,77.51493,Private,23,22,2,Yes,Yes,Yes,Yes,Yes,Yes,No,Yes,99.5,Average,Poor,High,Yes,Yes,Yes,No,Yes,High,19,11153,51,261.1,6,1,3.5,3.4,4,Good,No,90.1,Excellent,Medium
LOC0128,Coimbatore Collectorate Office,Government Office,Coimbatore,Tamil Nadu,10.947134,76.908283,Public,10,10,1,Yes,Yes,No,No,No,No,No,Yes,83.6,Poor,Average,Low,Yes,No,No,Yes,Yes,Low,30,3377,12,46,18,5,1.9,1.8,21,Average,Yes,49,Poor,High
LOC0129,Nashik Institute of Technology,College,Nashik,Maharashtra,19.887187,73.660382,Public,69,26,3,Yes,Yes,No,No,Yes,No,No,No,82.6,Good,Good,Medium,Yes,No,No,No,Yes,High,11,1015,3,37.6,17,9,2,1.8,20,Good,Partial,62.5,Average,High
LOC0130,Chandigarh Temple Complex,Tourist Attraction,Chandigarh,Chandigarh,30.584233,76.70241,Public,16,7,1,Yes,Yes,No,No,Yes,No,No,Yes,85.5,Poor,Average,Medium,No,Yes,No,No,No,Medium,16,2794,9,32.7,14,3,3.2,3.5,11,Average,No,54,Poor,High
LOC0131,Indore Bus Stand,Bus Stop,Indore,Madhya Pradesh,22.603199,75.821362,Public,39,16,1,No,Yes,No,No,No,Yes,No,No,76.2,Poor,Average,Medium,No,No,No,Yes,Yes,Low,23,633,2,10.1,19,5,2.3,2.3,3,Poor,Partial,41.1,Poor,High
LOC0132,Coimbatore Grand Mall,Mall,Coimbatore,Tamil Nadu,11.107015,76.836548,Private,22,22,3,Yes,Yes,Yes,Yes,No,Yes,No,Yes,96.8,Average,Good,High,No,No,Yes,No,No,Medium,16,8669,36,170.8,7,4,3.1,3.5,22,Poor,Yes,91.3,Excellent,Low
LOC0133,Nagpur Bus Stand,Bus Stop,Nagpur,Maharashtra,21.250833,79.095699,Public,28,13,1,No,Yes,No,No,No,No,No,No,79.4,Poor,Average,Medium,Yes,No,Yes,Yes,No,High,6,1638,6,13.5,23,4,2.1,2,22,Average,Yes,38.8,Poor,High
LOC0134,Surat Lake View Point,Tourist Attraction,Surat,Gujarat,21.126361,72.706817,Public,11,11,1,No,Yes,No,No,Yes,Yes,No,Yes,76.2,Good,Average,High,Yes,Yes,No,No,Yes,Medium,17,2406,5,34.6,25,7,2.4,2.3,21,Good,Partial,76.2,Good,Low
LOC0135,Kanpur Grand Mall,Mall,Kanpur,Uttar Pradesh,26.546931,80.199164,Private,4,4,4,Yes,Yes,No,Yes,Yes,Yes,Yes,No,82.4,Average,Good,High,No,No,Yes,No,Yes,High,33,8649,37,157.9,8,1,3.8,3.6,8,Good,Yes,100,Excellent,Low
LOC0136,Kochi Central Park,Park,Kochi,Kerala,10.029954,76.329072,Public,49,10,1,No,Yes,Yes,No,No,No,No,No,80.8,Average,Average,Low,No,No,Yes,Yes,No,High,18,1970,10,24.8,21,3,2,2.1,10,Average,Yes,42.5,Poor,High
LOC0137,Kanpur Railway Station,Railway Station,Kanpur,Uttar Pradesh,26.304882,80.38827,Public,89,15,3,Yes,Yes,No,No,No,No,No,No,75.1,Average,Good,Low,Yes,No,No,Yes,No,High,44,17683,66,123.2,14,10,1.4,1.5,4,Poor,No,28,Poor,High
LOC0138,Kanpur Domestic Airport,Airport,Kanpur,Uttar Pradesh,26.314635,80.460318,Public,10,10,5,Yes,Yes,Yes,Yes,No,No,No,Yes,103.1,Poor,Average,High,Yes,Yes,Yes,No,Yes,Low,21,7019,36,124.5,4,0,4.1,4,19,Poor,Partial,87,Good,Low
LOC0139,Nagpur Public Garden,Park,Nagpur,Maharashtra,21.24922,79.138476,Public,12,2,1,No,No,Yes,No,No,No,No,No,89,Poor,Average,Medium,No,No,No,No,No,Low,23,322,2,19.8,19,11,2.8,2.8,19,NA,No,23.8,Poor,High
LOC0140,Bengaluru City Centre Mall,Mall,Bengaluru,Karnataka,12.821971,77.471808,Private,2,0,2,No,Yes,Yes,Yes,No,Yes,No,Yes,106,Average,Average,Medium,Yes,Yes,Yes,Yes,Yes,High,31,15370,61,145.1,7,1,4.2,4.1,17,Average,Yes,89.5,Good,Medium
LOC0141,Mumbai International Airport,Airport,Mumbai,Maharashtra,19.008737,73.018982,Private,11,11,2,Yes,Yes,Yes,Yes,No,Yes,Yes,Yes,98.7,Good,Good,High,Yes,Yes,No,No,No,Medium,12,14967,64,214.8,11,1,3.8,3.5,3,Poor,Yes,100,Excellent,Low
LOC0142,Bhopal Museum,Tourist Attraction,Bhopal,Madhya Pradesh,23.224703,77.517211,Public,142,23,1,No,No,No,No,No,No,No,Yes,62.6,Good,Average,High,Yes,Yes,No,No,Yes,Medium,16,1416,10,14.6,25,10,1,1.1,0,NA,Partial,41.8,Poor,High
LOC0143,Bhopal International Airport,Airport,Bhopal,Madhya Pradesh,23.39718,77.311827,Public,24,13,4,Yes,Yes,Yes,Yes,No,Yes,No,Yes,98.9,Average,Good,Medium,Yes,No,Yes,Yes,No,Low,17,4831,18,82.5,13,0,3.4,3.4,19,Average,Yes,98.2,Excellent,Low
LOC0144,Jaipur Green Park,Park,Jaipur,Rajasthan,26.995616,75.808903,Public,3,3,1,No,Yes,Yes,Yes,No,No,No,Yes,86.9,Average,Good,High,Yes,No,No,Yes,Yes,Low,14,2619,8,20.7,19,2,4.1,4.5,0,Poor,No,76.6,Good,Low
LOC0145,Lucknow Tehsil Office,Government Office,Lucknow,Uttar Pradesh,26.880688,81.019759,Public,10,10,1,Yes,Yes,Yes,No,No,No,Yes,Yes,88.8,Average,Poor,Medium,Yes,Yes,Yes,No,Yes,Low,31,3417,14,29.3,18,2,3.6,3.2,18,Average,Partial,72.9,Average,Medium
LOC0146,Kochi Junction,Railway Station,Kochi,Kerala,9.849923,76.239504,Public,19,9,1,No,No,Yes,Yes,No,No,No,Yes,91.5,Poor,Poor,High,Yes,No,Yes,Yes,Yes,Medium,8,18478,72,118.2,7,3,2.8,2.7,11,NA,Yes,59.1,Average,Medium
LOC0147,Thane Shopping Mall,Mall,Thane,Maharashtra,19.365715,72.965155,Private,5,5,3,Yes,No,Yes,Yes,Yes,Yes,No,Yes,105.2,Good,Poor,High,Yes,Yes,No,Yes,Yes,Medium,13,13998,54,165,7,0,5,4.9,12,NA,Partial,100,Excellent,Low
LOC0148,Jaipur Heritage Fort,Tourist Attraction,Jaipur,Rajasthan,27.038432,75.642042,Public,54,16,1,No,No,No,No,Yes,Yes,No,Yes,77.9,Average,Average,Low,Yes,Yes,No,Yes,Yes,Medium,14,1163,7,21.6,12,4,2.9,2.5,16,NA,Partial,46.4,Poor,High
LOC0149,Bhopal Collectorate Office,Government Office,Bhopal,Madhya Pradesh,23.310931,77.432434,Public,70,22,1,No,Yes,No,Yes,No,No,No,No,74.2,Average,Poor,Medium,Yes,No,No,Yes,No,High,39,3468,12,29.4,15,4,3.4,3.1,10,Poor,No,30.4,Poor,High
LOC0150,Kolkata Collectorate Office,Government Office,Kolkata,West Bengal,22.434267,88.435007,Public,16,11,2,No,No,No,No,No,No,No,Yes,71.1,Poor,Average,High,Yes,Yes,Yes,Yes,Yes,High,15,1762,9,30.3,21,4,1.7,1.7,22,NA,Partial,36.5,Poor,High
LOC0151,Hyderabad Municipal Office,Government Office,Hyderabad,Telangana,17.297999,78.466508,Public,65,19,3,Yes,No,No,Yes,Yes,No,Yes,No,89.1,Average,Average,High,Yes,No,Yes,Yes,Yes,Low,36,2181,2,34.8,16,4,2.6,2.8,3,NA,Yes,76.4,Good,Low
LOC0152,Udaipur Collectorate Office,Government Office,Udaipur,Rajasthan,24.581484,73.584904,Public,36,7,2,No,No,No,Yes,No,No,No,No,76.3,Average,Average,Low,Yes,No,No,Yes,Yes,Medium,16,1334,3,14.5,18,7,1.3,1.3,14,NA,Partial,32.3,Poor,High
LOC0153,Lucknow City Park,Park,Lucknow,Uttar Pradesh,26.850072,80.998712,Public,49,8,1,No,Yes,Yes,No,No,Yes,Yes,No,95.5,Poor,Average,Medium,No,No,No,No,No,Low,2,1551,13,21.9,18,8,1.8,2.1,14,Poor,No,38.8,Poor,High
LOC0154,Patna International Airport,Airport,Patna,Bihar,25.586772,85.058019,Private,10,7,7,Yes,Yes,Yes,No,No,Yes,No,Yes,92.5,Average,Good,Medium,Yes,Yes,No,No,No,High,32,6782,24,220.3,4,4,4.5,4.4,8,Good,Yes,93.6,Excellent,Medium
LOC0155,Indore Museum,Tourist Attraction,Indore,Madhya Pradesh,22.638884,75.717625,Public,67,11,1,No,Yes,No,No,No,No,No,No,73.2,Good,Average,Medium,No,No,No,Yes,No,Low,19,1281,3,20.4,11,3,2.8,3.3,2,Average,Partial,53.5,Poor,Medium
LOC0156,Ahmedabad Government College,College,Ahmedabad,Gujarat,22.974426,72.42452,Public,69,28,2,Yes,No,No,No,No,No,No,Yes,82.3,Good,Poor,Medium,Yes,No,Yes,Yes,Yes,High,20,1727,4,37.9,30,11,2.5,2,13,NA,Yes,43.5,Poor,High
LOC0157,Mumbai Railway Station,Railway Station,Mumbai,Maharashtra,19.08653,72.928448,Public,24,14,1,Yes,No,Yes,Yes,Yes,No,No,No,86.4,Average,Poor,Low,Yes,Yes,No,Yes,Yes,Medium,42,7569,35,90.6,14,3,2.2,2.8,15,NA,No,46.7,Poor,High
LOC0158,Mysuru College of Engineering,College,Mysuru,Karnataka,12.317058,76.660913,Public,35,19,2,Yes,Yes,No,No,No,No,No,No,85.8,Good,Average,High,Yes,No,No,No,No,Medium,21,2759,6,54,15,3,3.2,3.5,20,Average,Partial,70.8,Average,Low
LOC0159,Mumbai Municipal Office,Government Office,Mumbai,Maharashtra,19.141528,72.887197,Public,56,14,2,No,No,Yes,Yes,No,Yes,No,Yes,82.2,Poor,Average,Medium,No,No,No,Yes,Yes,Medium,15,2592,9,31.9,21,6,2.7,2.7,1,NA,Partial,48,Poor,High
LOC0160,Thiruvananthapuram Junction,Railway Station,Thiruvananthapuram,Kerala,8.385571,77.045212,Public,33,6,3,No,No,Yes,No,No,No,Yes,No,89.3,Average,Good,Medium,No,No,Yes,Yes,No,High,17,11957,42,103.1,16,7,2.7,2.7,17,NA,Partial,45.6,Poor,High
LOC0161,Udaipur General Hospital,Hospital,Udaipur,Rajasthan,24.439572,73.850929,Public,30,8,7,Yes,Yes,Yes,Yes,No,Yes,No,No,97,Good,Good,Low,Yes,Yes,Yes,No,Yes,Medium,8,4243,27,95,9,1,3.1,2.7,20,Poor,Partial,86.5,Good,Medium
LOC0162,Coimbatore City Bus Stop,Bus Stop,Coimbatore,Tamil Nadu,11.160359,76.990072,Public,24,18,1,No,No,No,No,No,No,No,No,78.7,Poor,Average,High,No,Yes,No,Yes,Yes,Medium,11,2588,3,15.3,12,2,1.6,1.8,12,NA,No,33.4,Poor,Medium
LOC0163,Bengaluru City Bus Stop,Bus Stop,Bengaluru,Karnataka,13.016118,77.660731,Public,19,6,1,No,No,No,No,No,No,No,No,75.8,Average,Poor,Medium,Yes,No,No,Yes,Yes,Low,14,2895,14,17.9,15,7,1.2,1.3,3,NA,Partial,30.6,Poor,High
LOC0164,Delhi Railway Station,Railway Station,Delhi,Delhi,28.635675,76.991714,Public,14,14,3,Yes,Yes,Yes,No,Yes,No,No,Yes,104.4,Average,Average,Low,Yes,No,Yes,Yes,No,Low,11,7680,41,66.4,14,4,2.8,2.5,22,Poor,Yes,69.5,Average,Medium
LOC0165,Lucknow Bus Stand,Bus Stop,Lucknow,Uttar Pradesh,26.966441,80.94889,Public,8,8,1,No,No,Yes,No,Yes,No,Yes,No,89.5,Average,Average,Low,No,Yes,No,Yes,Yes,Medium,6,1996,9,12.9,19,6,2,1.6,0,NA,No,40.6,Poor,High
LOC0166,Guwahati Lake View Point,Tourist Attraction,Guwahati,Assam,26.062074,91.704565,Public,45,17,1,No,Yes,No,No,Yes,No,No,No,70.9,Average,Poor,Medium,Yes,No,No,Yes,No,Low,6,2250,6,25.9,19,7,1.5,1,12,Poor,No,25.7,Poor,High
LOC0167,Ahmedabad Government College,College,Ahmedabad,Gujarat,23.131262,72.562889,Private,44,24,2,Yes,Yes,Yes,Yes,Yes,No,No,No,90.4,Good,Good,Medium,No,Yes,Yes,Yes,Yes,Medium,33,2928,19,74.3,10,3,3.7,3.6,5,Average,Yes,100,Excellent,Low
LOC0168,Mysuru Shopping Mall,Mall,Mysuru,Karnataka,12.312215,76.6857,Private,15,10,5,Yes,Yes,No,Yes,Yes,Yes,No,Yes,78.7,Good,Good,Medium,Yes,No,Yes,Yes,Yes,High,11,15935,63,149.2,10,4,4.2,3.8,22,Average,Partial,93.8,Excellent,Medium
LOC0169,Pune Central Park,Park,Pune,Maharashtra,18.565257,73.905661,Public,18,18,1,No,No,No,Yes,No,No,Yes,No,75.9,Average,Good,Low,Yes,No,No,No,Yes,High,3,2163,6,20.4,16,6,2.5,2.5,3,NA,No,37.7,Poor,High
LOC0170,Ahmedabad Bus Stand,Bus Stop,Ahmedabad,Gujarat,23.085218,72.481866,Public,8,8,1,No,No,Yes,No,No,No,No,No,90.6,Average,Average,Medium,No,No,No,Yes,No,High,2,2647,7,12,24,8,1.8,2,6,NA,No,33.3,Poor,High
LOC0171,Bengaluru Museum,Tourist Attraction,Bengaluru,Karnataka,12.943142,77.72437,Public,164,29,1,No,No,No,Yes,No,No,No,No,75.1,Good,Poor,Medium,Yes,No,No,No,No,Low,22,1297,3,26.1,13,5,1.7,1.6,14,NA,No,32,Poor,High
LOC0172,Surat Bus Depot,Bus Stop,Surat,Gujarat,21.171912,72.81255,Public,28,4,1,No,No,No,No,No,No,No,No,74.3,Average,Poor,Medium,No,No,No,Yes,No,High,15,1690,3,13.2,21,9,2.1,2,23,NA,No,9.5,Poor,High
LOC0173,Chandigarh Degree College,College,Chandigarh,Chandigarh,30.865278,76.795846,Public,67,29,3,No,Yes,No,Yes,No,Yes,No,Yes,72,Good,Poor,High,Yes,Yes,No,Yes,No,High,34,4874,20,50.6,19,9,2.3,2.1,7,Poor,Partial,54.3,Poor,High
LOC0174,Surat Heritage Fort,Tourist Attraction,Surat,Gujarat,21.307524,72.803166,Public,154,32,1,No,No,No,No,No,No,No,No,76.1,Average,Poor,Medium,No,No,No,Yes,Yes,Low,7,2011,9,21.7,27,13,1.5,1.6,20,NA,No,8.1,Poor,High
LOC0175,Surat City Park,Park,Surat,Gujarat,21.215066,72.915755,Public,49,22,1,No,Yes,Yes,No,No,No,No,No,90.5,Good,Good,Low,No,No,No,No,Yes,High,6,2496,18,32,20,4,1.5,1.5,18,Average,No,43.7,Poor,High
LOC0176,Kochi Central Station,Railway Station,Kochi,Kerala,10.009062,76.355648,Public,89,24,3,No,No,Yes,Yes,No,No,No,No,80,Average,Average,High,No,No,No,Yes,No,Medium,5,4981,12,41.5,22,8,2.3,2.4,19,NA,Yes,47.9,Poor,High
LOC0177,Nashik Tehsil Office,Government Office,Nashik,Maharashtra,19.903238,73.855823,Public,76,25,3,Yes,No,No,No,No,No,No,No,79.7,Poor,Average,Low,Yes,No,No,No,Yes,High,29,1944,2,36.6,19,7,1.7,1.7,14,NA,No,13.2,Poor,High
LOC0178,Kochi Collectorate Office,Government Office,Kochi,Kerala,10.021563,76.336193,Public,36,17,2,Yes,No,No,No,No,No,Yes,Yes,84.8,Average,Good,Low,Yes,No,No,Yes,Yes,Low,37,1978,8,34.7,15,1,1.9,1.6,10,NA,Yes,58.9,Average,Medium
LOC0179,Delhi City Centre Mall,Mall,Delhi,Delhi,28.659179,77.038878,Private,5,5,7,Yes,Yes,Yes,Yes,No,Yes,No,Yes,93.2,Good,Good,Medium,No,No,Yes,Yes,Yes,Medium,6,9379,37,154.5,8,1,4.1,3.9,10,Average,Yes,100,Excellent,Low
LOC0180,Delhi Railway Station,Railway Station,Delhi,Delhi,28.707397,77.232969,Public,58,28,2,No,Yes,Yes,No,No,No,Yes,Yes,83,Average,Good,Medium,Yes,Yes,No,Yes,No,Medium,15,4651,16,72.3,12,4,2.9,2.8,13,Average,Yes,70,Average,Medium
LOC0181,Delhi Plaza Mall,Mall,Delhi,Delhi,28.761397,77.129424,Private,6,6,6,Yes,Yes,Yes,Yes,Yes,No,Yes,No,90.3,Average,Poor,Medium,Yes,No,No,No,Yes,High,12,9839,33,126.3,11,2,4.5,4.6,12,Good,Yes,87.4,Good,Medium
LOC0182,Lucknow Plaza Mall,Mall,Lucknow,Uttar Pradesh,26.753562,80.935953,Private,10,10,2,Yes,Yes,No,No,No,No,Yes,Yes,79.3,Average,Average,High,Yes,No,Yes,Yes,Yes,Low,15,17972,70,180.1,3,4,2.8,2.6,2,Good,Yes,88,Good,Low
LOC0183,Mumbai Lake View Point,Tourist Attraction,Mumbai,Maharashtra,18.987821,73.005709,Public,29,19,1,No,Yes,No,No,No,No,No,No,76.3,Poor,Average,Medium,No,No,No,Yes,No,Medium,20,1607,7,19.2,14,2,2.4,2.6,20,Poor,Partial,34.4,Poor,High
LOC0184,Kochi Medical Center,Hospital,Kochi,Kerala,9.960367,76.410148,Private,20,15,6,No,No,Yes,Yes,Yes,Yes,No,No,87.2,Good,Average,Medium,Yes,Yes,No,No,Yes,Medium,27,1382,9,92.3,8,1,4.9,5,23,NA,Yes,85,Good,Low
LOC0185,Udaipur International Airport,Airport,Udaipur,Rajasthan,24.576239,73.743845,Private,6,6,2,No,Yes,Yes,Yes,Yes,No,No,Yes,97.7,Average,Average,High,No,Yes,No,No,Yes,Low,23,11574,55,162.5,8,0,3.4,3.4,9,Average,Partial,89.6,Good,Low
LOC0186,Mysuru Collectorate Office,Government Office,Mysuru,Karnataka,12.331893,76.568357,Public,21,21,1,No,No,No,No,No,Yes,No,No,76.7,Poor,Average,Medium,Yes,No,Yes,Yes,Yes,High,39,752,7,25.7,17,10,1.9,1.8,21,NA,Yes,32.6,Poor,High
LOC0187,Ahmedabad Shopping Mall,Mall,Ahmedabad,Gujarat,22.953003,72.467001,Private,3,3,7,Yes,Yes,No,No,No,Yes,No,Yes,90.8,Average,Good,High,Yes,No,Yes,Yes,Yes,High,43,19858,84,184.7,4,1,3.1,3,5,Good,Yes,95.4,Excellent,Low
LOC0188,Bengaluru Municipal Office,Government Office,Bengaluru,Karnataka,12.895025,77.518491,Public,79,29,2,No,Yes,No,No,Yes,Yes,No,No,70.8,Average,Average,Low,Yes,No,No,No,Yes,Low,20,1766,11,34.2,19,6,1.6,1.3,19,Poor,Partial,33.7,Poor,High
LOC0189,Mysuru Central Park,Park,Mysuru,Karnataka,12.232994,76.515009,Public,5,5,1,No,No,No,No,Yes,No,Yes,Yes,71.2,Good,Average,Medium,No,Yes,No,No,Yes,High,5,2041,2,19.1,15,7,3.1,3.3,1,NA,Yes,60.3,Average,Medium
LOC0190,Visakhapatnam Municipal Office,Government Office,Visakhapatnam,Andhra Pradesh,17.827985,83.314051,Public,74,29,1,No,Yes,No,No,No,No,No,No,80.1,Average,Average,Medium,No,Yes,No,No,No,High,15,3217,10,38.1,14,3,2.1,2.1,16,Average,Partial,39.7,Poor,High
LOC0191,Ahmedabad District Office,Government Office,Ahmedabad,Gujarat,22.88761,72.592941,Public,14,6,3,Yes,Yes,No,No,Yes,Yes,Yes,No,80.4,Poor,Poor,Low,No,No,No,Yes,Yes,Low,12,2770,6,40.3,17,5,1.6,1.5,3,Average,Partial,46.5,Poor,High
LOC0192,Lucknow Central Station,Railway Station,Lucknow,Uttar Pradesh,26.979606,80.856455,Public,24,17,1,No,Yes,No,No,No,No,Yes,No,82.2,Average,Average,Medium,Yes,Yes,No,Yes,Yes,Low,34,3823,15,52.6,12,4,3.1,2.7,19,Good,Partial,63.3,Average,Medium
LOC0193,Kolkata City Hospital,Hospital,Kolkata,West Bengal,22.424173,88.299586,Public,29,11,5,No,Yes,No,Yes,Yes,No,No,Yes,76.8,Poor,Good,Low,Yes,No,No,No,No,Low,9,2114,13,75.2,6,2,3,2.7,18,Average,Partial,54.2,Poor,High
LOC0194,Pune Grand Mall,Mall,Pune,Maharashtra,18.580643,73.859065,Private,1,1,3,Yes,Yes,Yes,Yes,Yes,No,No,Yes,98.4,Average,Good,Low,Yes,Yes,No,Yes,Yes,High,26,10387,35,145.9,3,3,4.6,4.7,0,Good,Yes,97.9,Excellent,Medium
LOC0195,Kanpur City Bus Stop,Bus Stop,Kanpur,Uttar Pradesh,26.593675,80.381714,Public,2,2,1,No,Yes,Yes,No,No,No,No,No,95.3,Good,Good,Medium,Yes,No,No,Yes,No,High,24,2872,9,17.8,15,6,2.7,2.8,13,Poor,No,57.4,Average,Medium
LOC0196,Nashik Heritage Fort,Tourist Attraction,Nashik,Maharashtra,19.9269,73.878506,Public,186,46,1,Yes,No,No,No,No,No,No,No,74.8,Poor,Good,Medium,No,No,No,Yes,Yes,Medium,3,225,2,15.8,26,11,1,1,0,NA,No,19.3,Poor,High
LOC0197,Kolkata Shopping Mall,Mall,Kolkata,West Bengal,22.537613,88.368456,Private,14,14,2,Yes,Yes,Yes,No,No,Yes,Yes,No,91.1,Good,Average,Medium,No,No,Yes,No,Yes,High,29,13882,55,148.1,9,3,3.6,4,10,Average,Yes,90.3,Excellent,Medium
LOC0198,Chandigarh Municipal Office,Government Office,Chandigarh,Chandigarh,30.707663,76.706471,Public,49,23,1,No,Yes,No,No,Yes,No,Yes,No,70.4,Average,Poor,Low,Yes,No,No,Yes,Yes,High,36,2158,6,55.4,15,10,2.1,2.1,13,Average,Partial,27.7,Poor,High
LOC0199,Kolkata Bus Depot,Bus Stop,Kolkata,West Bengal,22.502653,88.312671,Private,13,13,1,No,No,No,No,No,No,Yes,No,75.3,Poor,Average,Medium,No,No,No,Yes,No,High,8,1396,7,14.3,16,5,3.9,4.2,14,NA,Partial,34.5,Poor,High
LOC0200,Delhi Central Station,Railway Station,Delhi,Delhi,28.821704,77.205042,Public,64,18,1,Yes,No,Yes,No,No,No,No,Yes,95.3,Average,Good,Low,No,Yes,No,Yes,Yes,Medium,42,11850,44,116.5,10,4,3.1,2.8,9,NA,No,52.5,Poor,High
LOC0201,Indore General Hospital,Hospital,Indore,Madhya Pradesh,22.610393,75.860571,Public,47,10,4,Yes,No,No,No,No,Yes,Yes,No,83.6,Good,Average,Medium,Yes,No,No,Yes,No,Medium,35,1277,11,76.8,13,7,2.7,2.7,9,NA,Yes,66.5,Average,Medium
LOC0202,Kanpur City Bus Stop,Bus Stop,Kanpur,Uttar Pradesh,26.583197,80.363551,Public,21,10,1,Yes,Yes,No,Yes,No,Yes,No,No,83.1,Poor,Poor,Medium,Yes,Yes,No,Yes,No,Medium,2,873,2,10.1,21,6,1.4,1.9,1,Poor,Partial,48.7,Poor,High
LOC0203,Udaipur Grand Mall,Mall,Udaipur,Rajasthan,24.57615,73.809702,Private,2,2,2,No,Yes,Yes,Yes,Yes,No,Yes,Yes,91.7,Good,Poor,Low,Yes,No,No,Yes,Yes,High,21,11260,53,138.7,6,2,4.1,4.1,20,Poor,Yes,74.6,Average,High
LOC0204,Bengaluru Domestic Airport,Airport,Bengaluru,Karnataka,12.948934,77.635955,Public,30,24,3,No,Yes,Yes,Yes,Yes,Yes,Yes,No,89.8,Average,Good,Low,Yes,Yes,Yes,Yes,No,Medium,9,18138,74,202.6,9,0,2.8,2.8,11,Good,Partial,81.7,Good,Medium
LOC0205,Bengaluru Airport Terminal,Airport,Bengaluru,Karnataka,13.044596,77.666204,Public,29,4,3,Yes,Yes,Yes,Yes,Yes,Yes,No,No,85.8,Good,Good,Medium,Yes,No,Yes,No,Yes,Low,33,19478,88,154.8,8,2,3.2,2.8,8,Average,Yes,100,Excellent,Low
LOC0206,Kochi Collectorate Office,Government Office,Kochi,Kerala,10.054883,76.34514,Public,12,12,2,Yes,No,Yes,Yes,Yes,Yes,No,No,98.4,Good,Poor,Medium,No,No,No,Yes,Yes,Medium,25,2603,8,40.4,18,3,3.2,3,16,NA,Partial,76,Good,Medium
LOC0207,Kochi Bus Depot,Bus Stop,Kochi,Kerala,9.808982,76.405654,Public,10,6,1,No,Yes,No,No,No,Yes,No,No,78,Good,Poor,Medium,Yes,Yes,No,Yes,Yes,High,9,2947,15,17.1,14,5,2.7,2.8,19,Average,No,49.2,Poor,High
LOC0208,Kochi General Hospital,Hospital,Kochi,Kerala,10.075202,76.411508,Private,14,14,3,Yes,Yes,Yes,No,No,Yes,No,Yes,100.4,Average,Average,Medium,No,Yes,Yes,No,Yes,High,34,4782,25,141,7,3,3.2,3.3,7,Good,Yes,86.8,Good,Medium
LOC0209,Thane Plaza Mall,Mall,Thane,Maharashtra,19.142792,72.87929,Private,19,17,7,Yes,No,Yes,Yes,No,Yes,No,Yes,93,Average,Good,High,No,No,No,Yes,No,High,33,16961,69,203.5,14,6,4,3.5,23,NA,Partial,79.4,Good,Medium
LOC0210,Surat Medical Center,Hospital,Surat,Gujarat,21.123554,72.974081,Private,41,16,3,Yes,Yes,No,No,Yes,Yes,No,No,91.8,Good,Average,High,Yes,Yes,Yes,Yes,Yes,High,17,581,11,114.8,7,1,3.5,3.8,4,Poor,Yes,93.9,Excellent,Low
LOC0211,Kochi Medical Center,Hospital,Kochi,Kerala,9.970969,76.322914,Private,36,13,5,Yes,Yes,Yes,Yes,Yes,Yes,No,No,100.7,Average,Average,Low,Yes,No,Yes,No,No,Low,18,1132,13,125.3,14,2,2.5,2.7,19,Average,Partial,76.2,Good,Medium
LOC0212,Nagpur Railway Station,Railway Station,Nagpur,Maharashtra,21.072228,79.044228,Public,33,5,3,No,No,No,No,No,No,No,Yes,77.8,Poor,Poor,Medium,Yes,Yes,Yes,Yes,Yes,High,26,5241,23,64,14,5,3.1,3.4,4,NA,No,25.1,Poor,High
LOC0213,Pune Domestic Airport,Airport,Pune,Maharashtra,18.515351,73.744387,Private,15,4,5,Yes,Yes,Yes,Yes,Yes,Yes,No,Yes,106.5,Poor,Good,Low,No,No,No,Yes,No,Low,31,18894,80,208.8,4,3,3.7,4.1,19,Average,Yes,83.4,Good,Medium
LOC0214,Kolkata Grand Mall,Mall,Kolkata,West Bengal,22.580622,88.505725,Private,10,10,5,Yes,Yes,Yes,Yes,No,No,No,Yes,105,Good,Good,Medium,Yes,No,No,No,Yes,High,23,13557,60,166.4,,5,3.3,3.2,5,Average,No,84.2,Good,Medium
LOC0215,Bengaluru District Office,Government Office,Bengaluru,Karnataka,12.844877,77.672455,Public,73,13,2,No,Yes,No,No,Yes,No,No,No,72.2,Average,Poor,High,No,No,No,No,Yes,Low,8,2405,13,36.1,19,3,3,3.1,11,Poor,No,35,Poor,Medium
LOC0216,Chennai College of Engineering,College,Chennai,Tamil Nadu,12.947837,80.302371,Public,64,19,3,No,No,No,Yes,No,No,No,No,72,Average,Good,Medium,Yes,No,No,Yes,Yes,High,15,2881,12,34.4,23,10,2.9,2.6,23,NA,No,30,Poor,High
LOC0217,Coimbatore Central Park,Park,Coimbatore,Tamil Nadu,11.087583,76.918637,Private,5,5,1,Yes,Yes,Yes,No,No,No,No,Yes,94.9,Poor,Good,Medium,No,No,Yes,No,Yes,Low,24,2154,3,24.1,13,2,3.5,3.2,15,Poor,Yes,73.2,Average,Medium
LOC0218,Patna Grand Mall,Mall,Patna,Bihar,25.641348,85.035079,Private,21,10,6,Yes,Yes,Yes,Yes,No,Yes,Yes,No,101.1,Good,Good,High,Yes,No,No,No,No,Medium,25,14470,59,186.8,8,1,3.1,2.9,14,Poor,Yes,100,Excellent,Low
LOC0219,Lucknow City Centre Mall,Mall,Lucknow,Uttar Pradesh,26.73458,80.864853,Private,3,3,7,No,Yes,No,Yes,Yes,Yes,Yes,No,84.9,Good,Good,High,Yes,Yes,Yes,Yes,Yes,Medium,38,6612,18,151.6,9,0,2.8,3,10,Good,Partial,100,Excellent,Low
LOC0220,Lucknow College of Engineering,College,Lucknow,Uttar Pradesh,26.992018,80.947609,Public,66,13,3,No,No,No,No,No,Yes,No,No,68,Good,Average,Medium,No,No,No,Yes,Yes,Low,10,818,2,38.8,9,3,2.7,2.9,7,NA,Partial,50.4,Poor,Medium
LOC0221,Udaipur Airport Terminal,Airport,Udaipur,Rajasthan,24.538622,73.605577,Public,28,11,5,No,Yes,Yes,Yes,Yes,Yes,No,Yes,97,Poor,Good,High,No,Yes,No,Yes,No,Low,13,13282,58,173.2,15,1,3.9,3.6,1,Average,Partial,89.5,Good,Low
LOC0222,Thiruvananthapuram District Office,Government Office,Thiruvananthapuram,Kerala,8.421999,76.976756,Public,62,26,1,No,No,No,No,No,No,No,No,77.6,Good,Average,High,Yes,No,No,Yes,No,Low,19,2805,18,45.2,15,6,2.5,2.5,8,NA,No,45.2,Poor,Medium
LOC0223,Pune Junction,Railway Station,Pune,Maharashtra,18.370426,73.897608,Public,85,20,2,No,No,No,No,No,Yes,No,Yes,78.1,Poor,Good,Medium,Yes,Yes,No,Yes,Yes,Medium,13,3471,11,61.7,7,2,1.8,1.8,12,NA,No,37.3,Poor,High
LOC0224,Hyderabad Lake View Point,Tourist Attraction,Hyderabad,Telangana,17.277059,78.528573,Public,186,38,1,Yes,No,No,No,No,No,No,No,73.4,Average,Average,Low,Yes,No,No,No,No,Low,5,822,2,13.8,19,8,2.2,1.8,2,NA,No,23.1,Poor,High
LOC0225,Hyderabad Central Station,Railway Station,Hyderabad,Telangana,17.387709,78.409907,Public,34,14,3,Yes,No,Yes,No,No,Yes,No,Yes,88,Poor,Good,Low,Yes,Yes,No,Yes,No,High,36,5706,23,51.6,7,3,2.5,2.1,17,NA,Yes,53.9,Poor,High
LOC0226,Coimbatore City Park,Park,Coimbatore,Tamil Nadu,11.131091,76.833432,Public,26,17,1,Yes,Yes,Yes,No,No,No,Yes,No,94.6,Poor,Poor,Medium,Yes,Yes,No,Yes,Yes,Medium,2,2062,6,20,20,2,2.5,2.3,6,Poor,Yes,60.7,Average,Medium
LOC0227,Ahmedabad District Office,Government Office,Ahmedabad,Gujarat,23.042595,72.466374,Public,65,23,1,Yes,No,No,Yes,Yes,No,No,No,78.6,Poor,Average,Medium,No,No,No,Yes,Yes,Low,39,1552,10,20.7,9,2,1.3,1.1,8,NA,Partial,48.9,Poor,High
LOC0228,Mumbai Plaza Mall,Mall,Mumbai,Maharashtra,19.145205,72.892011,Private,9,9,2,Yes,No,Yes,Yes,Yes,Yes,No,Yes,87.5,Average,Average,High,Yes,No,Yes,Yes,Yes,High,9,10798,45,173.2,12,3,2.9,2.9,2,NA,Partial,83.9,Good,Low
LOC0229,Kanpur Museum,Tourist Attraction,Kanpur,Uttar Pradesh,26.571317,80.203521,Public,85,22,1,Yes,No,Yes,No,No,Yes,No,No,95,Poor,Poor,Medium,Yes,No,No,Yes,No,Medium,15,2072,10,10.5,23,5,2.5,2.4,23,NA,No,31.4,Poor,High
LOC0230,Coimbatore Temple Complex,Tourist Attraction,Coimbatore,Tamil Nadu,11.132046,77.035713,Public,144,40,1,Yes,No,Yes,No,No,No,No,No,101.6,Poor,Good,Low,No,Yes,No,Yes,No,Medium,19,2293,13,25.8,17,7,1.2,1,13,NA,Partial,34,Poor,High
LOC0231,Bhopal Airport Terminal,Airport,Bhopal,Madhya Pradesh,23.287229,77.549988,Public,16,9,4,Yes,Yes,No,No,No,Yes,No,Yes,87.2,Average,Good,Medium,Yes,No,Yes,Yes,Yes,Low,10,19837,76,155,5,0,3.3,3.7,4,Good,Yes,90.6,Excellent,Low
LOC0232,Mysuru Plaza Mall,Mall,Mysuru,Karnataka,12.360697,76.770409,Private,8,8,3,Yes,Yes,Yes,Yes,Yes,Yes,No,Yes,100.5,Average,Good,Medium,Yes,No,No,Yes,No,High,37,16934,72,208.4,3,1,3.7,3.7,10,Average,Yes,100,Excellent,Medium
LOC0233,Delhi Green Park,Park,Delhi,Delhi,28.603934,77.248579,Public,5,5,1,No,No,No,No,No,Yes,Yes,Yes,75.3,Average,Average,Medium,No,No,No,Yes,No,Low,20,796,5,29.2,16,3,3,3.1,20,NA,Yes,58.2,Average,Medium
LOC0234,Bhopal Temple Complex,Tourist Attraction,Bhopal,Madhya Pradesh,23.14607,77.311641,Public,174,38,1,No,Yes,No,No,No,No,No,No,74.2,Poor,Poor,Medium,No,Yes,No,Yes,Yes,Low,3,2089,6,18.7,7,9,1.3,1,18,Poor,Partial,17,Poor,High
LOC0235,Guwahati Junction,Railway Station,Guwahati,Assam,26.243201,91.800532,Public,14,3,3,Yes,Yes,Yes,No,No,No,No,No,94.8,Average,Average,Low,Yes,No,No,Yes,Yes,High,37,19788,83,112.2,1,1,3.3,3.6,1,Average,Yes,70.5,Average,Medium
LOC0236,Thiruvananthapuram Bus Depot,Bus Stop,Thiruvananthapuram,Kerala,8.400872,76.947927,Public,27,11,1,No,Yes,No,No,No,No,No,No,71.7,Good,Average,High,No,Yes,No,Yes,No,High,12,442,2,11.6,8,6,1.7,1.7,11,Poor,No,44.5,Poor,High
LOC0237,Guwahati Botanical Garden,Tourist Attraction,Guwahati,Assam,26.052465,91.86866,Public,48,10,1,No,No,Yes,No,No,Yes,No,Yes,89.5,Poor,Poor,Medium,Yes,Yes,No,No,No,High,17,2918,9,41.8,20,9,2.5,2.6,3,NA,Yes,33.5,Poor,High
LOC0238,Nashik Junction,Railway Station,Nashik,Maharashtra,20.126228,73.661871,Public,20,3,1,Yes,No,Yes,No,Yes,No,Yes,No,93.8,Poor,Poor,Medium,Yes,No,No,Yes,Yes,Medium,38,11146,48,39.1,17,5,1.9,2,19,NA,No,41.5,Poor,High
LOC0239,Thiruvananthapuram Municipal Office,Government Office,Thiruvananthapuram,Kerala,8.40595,77.001027,Public,55,18,2,Yes,Yes,Yes,No,No,No,No,No,93.4,Poor,Poor,High,Yes,Yes,No,Yes,Yes,Medium,34,2643,8,46.6,17,5,2.4,2.5,9,Poor,Yes,57.4,Average,Medium
LOC0240,Patna Green Park,Park,Patna,Bihar,25.621947,85.250855,Public,31,11,1,No,No,No,No,No,No,No,No,76.1,Poor,Poor,Medium,Yes,No,No,Yes,Yes,Low,14,1650,13,17.2,18,6,2.6,2.7,23,NA,No,17.1,Poor,High
LOC0241,Guwahati District Office,Government Office,Guwahati,Assam,26.057513,91.768019,Public,30,5,1,Yes,Yes,Yes,No,No,Yes,Yes,No,93.6,Poor,Average,Low,No,Yes,No,No,Yes,Low,25,1474,6,20.5,18,5,3,2.8,1,Good,Yes,70.9,Average,High
LOC0242,Mysuru Degree College,College,Mysuru,Karnataka,12.242723,76.66177,Private,44,9,2,No,Yes,No,No,No,No,Yes,Yes,74.3,Good,Poor,High,No,No,No,No,No,Low,17,552,2,52.1,14,2,3,2.9,15,Poor,Yes,58.1,Average,Medium
LOC0243,Udaipur City Park,Park,Udaipur,Rajasthan,24.499327,73.794492,Public,4,4,1,Yes,No,Yes,Yes,No,No,No,No,94.7,Average,Average,High,No,Yes,No,No,No,Low,12,2806,10,26.4,23,5,2.3,2.4,8,NA,Partial,71.9,Average,Medium
LOC0244,Mysuru Central Station,Railway Station,Mysuru,Karnataka,12.376203,76.732476,Public,15,15,2,No,No,Yes,Yes,No,No,No,No,89.2,Poor,Good,Medium,No,No,No,Yes,Yes,High,35,13283,53,92.8,16,7,2.8,2.8,19,NA,No,36.2,Poor,High
LOC0245,Lucknow City Hospital,Hospital,Lucknow,Uttar Pradesh,26.977994,80.836734,Public,23,,5,No,Yes,No,Yes,Yes,No,No,No,80,Poor,Good,Medium,Yes,Yes,Yes,Yes,Yes,High,27,3669,22,96.9,21,4,2.9,3,22,Average,Yes,61.5,Average,High
LOC0246,Pune Degree College,College,Pune,Maharashtra,18.582755,73.81738,Private,56,20,3,Yes,No,Yes,Yes,No,No,No,Yes,92.1,Good,Average,High,Yes,No,No,Yes,Yes,Medium,15,1683,10,71.3,21,4,1.6,1.7,4,NA,Partial,77.8,Good,Low
LOC0247,Guwahati Medical Center,Hospital,Guwahati,Assam,26.270366,91.721363,Private,14,14,6,Yes,Yes,Yes,Yes,No,No,No,Yes,102.1,Good,Average,Medium,Yes,No,No,Yes,Yes,High,34,3391,19,109.5,5,3,3.1,3.2,7,Good,Yes,95.8,Excellent,Medium
LOC0248,Chandigarh Government College,College,Chandigarh,Chandigarh,30.655152,76.882513,Public,31,11,3,Yes,Yes,Yes,Yes,No,No,No,No,101.9,Poor,Good,Medium,No,No,Yes,Yes,Yes,Medium,11,4622,15,51.1,12,2,2.5,2.7,3,Poor,No,63.4,Average,Medium
LOC0249,Visakhapatnam Institute of Technology,College,Visakhapatnam,Andhra Pradesh,17.62363,83.306408,Private,31,19,2,No,No,Yes,Yes,Yes,Yes,No,No,71.4,Average,Average,Medium,No,Yes,No,Yes,No,Low,22,1285,7,42.8,19,4,3.4,3.8,8,NA,Partial,62.7,Average,Medium
LOC0250,Coimbatore Bus Stand,Bus Stop,Coimbatore,Tamil Nadu,11.085855,77.011467,Public,14,2,1,No,No,No,No,No,No,No,No,76.3,Poor,Good,Low,No,No,No,Yes,No,Low,22,1579,2,14.4,11,4,3.4,3.6,18,NA,Yes,34.9,Poor,High
LOC0251,Thiruvananthapuram Central Park,Park,Thiruvananthapuram,Kerala,8.382006,77.017164,Public,7,7,1,No,No,Yes,Yes,No,Yes,Yes,Yes,86.8,Poor,Poor,Low,Yes,No,No,No,Yes,Low,14,1061,3,9.8,13,2,2.7,2.3,11,NA,Yes,49.8,Poor,High
LOC0252,Mysuru City Park,Park,Mysuru,Karnataka,12.213277,76.704847,Public,47,14,1,No,Yes,Yes,No,Yes,No,No,No,78,Average,Poor,Medium,Yes,No,No,Yes,Yes,High,15,2786,10,28.9,21,4,2.8,2.9,0,Poor,Partial,43.8,Poor,High
LOC0253,Coimbatore City Park,Park,Coimbatore,Tamil Nadu,10.997004,76.875834,Public,4,2,1,No,No,Yes,Yes,No,No,No,Yes,86.1,Poor,Good,High,No,Yes,No,No,Yes,High,15,2294,9,22.7,21,4,2.7,2.9,20,NA,Partial,54.9,Poor,High
LOC0254,Nagpur Multispeciality Hospital,Hospital,Nagpur,Maharashtra,20.999662,79.005868,Public,32,21,3,Yes,Yes,Yes,No,Yes,No,No,Yes,93.4,Good,Poor,Medium,Yes,No,No,Yes,Yes,Low,28,1514,5,48.9,9,1,3.5,3.6,10,Good,Yes,90,Excellent,Medium
LOC0255,Hyderabad Institute of Technology,College,Hyderabad,Telangana,17.509442,78.52781,Public,67,14,2,No,No,No,No,No,No,No,No,84.1,Good,Average,Low,No,No,No,Yes,No,High,37,2319,13,49.7,21,7,2.5,2.9,22,NA,No,19.9,Poor,High
LOC0256,Mumbai City Park,Park,Mumbai,Maharashtra,18.95816,72.958514,Public,18,18,1,No,Yes,No,Yes,No,No,No,Yes,78.2,Average,Average,Low,Yes,Yes,No,Yes,Yes,Low,18,701,2,23.3,20,2,2.9,2.6,9,Average,Partial,60.1,Average,Medium
LOC0257,Jaipur Domestic Airport,Airport,Jaipur,Rajasthan,26.996157,75.723863,Public,28,10,3,Yes,No,Yes,No,No,Yes,Yes,Yes,90.6,Poor,Poor,High,Yes,Yes,Yes,No,Yes,High,9,19234,83,173.7,12,4,3.4,3.3,12,NA,Yes,67.9,Average,High
LOC0258,Chandigarh Railway Station,Railway Station,Chandigarh,Chandigarh,30.865167,76.669846,Public,55,18,3,No,No,No,Yes,No,No,No,No,74.2,Average,Average,Low,No,No,No,Yes,No,Medium,42,18581,75,135.9,6,3,2.6,2.7,18,NA,Partial,32.3,Poor,High
LOC0259,Coimbatore Botanical Garden,Tourist Attraction,Coimbatore,Tamil Nadu,10.910097,76.85392,Public,100,20,1,No,No,No,No,No,Yes,No,No,82.5,Good,Average,High,Yes,No,No,No,No,Low,4,774,3,18.5,21,8,1.8,2,2,NA,Yes,52.6,Poor,High
LOC0260,Guwahati Heritage Fort,Tourist Attraction,Guwahati,Assam,26.25214,91.779705,Public,85,22,1,No,No,No,Yes,Yes,Yes,Yes,No,71.9,Average,Average,Low,Yes,No,No,Yes,No,High,10,2285,12,21.6,24,8,1.8,1.8,16,NA,Partial,32.9,Poor,High
LOC0261,Chennai International Airport,Airport,Chennai,Tamil Nadu,13.167816,80.234727,Public,22,22,5,Yes,Yes,Yes,Yes,No,Yes,No,No,88.1,Poor,Average,High,Yes,Yes,Yes,Yes,Yes,Low,6,5069,16,163.1,16,0,3.4,3.7,16,Good,Yes,92.9,Excellent,Low
LOC0262,Pune Government College,College,Pune,Maharashtra,18.557511,73.967482,Public,38,9,1,Yes,No,Yes,Yes,No,No,No,No,93.4,Good,Good,Medium,Yes,Yes,No,Yes,No,Low,33,3541,9,57,20,4,1.3,1,17,NA,Partial,75.2,Good,Medium
LOC0263,Nashik City Bus Stop,Bus Stop,Nashik,Maharashtra,20.101551,73.847219,Public,40,6,1,Yes,Yes,Yes,No,No,No,No,Yes,92.6,Average,Poor,Low,No,No,No,Yes,No,High,5,1014,2,14.5,11,6,2.6,2.6,21,Average,Yes,49.1,Poor,High
LOC0264,Surat Bus Stand,Bus Stop,Surat,Gujarat,21.282482,72.696544,Public,30,10,1,No,Yes,No,No,No,No,No,No,71.6,Poor,Good,Low,Yes,No,No,Yes,No,High,22,2327,10,17,10,10,2.5,2.8,1,Average,Partial,27.6,Poor,High
LOC0265,Thane Domestic Airport,Airport,Thane,Maharashtra,19.10933,72.978485,Public,5,5,2,Yes,Yes,Yes,No,No,Yes,Yes,No,97,Poor,Average,Medium,Yes,Yes,No,Yes,No,Medium,20,12223,50,213.9,12,3,3.5,3.6,15,Good,Partial,79.1,Good,Medium
LOC0266,Guwahati Bus Depot,Bus Stop,Guwahati,Assam,26.200944,91.793587,Public,33,22,1,Yes,No,Yes,No,No,No,Yes,No,99.3,Poor,Average,Low,No,No,No,Yes,No,High,2,1386,12,10.6,15,6,2.6,2.9,2,NA,Yes,44,Poor,High
LOC0267,Indore City Park,Park,Indore,Madhya Pradesh,22.784133,75.894066,Public,34,15,1,Yes,No,No,Yes,No,Yes,Yes,Yes,84.5,Poor,Poor,Low,No,No,Yes,Yes,Yes,High,7,2236,10,19.9,24,11,3,3,4,NA,No,30.4,Poor,High
LOC0268,Lucknow Degree College,College,Lucknow,Uttar Pradesh,26.938089,81.0696,Public,33,5,3,Yes,Yes,No,No,Yes,No,Yes,No,86.5,Good,Average,Low,Yes,Yes,No,No,No,Medium,11,4475,16,45.3,21,5,3.4,3.5,19,Poor,Partial,62.2,Average,Medium
LOC0269,Kolkata Multispeciality Hospital,Hospital,Kolkata,West Bengal,22.515099,88.383494,Private,46,11,4,Yes,Yes,Yes,No,No,Yes,No,Yes,100.5,Good,Poor,Medium,Yes,No,No,No,No,Medium,9,4138,22,101.4,16,4,3.9,4.1,3,Average,Yes,80.5,Good,Medium
LOC0270,Nagpur International Airport,Airport,Nagpur,Maharashtra,21.017298,79.034176,Public,4,2,5,No,Yes,Yes,No,No,No,Yes,Yes,88.9,Good,Average,Medium,Yes,Yes,No,Yes,Yes,Medium,20,14605,65,172.4,2,1,3.6,3.5,20,Good,Yes,88.3,Good,Low
LOC0271,Hyderabad Multispeciality Hospital,Hospital,Hyderabad,Telangana,17.413028,78.558453,Private,24,18,4,Yes,Yes,No,No,No,Yes,No,Yes,83.6,Good,Average,Medium,Yes,No,No,No,No,Medium,18,4222,18,132.7,4,1,4.5,4.8,17,Good,Yes,88.4,Good,Low
LOC0272,Hyderabad City Park,Park,Hyderabad,Telangana,17.238655,78.484248,Public,24,18,1,No,No,No,No,No,No,No,No,76.8,Poor,Poor,Medium,No,No,No,No,No,Medium,3,1169,10,17.3,15,3,3.6,3.4,5,NA,No,19.2,Poor,High
LOC0273,Thiruvananthapuram Domestic Airport,Airport,Thiruvananthapuram,Kerala,8.441608,77.055763,Private,23,5,6,Yes,Yes,Yes,No,Yes,Yes,Yes,Yes,101.4,Average,Average,High,Yes,No,No,No,No,Low,9,13449,59,167.9,9,2,4,3.9,1,Poor,Yes,97.8,Excellent,Low
LOC0274,Coimbatore Heritage Fort,Tourist Attraction,Coimbatore,Tamil Nadu,11.091294,76.993519,Public,17,14,1,Yes,No,Yes,Yes,No,Yes,No,No,92.6,Average,Average,Low,Yes,Yes,Yes,Yes,Yes,Medium,3,223,3,15.4,13,4,3.1,3.1,19,NA,No,63.3,Average,Medium
LOC0275,Hyderabad Heritage Fort,Tourist Attraction,Hyderabad,Telangana,17.500234,78.517391,Public,200,45,1,No,No,No,Yes,No,Yes,No,No,61.5,Average,Average,Low,Yes,No,No,Yes,Yes,High,14,387,8,23.6,23,6,2.4,2,19,NA,Partial,29.1,Poor,High
LOC0276,Visakhapatnam Green Park,Park,Visakhapatnam,Andhra Pradesh,17.689469,83.207442,Private,33,5,1,No,No,No,Yes,No,No,Yes,No,83,Average,Poor,High,Yes,No,No,No,Yes,High,4,2124,9,22.6,16,5,2.2,2.2,23,NA,Partial,41.3,Poor,High
LOC0277,Indore City Bus Stop,Bus Stop,Indore,Madhya Pradesh,22.637237,75.915727,Private,24,11,1,No,No,No,No,No,Yes,No,No,78.5,Poor,Average,Low,No,No,No,Yes,No,High,4,651,2,10.3,17,4,2.8,3,18,NA,No,17.3,Poor,High
LOC0278,Chandigarh Green Park,Park,Chandigarh,Chandigarh,30.859175,76.726881,Public,9,2,1,Yes,Yes,No,No,Yes,No,No,No,82.6,Poor,Average,Low,Yes,No,Yes,Yes,No,Low,6,2232,6,22.8,17,4,3.6,3.7,18,Poor,No,42.5,Poor,High
LOC0279,Kolkata Central Park,Park,Kolkata,West Bengal,22.484935,88.30325,Public,35,12,1,No,No,Yes,No,No,Yes,No,No,91.5,Average,Average,Low,Yes,Yes,Yes,Yes,No,Medium,23,2869,7,28.2,22,6,2.9,2.8,1,NA,No,43.3,Poor,High
LOC0280,Indore Multispeciality Hospital,Hospital,Indore,Madhya Pradesh,22.866622,75.942901,Private,59,13,2,Yes,Yes,No,Yes,Yes,Yes,No,No,84.2,Average,Good,Low,Yes,Yes,Yes,Yes,Yes,High,11,3820,19,121.5,9,6,3,3.1,13,Good,Yes,77.1,Good,Medium
LOC0281,Pune Institute of Technology,College,Pune,Maharashtra,18.590565,73.845463,Public,30,11,3,Yes,Yes,No,Yes,Yes,Yes,Yes,No,81.2,Average,Average,Medium,Yes,Yes,No,No,Yes,High,39,4412,16,32.4,24,7,1.6,1,2,Average,No,66.1,Average,Medium
LOC0282,Bengaluru Junction,Railway Station,Bengaluru,Karnataka,13.114255,77.631029,Public,51,20,3,Yes,No,Yes,Yes,No,No,No,No,94.5,Average,Good,High,No,No,No,Yes,No,Low,17,10546,46,108.4,13,5,2.1,1.7,12,NA,Partial,70.5,Average,Medium
LOC0283,Chandigarh Multispeciality Hospital,Hospital,Chandigarh,Chandigarh,30.717344,76.653102,Private,44,20,4,Yes,Yes,Yes,No,Yes,Yes,Yes,No,94.2,Good,Good,High,Yes,Yes,No,Yes,Yes,Medium,22,4380,18,130.5,10,1,3.5,3.5,14,Average,Yes,100,Excellent,Low
LOC0284,Jaipur Government College,College,Jaipur,Rajasthan,26.834116,75.884545,Private,24,13,3,No,Yes,Yes,No,No,Yes,No,Yes,80.9,Poor,Average,High,No,No,Yes,No,No,Low,28,2766,10,60,13,3,3.6,3.3,4,Good,Yes,72.2,Average,Medium
LOC0285,Mysuru Collectorate Office,Government Office,Mysuru,Karnataka,12.374317,76.749711,Public,54,27,2,No,No,No,No,No,Yes,No,No,62.4,Good,Average,High,No,No,Yes,Yes,No,Medium,30,4573,22,43.1,21,5,2.2,2.1,17,NA,No,43,Poor,Medium
LOC0286,Kanpur Government College,College,Kanpur,Uttar Pradesh,26.472807,80.333914,Private,39,9,1,No,Yes,Yes,No,Yes,No,Yes,Yes,91.6,Good,Poor,Medium,Yes,No,Yes,No,Yes,High,5,3548,10,74,12,3,3.2,3.3,9,Average,Yes,73.5,Average,Medium
LOC0287,Pune Municipal Office,Government Office,Pune,Maharashtra,18.567929,73.828008,Public,72,27,2,Yes,Yes,No,No,No,No,No,No,75.4,Average,Average,Medium,Yes,No,No,Yes,Yes,Low,7,4983,22,51.6,6,3,2.7,2.8,13,Average,Yes,63.4,Average,Medium
LOC0288,Nashik Tehsil Office,Government Office,Nashik,Maharashtra,19.889672,73.792755,Public,57,21,2,No,No,No,Yes,Yes,No,Yes,No,85.6,Average,Poor,Medium,No,Yes,No,No,Yes,Low,39,2896,15,43.4,17,7,2.6,2.2,11,NA,No,38.4,Poor,High
LOC0289,Bhopal Railway Station,Railway Station,Bhopal,Madhya Pradesh,23.244437,77.41669,Public,36,18,3,No,No,Yes,No,Yes,Yes,No,No,84.5,Average,Good,Medium,No,Yes,No,Yes,Yes,High,44,10659,42,95.1,16,9,2.8,2.9,5,NA,Yes,57.8,Average,High
LOC0290,Indore Government College,College,Indore,Madhya Pradesh,22.79793,75.908769,Public,11,4,2,No,No,Yes,No,No,No,Yes,Yes,93.4,Average,Average,Medium,Yes,No,No,Yes,No,Low,29,1958,6,45.3,12,5,2.2,2.4,9,NA,Partial,58,Average,Medium
LOC0291,Kolkata Temple Complex,Tourist Attraction,Kolkata,West Bengal,22.649872,88.455228,Public,44,23,1,No,Yes,No,No,No,Yes,No,Yes,79.2,Average,Average,Medium,No,No,Yes,Yes,Yes,Medium,24,2309,12,26.5,14,3,2.2,2,11,Good,No,53,Poor,Medium
LOC0292,Bhopal Airport Terminal,Airport,Bhopal,Madhya Pradesh,23.359748,77.43093,Public,19,4,5,Yes,Yes,Yes,No,Yes,No,No,No,94.7,Average,Average,Medium,Yes,Yes,Yes,No,Yes,Medium,11,15300,61,194.2,13,2,3.6,3.5,15,Average,Yes,84.3,Good,Low
LOC0293,Mumbai Collectorate Office,Government Office,Mumbai,Maharashtra,19.071181,72.782985,Public,69,15,3,Yes,Yes,No,No,Yes,Yes,No,Yes,74.1,Average,Average,Low,Yes,Yes,No,No,No,Medium,6,4425,18,32.1,20,6,2.9,2.8,16,Good,Partial,57.3,Average,Medium
LOC0294,Chennai Junction,Railway Station,Chennai,Tamil Nadu,13.100695,80.305473,Public,24,8,3,No,No,No,Yes,No,No,No,No,68.2,Average,Good,Low,No,No,No,Yes,No,High,7,3570,10,79.2,8,9,2.4,2.4,17,NA,Partial,30.6,Poor,High
LOC0295,Nagpur City Centre Mall,Mall,Nagpur,Maharashtra,21.256203,79.061595,Private,21,7,5,Yes,Yes,Yes,Yes,Yes,Yes,No,Yes,97.9,Poor,Poor,Medium,Yes,Yes,No,Yes,Yes,Medium,20,15419,60,185.6,14,0,4.5,4.4,9,Average,Partial,84.2,Good,Medium
LOC0296,Nashik City Bus Stop,Bus Stop,Nashik,Maharashtra,20.023413,73.750629,Public,3,3,1,Yes,No,No,No,No,No,No,No,86.9,Poor,Good,Medium,No,Yes,No,Yes,No,High,23,969,2,11.4,23,8,3.2,3,17,NA,No,35.4,Poor,High
LOC0297,Coimbatore Grand Mall,Mall,Coimbatore,Tamil Nadu,11.11497,76.984761,Private,11,4,2,Yes,Yes,Yes,No,No,Yes,Yes,Yes,88.2,Poor,Good,Medium,Yes,Yes,No,Yes,Yes,Low,43,3241,11,129.1,7,1,4,3.7,9,Good,Yes,93.8,Excellent,Medium
LOC0298,Bhopal City Centre Mall,Mall,Bhopal,Madhya Pradesh,23.282656,77.317357,Private,22,12,7,No,Yes,Yes,Yes,Yes,Yes,No,No,90.8,Average,Good,Medium,Yes,Yes,Yes,Yes,No,High,22,8591,34,147.4,5,3,2.8,2.5,2,Poor,Yes,84,Good,Medium
LOC0299,Jaipur Temple Complex,Tourist Attraction,Jaipur,Rajasthan,26.865719,75.693418,Public,112,28,1,No,Yes,Yes,No,Yes,No,No,No,84.7,Poor,Good,Low,No,Yes,No,Yes,Yes,Medium,24,677,2,17.6,22,7,2.9,3.5,7,Average,No,34.8,Poor,High
LOC0300,Jaipur Collectorate Office,Government Office,Jaipur,Rajasthan,26.831118,75.858509,Public,28,4,1,Yes,Yes,No,No,No,No,Yes,No,82.1,Average,Average,High,No,No,No,No,Yes,Low,32,3644,8,46.6,19,3,2.8,2.7,23,Average,No,60.7,Average,Low
LOC0301,Jaipur Shopping Mall,Mall,Jaipur,Rajasthan,26.89195,75.850743,Private,15,12,5,Yes,Yes,No,Yes,No,Yes,Yes,Yes,76.7,Good,Average,Low,Yes,No,Yes,No,Yes,Medium,13,13315,52,135.6,9,3,3.6,3.6,13,Poor,Yes,83.8,Good,Medium
LOC0302,Kolkata Heritage Fort,Tourist Attraction,Kolkata,West Bengal,22.429381,88.246237,Public,136,30,1,No,No,No,No,No,No,Yes,No,72.1,Good,Average,Medium,No,No,No,Yes,Yes,Low,3,488,2,22.1,19,8,1.6,1.7,19,NA,No,30.7,Poor,High
LOC0303,Bhopal Domestic Airport,Airport,Bhopal,Madhya Pradesh,23.15908,77.363979,Private,2,2,6,Yes,Yes,Yes,Yes,Yes,Yes,No,Yes,95.1,Average,Poor,Medium,Yes,Yes,No,Yes,Yes,Low,14,15847,75,191.1,5,0,4,4.3,6,Average,Yes,100,Excellent,Medium
LOC0304,Hyderabad City Hospital,Hospital,Hyderabad,Telangana,17.29189,78.342124,Public,47,15,6,No,Yes,Yes,No,Yes,Yes,No,Yes,86.2,Poor,Poor,High,No,No,No,Yes,Yes,Low,34,1373,12,57.9,13,4,2.3,2.2,8,Good,No,52.3,Poor,High
LOC0305,Thiruvananthapuram International Airport,Airport,Thiruvananthapuram,Kerala,8.504503,77.018939,Public,24,21,7,No,Yes,No,Yes,Yes,Yes,No,Yes,76.9,Average,Average,Medium,Yes,No,Yes,Yes,Yes,Low,27,19547,85,241.7,1,1,3.4,3.8,21,Good,Yes,85.4,Good,Low
LOC0306,Mysuru Central Station,Railway Station,Mysuru,Karnataka,12.433041,76.539488,Public,59,26,1,Yes,No,No,No,No,No,No,No,85.2,Average,Average,High,Yes,Yes,No,Yes,Yes,Medium,23,10104,37,97.1,14,6,3.1,3.2,2,NA,Partial,57.8,Average,Medium
LOC0307,Patna City Hospital,Hospital,Patna,Bihar,25.587709,85.22529,Private,47,17,4,Yes,No,No,No,No,Yes,No,Yes,75.8,Good,Good,Low,No,No,No,No,No,Medium,25,2859,20,110.2,13,4,4.7,5,0,NA,No,57.7,Average,Medium
LOC0308,Thiruvananthapuram Junction,Railway Station,Thiruvananthapuram,Kerala,8.480729,76.977853,Public,84,15,1,No,Yes,Yes,No,No,No,No,No,83.6,Average,Average,Low,No,No,No,Yes,Yes,High,9,15179,52,76.9,9,5,2.4,2.4,7,Average,Yes,41.2,Poor,High
LOC0309,Thane Plaza Mall,Mall,Thane,Maharashtra,19.144301,73.003198,Private,24,21,5,Yes,Yes,Yes,Yes,Yes,Yes,No,No,96.8,Poor,Poor,Medium,Yes,No,No,No,Yes,High,17,15785,70,139,4,5,2.7,2.7,0,Good,Yes,73.8,Average,High
LOC0310,Surat Plaza Mall,Mall,Surat,Gujarat,21.247709,72.794909,Private,18,18,7,Yes,Yes,Yes,No,No,No,Yes,Yes,90.3,Average,Good,Medium,Yes,Yes,No,No,No,Medium,9,8143,35,134.6,13,1,4.1,3.9,20,Poor,Partial,81.9,Good,Low
LOC0311,Udaipur Multispeciality Hospital,Hospital,Udaipur,Rajasthan,24.711418,73.63112,Private,24,12,5,No,No,Yes,Yes,No,No,No,Yes,88.6,Good,Good,High,No,No,No,Yes,No,High,34,2767,15,56.5,14,2,3,3.2,15,NA,Yes,74.4,Average,Medium
LOC0312,Chennai Tehsil Office,Government Office,Chennai,Tamil Nadu,13.050459,80.389769,Public,60,21,1,No,Yes,No,Yes,No,No,No,No,77.3,Average,Average,Medium,Yes,No,Yes,No,Yes,Low,38,1904,8,34.4,14,3,2.2,2.2,20,Good,No,51.7,Poor,Medium
LOC0313,Bengaluru Tehsil Office,Government Office,Bengaluru,Karnataka,13.015931,77.712435,Public,47,18,3,No,No,No,Yes,Yes,No,No,Yes,77.8,Average,Good,Low,Yes,No,No,Yes,Yes,Medium,22,3305,10,46.7,15,5,3,3.2,0,NA,No,45.5,Poor,High
LOC0314,Nashik International Airport,Airport,Nashik,Maharashtra,20.026105,73.722676,Public,16,2,6,Yes,No,Yes,No,Yes,Yes,Yes,No,95.8,Poor,Poor,Medium,Yes,No,Yes,Yes,No,Medium,32,4977,26,111.2,2,1,4.3,4,0,NA,Yes,72.4,Average,Medium
LOC0315,Mumbai Grand Mall,Mall,Mumbai,Maharashtra,18.986284,72.782446,Private,4,4,6,Yes,Yes,Yes,Yes,No,Yes,Yes,Yes,102.6,Poor,Average,Medium,Yes,No,Yes,No,No,Medium,28,15361,57,161.3,10,0,4.9,4.9,14,Good,Yes,97.2,Excellent,Medium
LOC0316,Guwahati Domestic Airport,Airport,Guwahati,Assam,26.121687,91.84048,Public,18,10,3,Yes,Yes,Yes,No,Yes,No,No,No,96,Poor,Average,High,Yes,No,No,Yes,No,Low,19,19722,86,238.5,1,1,3.6,3.5,19,Good,No,74.9,Average,Medium
LOC0317,Delhi Heritage Fort,Tourist Attraction,Delhi,Delhi,28.755726,77.110591,Public,10,7,1,No,No,No,No,Yes,No,No,No,83.5,Good,Average,Medium,No,Yes,No,Yes,Yes,Low,17,2295,13,30.1,22,6,1.5,1,21,NA,No,44.4,Poor,High
LOC0318,Chennai City Hospital,Hospital,Chennai,Tamil Nadu,13.153924,80.375965,Public,32,15,3,Yes,Yes,Yes,No,Yes,No,Yes,No,90.4,Poor,Good,Medium,Yes,Yes,No,No,Yes,Low,28,1226,5,98.5,15,3,1.9,2.5,4,Good,Yes,82.1,Good,Medium
LOC0319,Thane Grand Mall,Mall,Thane,Maharashtra,19.076888,73.047988,Private,19,17,2,Yes,Yes,Yes,No,Yes,Yes,Yes,Yes,92.9,Good,Poor,Low,Yes,Yes,Yes,Yes,Yes,Low,44,14472,64,115,8,1,4.9,5,11,Average,Partial,93.8,Excellent,Medium
LOC0320,Kochi Tehsil Office,Government Office,Kochi,Kerala,10.02116,76.403928,Public,52,27,1,No,No,No,No,No,No,Yes,No,82.4,Poor,Good,High,No,No,No,Yes,No,Medium,28,2505,7,24.9,15,4,2,2.6,13,NA,Partial,39.4,Poor,High
LOC0321,Hyderabad Government College,College,Hyderabad,Telangana,17.402892,78.456197,Public,29,5,2,Yes,No,Yes,No,No,No,No,No,92.2,Average,Average,Medium,No,No,No,Yes,Yes,High,11,597,3,47.1,16,8,2.8,2.7,1,NA,No,46.8,Poor,High
LOC0322,Lucknow Grand Mall,Mall,Lucknow,Uttar Pradesh,26.811224,80.802293,Private,11,6,4,Yes,Yes,Yes,Yes,Yes,No,Yes,No,100.1,Good,Average,Low,Yes,No,Yes,Yes,Yes,Low,16,7214,25,132.4,12,3,3.1,3.1,22,Good,Yes,96.3,Excellent,Medium
LOC0323,Hyderabad Airport Terminal,Airport,Hyderabad,Telangana,17.49208,78.435974,Public,12,12,5,Yes,Yes,No,Yes,No,Yes,Yes,Yes,83.7,Good,Good,Medium,Yes,Yes,Yes,Yes,Yes,Low,44,9297,41,189.5,7,2,3,3.1,23,Average,Yes,100,Excellent,Low
LOC0324,Hyderabad Airport Terminal,Airport,Hyderabad,Telangana,17.404718,78.372857,Private,8,6,6,Yes,Yes,Yes,No,Yes,Yes,No,Yes,102.9,Average,Average,Medium,Yes,Yes,No,Yes,No,Medium,9,10364,49,230.1,1,0,3.6,3.3,21,Good,Yes,97.3,Excellent,Low
LOC0325,Visakhapatnam Institute of Technology,College,Visakhapatnam,Andhra Pradesh,17.70345,83.284047,Private,28,13,2,Yes,Yes,No,Yes,No,Yes,No,Yes,88.5,Good,Good,Low,Yes,Yes,Yes,No,Yes,Medium,17,1585,4,42,22,3,2.7,2.6,1,Average,Partial,82.7,Good,Medium
LOC0326,Indore Railway Station,Railway Station,Indore,Madhya Pradesh,22.681634,75.733304,Public,49,14,2,No,Yes,Yes,No,No,Yes,No,No,89.1,Good,Poor,Low,Yes,No,No,Yes,No,Medium,17,14592,55,111.2,15,3,3.2,3,21,Good,No,46.9,Poor,High
LOC0327,Patna Grand Mall,Mall,Patna,Bihar,25.61849,85.044856,Private,22,7,4,No,Yes,Yes,Yes,No,Yes,Yes,Yes,89.4,Poor,Average,High,Yes,Yes,No,Yes,Yes,High,44,18856,84,162.9,10,4,3.7,3.5,15,Poor,Yes,76.2,Good,Medium
LOC0328,Patna Medical Center,Hospital,Patna,Bihar,25.736687,85.270924,Private,26,22,7,Yes,No,No,Yes,No,Yes,Yes,Yes,83.6,Average,Good,Medium,Yes,Yes,Yes,No,Yes,Low,13,997,7,100.9,9,0,4,4.3,4,NA,Yes,91.7,Excellent,Low
LOC0329,Jaipur Grand Mall,Mall,Jaipur,Rajasthan,26.901405,75.722415,Private,8,2,6,Yes,Yes,Yes,No,Yes,Yes,Yes,Yes,89.5,Average,Average,Medium,Yes,Yes,No,Yes,Yes,Medium,10,10526,46,174.7,3,0,3.6,3.5,16,Poor,Partial,88.2,Good,Low
LOC0330,Nashik Plaza Mall,Mall,Nashik,Maharashtra,19.93029,73.841851,Public,3,3,5,Yes,Yes,No,Yes,No,No,No,No,75.4,Average,Poor,Low,Yes,Yes,No,No,Yes,Low,8,15440,67,156,6,2,3.9,3.7,11,Good,Partial,65.8,Average,Medium
LOC0331,Coimbatore Plaza Mall,Mall,Coimbatore,Tamil Nadu,10.907534,76.91575,Private,17,17,5,Yes,Yes,Yes,No,Yes,Yes,Yes,No,93.5,Good,Average,Low,Yes,Yes,No,No,No,Medium,19,17005,66,144.2,6,2,4.2,4.2,18,Average,Yes,92.9,Excellent,Medium
LOC0332,Jaipur Botanical Garden,Tourist Attraction,Jaipur,Rajasthan,27.003544,75.759834,Public,23,17,1,No,Yes,Yes,Yes,Yes,No,No,Yes,94.3,Poor,Average,Low,Yes,No,No,No,Yes,High,6,566,3,23.5,13,5,2.8,2.7,12,Average,Partial,53.1,Poor,High
LOC0333,Kochi Airport Terminal,Airport,Kochi,Kerala,10.000022,76.253814,Public,8,8,4,Yes,No,Yes,Yes,Yes,No,No,Yes,82.8,Poor,Good,High,Yes,Yes,No,Yes,No,Low,28,18117,77,227.5,4,1,4,3.9,17,NA,Yes,87.8,Good,Low
LOC0334,Chennai Institute of Technology,College,Chennai,Tamil Nadu,13.100065,80.172302,Private,59,17,3,Yes,Yes,Yes,Yes,No,No,No,No,90,Poor,Average,High,Yes,Yes,Yes,Yes,Yes,Medium,14,3988,12,58.9,14,2,2.9,2.3,20,Poor,Partial,72.2,Average,Medium
LOC0335,Nagpur City Park,Park,Nagpur,Maharashtra,21.28096,79.077643,Public,21,10,1,No,Yes,No,Yes,No,No,No,No,82.7,Average,Average,Medium,Yes,No,No,No,No,High,18,612,2,16.7,19,9,2.7,2.1,19,Average,Partial,46.3,Poor,High
LOC0336,Indore City Bus Stop,Bus Stop,Indore,Madhya Pradesh,22.703448,75.771324,Public,7,7,1,No,No,Yes,Yes,No,No,No,No,91.9,Poor,Average,High,No,No,No,Yes,No,High,11,701,9,9.9,24,7,1.9,2,19,NA,Partial,43.5,Poor,High
LOC0337,Coimbatore Municipal Office,Government Office,Coimbatore,Tamil Nadu,10.883037,76.839544,Public,43,12,1,No,No,No,No,No,Yes,No,Yes,79.7,Poor,Average,Medium,Yes,No,No,No,Yes,High,17,3750,15,37.9,14,5,2.6,2.4,7,NA,No,29.3,Poor,High
LOC0338,Patna Domestic Airport,Airport,Patna,Bihar,25.686217,85.085509,Public,1,1,3,Yes,Yes,No,Yes,Yes,No,Yes,Yes,85.2,Good,Good,Medium,Yes,Yes,Yes,Yes,No,High,31,5364,28,145,7,3,4,4.3,22,Average,Partial,96.2,Excellent,Medium
LOC0339,Patna City Bus Stop,Bus Stop,Patna,Bihar,25.479052,85.060093,Public,19,4,1,No,No,No,No,No,No,No,No,81.3,Average,Average,Low,No,No,No,Yes,No,High,14,2264,12,13.8,17,10,2.9,3,23,NA,Partial,21.5,Poor,High
LOC0340,Mumbai Bus Depot,Bus Stop,Mumbai,Maharashtra,19.025577,72.783636,Public,39,19,1,No,No,No,No,Yes,No,No,No,72.5,Average,Poor,High,Yes,No,No,Yes,No,Low,5,2194,7,15.3,23,7,2.2,2.4,4,NA,Partial,35.9,Poor,High
LOC0341,Thiruvananthapuram Government College,College,Thiruvananthapuram,Kerala,8.514066,76.972986,Public,34,18,1,Yes,No,Yes,No,Yes,Yes,No,Yes,96,Poor,Good,High,Yes,Yes,No,Yes,Yes,High,18,4410,23,46.2,22,6,2.7,2.8,16,NA,Yes,73.5,Average,Medium
LOC0342,Kolkata Tehsil Office,Government Office,Kolkata,West Bengal,22.52367,88.279093,Public,28,10,3,Yes,No,Yes,Yes,Yes,No,Yes,No,96.3,Good,Average,High,No,Yes,Yes,Yes,Yes,High,22,3204,14,38.6,20,6,3.7,3.4,10,NA,Partial,88.8,Good,Medium
LOC0343,Nashik Municipal Office,Government Office,Nashik,Maharashtra,20.146425,73.716723,Public,34,16,2,Yes,No,No,No,No,Yes,No,No,77,Average,Average,High,Yes,No,No,Yes,Yes,Medium,36,2641,14,41.7,25,6,2.8,3.3,8,NA,Yes,62.6,Average,Medium
LOC0344,Delhi Government College,College,Delhi,Delhi,28.693598,77.160803,Private,13,13,1,Yes,No,Yes,No,No,No,Yes,Yes,84.5,Poor,Good,Medium,Yes,Yes,Yes,No,Yes,High,10,844,4,63,13,5,3.8,3.7,12,NA,No,56.5,Average,High
LOC0345,Chandigarh Public Garden,Park,Chandigarh,Chandigarh,30.766167,76.738266,Public,25,10,1,Yes,No,Yes,No,No,Yes,No,Yes,85.7,Average,Average,High,No,No,No,Yes,Yes,Low,6,476,2,8,14,4,1.7,2,15,NA,No,60.3,Average,Medium
LOC0346,Udaipur Junction,Railway Station,Udaipur,Rajasthan,24.534784,73.737874,Public,64,27,2,Yes,No,Yes,Yes,No,Yes,Yes,No,96.1,Average,Average,High,Yes,Yes,No,Yes,No,High,24,16905,70,121.1,15,8,2.2,2.1,15,NA,No,65.4,Average,Medium
LOC0347,Hyderabad Health Centre,Hospital,Hyderabad,Telangana,17.515084,78.615963,Public,26,4,2,Yes,Yes,Yes,Yes,No,Yes,Yes,Yes,98.4,Good,Good,Low,No,Yes,Yes,Yes,No,Medium,24,727,6,75.1,14,2,3.8,3.7,12,Average,Yes,100,Excellent,Medium
LOC0348,Thane City Park,Park,Thane,Maharashtra,19.276421,73.073964,Public,12,7,1,No,No,Yes,Yes,No,No,No,Yes,85.4,Average,Poor,Medium,Yes,Yes,Yes,No,Yes,Low,19,1514,6,17.8,17,4,2,1.9,6,NA,Yes,57.3,Average,Medium
LOC0349,Kochi Bus Stand,Bus Stop,Kochi,Kerala,9.79373,76.154002,Public,3,3,1,No,No,No,No,No,No,No,No,74.2,Good,Average,Medium,No,No,No,Yes,No,High,4,1881,10,15.5,18,8,1.9,1.8,18,NA,No,29.1,Poor,High
LOC0350,Kolkata Central Park,Park,Kolkata,West Bengal,22.570303,88.384573,Public,8,5,1,No,Yes,No,No,No,No,No,No,80.6,Poor,Poor,Low,No,No,Yes,Yes,No,Medium,8,505,7,11.1,13,2,3.2,3.3,20,Average,Yes,32.3,Poor,High
LOC0351,Lucknow District Office,Government Office,Lucknow,Uttar Pradesh,26.975463,80.913128,Public,24,22,1,Yes,Yes,No,No,No,No,Yes,Yes,75.5,Average,Average,Low,Yes,Yes,Yes,Yes,Yes,Low,10,4126,15,50.2,24,5,1.9,1.9,19,Average,No,53.6,Poor,High
LOC0352,Jaipur City Bus Stop,Bus Stop,Jaipur,Rajasthan,26.984606,75.880977,Public,6,6,1,No,No,Yes,No,No,No,No,Yes,87.6,Poor,Poor,Low,No,No,No,Yes,Yes,Medium,18,368,2,7.2,22,5,3.7,3,17,NA,Partial,25.7,Poor,High
LOC0353,Guwahati District Office,Government Office,Guwahati,Assam,26.145271,91.810245,Public,42,13,1,No,Yes,No,No,No,No,Yes,Yes,70.4,Average,Good,Low,Yes,No,No,No,Yes,Low,26,3987,17,40.5,16,5,2.1,2,11,Average,Partial,47,Poor,High
LOC0354,Guwahati Tehsil Office,Government Office,Guwahati,Assam,26.102535,91.677849,Public,24,9,1,No,No,No,No,Yes,No,No,No,78.9,Average,Good,High,Yes,Yes,Yes,Yes,Yes,Low,25,754,3,27.1,17,1,3.1,2.5,18,NA,Partial,64.6,Average,Low
LOC0355,Thane Plaza Mall,Mall,Thane,Maharashtra,19.27574,73.093062,Private,5,5,6,No,Yes,Yes,No,Yes,Yes,Yes,Yes,87.1,Good,Average,High,Yes,Yes,Yes,Yes,No,Medium,27,6335,23,130.8,14,2,3.7,3.8,22,Good,Yes,100,Excellent,Low
LOC0356,Nashik Collectorate Office,Government Office,Nashik,Maharashtra,19.977998,73.688254,Public,69,25,3,Yes,Yes,No,Yes,No,No,No,No,78.3,Good,Average,Medium,Yes,No,No,No,Yes,Medium,28,3979,10,40.5,6,3,1.6,1.6,14,Average,Partial,67.7,Average,Medium
LOC0357,Bengaluru Railway Station,Railway Station,Bengaluru,Karnataka,12.82547,77.592749,Public,30,6,2,No,No,Yes,No,No,Yes,No,No,88.4,Good,Average,High,No,No,No,No,Yes,High,29,12394,45,69.2,25,8,2.7,3,23,NA,No,46.3,Poor,High
LOC0358,Kochi City Centre Mall,Mall,Kochi,Kerala,9.880883,76.256081,Private,12,12,5,Yes,Yes,Yes,No,Yes,Yes,No,No,94.2,Average,Average,Low,Yes,No,No,Yes,Yes,High,23,9285,35,162,1,2,3.6,3.4,8,Poor,Yes,74.8,Average,Medium
LOC0359,Surat Municipal Office,Government Office,Surat,Gujarat,21.215398,72.877587,Public,41,8,1,No,Yes,Yes,Yes,No,No,Yes,No,95.1,Average,Good,Medium,No,No,No,No,Yes,High,17,1031,3,20.6,11,7,2.6,2.9,9,Poor,Yes,65,Average,Medium
LOC0360,Bengaluru City Park,Park,Bengaluru,Karnataka,12.911842,77.70369,Public,28,9,1,No,No,Yes,No,Yes,No,No,Yes,95.8,Good,Poor,Medium,Yes,No,No,Yes,Yes,Low,16,2892,9,27,17,6,2.6,2.8,15,NA,Partial,56.7,Average,Medium
LOC0361,Delhi Public Garden,Park,Delhi,Delhi,28.730348,77.224598,Public,15,6,1,No,Yes,Yes,No,No,No,Yes,No,89.3,Good,Average,Medium,Yes,No,No,Yes,Yes,Medium,15,704,3,19.3,21,4,3.2,3.2,14,Poor,Yes,68.8,Average,Medium
LOC0362,Mumbai City Centre Mall,Mall,Mumbai,Maharashtra,19.190711,72.9444,Private,1,1,7,Yes,Yes,Yes,No,No,No,No,Yes,94.3,Average,Good,High,Yes,Yes,Yes,Yes,Yes,High,30,15963,55,187.4,6,3,2.6,2.3,4,Average,Yes,92.3,Excellent,Low
LOC0363,Lucknow Multispeciality Hospital,Hospital,Lucknow,Uttar Pradesh,26.697177,80.819775,Private,20,11,3,No,Yes,Yes,No,No,No,No,Yes,89.7,Average,Good,High,Yes,Yes,No,Yes,Yes,Low,29,525,6,105.6,14,2,3.3,3.1,16,Average,Yes,81,Good,Low
LOC0364,Hyderabad Central Station,Railway Station,Hyderabad,Telangana,17.291563,78.404755,Public,10,8,2,Yes,Yes,Yes,Yes,No,Yes,Yes,No,97.7,Average,Average,Medium,Yes,No,No,Yes,Yes,Medium,5,17713,69,104.4,9,3,3.1,3.1,5,Poor,Partial,85.9,Good,Low
LOC0365,Kolkata Institute of Technology,College,Kolkata,West Bengal,22.688561,88.476755,Public,23,7,3,No,No,Yes,No,Yes,No,No,No,87.7,Poor,Average,High,No,Yes,No,Yes,Yes,Low,17,515,4,38.6,9,2,4,4.3,11,NA,Partial,58.3,Average,Medium
LOC0366,Visakhapatnam Bus Stand,Bus Stop,Visakhapatnam,Andhra Pradesh,17.552423,83.246852,Public,24,21,1,No,No,No,Yes,No,No,No,No,85.3,Average,Average,Medium,Yes,No,No,Yes,Yes,High,20,2426,11,12.3,20,13,2,2.1,13,NA,Partial,35.5,Poor,High
LOC0367,Nagpur Plaza Mall,Mall,Nagpur,Maharashtra,21.032739,79.03988,Private,20,18,4,No,Yes,No,Yes,No,No,Yes,Yes,67.3,Average,Good,Medium,Yes,No,No,Yes,Yes,High,20,13137,47,139.1,5,2,3.3,3.4,14,Average,Yes,71.7,Average,Medium
LOC0368,Visakhapatnam Railway Station,Railway Station,Visakhapatnam,Andhra Pradesh,17.758265,83.070906,Public,87,16,2,No,No,Yes,No,No,No,No,Yes,88.5,Poor,Average,Medium,Yes,No,No,No,No,High,8,11097,48,86.7,17,3,2.1,2,17,NA,Yes,32,Poor,High
LOC0369,Delhi Central Station,Railway Station,Delhi,Delhi,28.725317,77.149804,Public,12,4,3,Yes,No,Yes,No,No,No,Yes,No,94.4,Poor,Average,High,Yes,No,Yes,No,Yes,High,41,17159,69,111.7,10,3,1.9,1.9,23,NA,No,51.3,Poor,High
LOC0370,Kochi Multispeciality Hospital,Hospital,Kochi,Kerala,9.996455,76.167491,Private,48,10,6,No,No,Yes,No,No,Yes,No,No,92.2,Poor,Good,High,No,Yes,No,Yes,Yes,High,27,1903,13,109.9,21,13,,2.8,10,NA,Yes,49.7,Poor,High
LOC0371,Nashik Government College,College,Nashik,Maharashtra,20.044036,73.931036,Public,6,6,1,Yes,Yes,Yes,No,No,No,Yes,No,97.4,Good,Good,High,Yes,No,No,Yes,Yes,Medium,37,1646,9,53.1,7,1,3.7,3.7,11,Average,Yes,100,Excellent,Low
LOC0372,Mysuru District Office,Government Office,Mysuru,Karnataka,12.436382,76.745733,Public,33,17,2,Yes,Yes,Yes,No,No,No,No,No,90.3,Average,Average,Medium,Yes,Yes,Yes,No,No,Medium,35,3465,18,45.3,8,4,2,2.1,19,Good,No,64.3,Average,Medium
LOC0373,Kochi Central Station,Railway Station,Kochi,Kerala,9.855273,76.348956,Public,62,29,3,No,No,No,Yes,Yes,No,No,Yes,65.3,Poor,Poor,Low,Yes,No,Yes,Yes,Yes,High,44,10485,48,85.6,17,8,2.2,2,12,NA,Partial,18.8,Poor,High
LOC0374,Visakhapatnam City Park,Park,Visakhapatnam,Andhra Pradesh,17.824635,83.222246,Public,49,27,1,Yes,No,No,No,No,No,No,Yes,87,Average,Good,Medium,Yes,No,No,No,No,Low,12,2792,15,27.4,12,3,3.4,3.6,14,NA,Partial,57.5,Average,Medium
LOC0375,Nagpur College of Engineering,College,Nagpur,Maharashtra,21.119913,79.117298,Private,29,16,3,Yes,Yes,Yes,Yes,Yes,Yes,No,Yes,85.9,Good,Poor,Medium,Yes,No,No,Yes,Yes,High,25,785,6,60,22,9,3.1,3.3,8,Poor,Yes,77,Good,High
LOC0376,Pune Bus Stand,Bus Stop,Pune,Maharashtra,18.646648,73.765872,Public,15,15,1,Yes,Yes,Yes,No,No,No,Yes,No,93.4,Average,Average,High,No,No,No,Yes,Yes,High,6,1646,6,10.4,16,3,3.2,3.3,21,Average,No,69.3,Average,Medium
LOC0377,Kolkata Grand Mall,Mall,Kolkata,West Bengal,22.669964,88.44759,Private,19,11,2,Yes,Yes,Yes,No,Yes,Yes,Yes,Yes,96,Poor,Good,High,Yes,Yes,Yes,Yes,No,High,15,13722,50,169,12,4,2.5,2.3,23,Good,Yes,92.3,Excellent,Medium
LOC0378,Thiruvananthapuram Grand Mall,Mall,Thiruvananthapuram,Kerala,8.458092,76.9513,Private,10,10,2,No,Yes,Yes,Yes,No,Yes,Yes,Yes,86.1,Poor,Poor,High,Yes,No,No,Yes,Yes,High,17,15206,58,135.5,13,8,3.7,3.6,15,Average,Yes,66.6,Average,High
LOC0379,Visakhapatnam Grand Mall,Mall,Visakhapatnam,Andhra Pradesh,17.684715,83.299484,Private,8,8,6,No,Yes,Yes,No,No,No,No,Yes,87.2,Poor,Average,High,Yes,No,No,No,Yes,High,31,6268,17,141.9,17,2,3.8,3.5,10,Average,Partial,58.5,Average,Medium
LOC0380,Delhi Temple Complex,Tourist Attraction,Delhi,Delhi,28.608321,77.108553,Public,70,14,1,No,No,No,No,No,No,Yes,No,69.7,Poor,Average,Medium,No,No,No,Yes,Yes,Low,14,2960,10,24.7,19,10,3.3,3.8,3,NA,Yes,32.3,Poor,High
LOC0381,Surat Shopping Mall,Mall,Surat,Gujarat,21.186944,72.733633,Private,15,13,4,Yes,Yes,Yes,No,No,Yes,Yes,No,100.2,Average,Average,Medium,Yes,No,No,Yes,No,Medium,12,14776,58,193.8,6,1,2.6,2.3,4,Poor,Partial,77.7,Good,Low
LOC0382,Coimbatore Collectorate Office,Government Office,Coimbatore,Tamil Nadu,10.912056,77.09495,Public,26,14,2,No,No,Yes,No,No,No,Yes,Yes,90.8,Average,Poor,Low,Yes,No,No,No,Yes,Low,39,3842,10,50,21,2,3.9,4.1,3,NA,Partial,47.7,Poor,High
LOC0383,Lucknow Bus Stand,Bus Stop,Lucknow,Uttar Pradesh,26.887518,80.852437,Public,22,8,1,No,No,Yes,No,No,No,No,No,79.6,Average,Average,Medium,Yes,Yes,No,Yes,No,High,24,639,6,9.8,11,1,2.8,3.1,7,NA,Partial,49.4,Poor,High
LOC0384,Chennai Airport Terminal,Airport,Chennai,Tamil Nadu,13.068051,80.291099,Public,6,6,5,No,Yes,Yes,Yes,No,No,Yes,Yes,88.4,Good,Good,High,Yes,No,No,Yes,Yes,Medium,12,11386,57,196.8,5,3,3.7,3.5,14,Good,Yes,100,Excellent,Low
LOC0385,Bengaluru Health Centre,Hospital,Bengaluru,Karnataka,13.00126,77.568469,Private,42,23,2,Yes,No,No,No,Yes,No,No,No,82.2,Poor,Average,Medium,No,No,No,No,Yes,Medium,35,2692,20,111.5,12,1,2.3,2.4,16,NA,Yes,46.6,Poor,High
LOC0386,Nagpur Domestic Airport,Airport,Nagpur,Maharashtra,21.001295,79.019097,Public,9,9,4,Yes,No,Yes,No,Yes,No,No,No,98.6,Average,Poor,High,Yes,Yes,No,No,Yes,Medium,29,18753,73,159.3,9,4,3.1,2.3,20,NA,Yes,69.4,Average,Medium
LOC0387,Thiruvananthapuram Shopping Mall,Mall,Thiruvananthapuram,Kerala,8.595276,76.887079,Private,17,13,6,Yes,No,Yes,No,No,Yes,No,No,99.8,Good,Average,High,Yes,Yes,No,No,Yes,High,19,8640,31,210.5,1,3,4.1,4.3,8,NA,Partial,85.5,Good,Low
LOC0388,Chennai City Bus Stop,Bus Stop,Chennai,Tamil Nadu,13.034581,80.157377,Public,18,13,1,No,No,No,Yes,No,No,No,No,74.9,Poor,Average,Medium,Yes,No,No,No,Yes,Low,16,2737,14,19.4,13,5,1,1.1,22,NA,Yes,35.6,Poor,High
LOC0389,Chennai International Airport,Airport,Chennai,Tamil Nadu,12.971939,80.171394,Private,1,1,7,Yes,Yes,Yes,Yes,No,Yes,Yes,Yes,98.4,Good,Average,Medium,Yes,Yes,No,No,Yes,High,35,6056,29,177.7,2,5,3.1,3.4,23,Average,Partial,97,Excellent,Medium
LOC0390,Visakhapatnam City Bus Stop,Bus Stop,Visakhapatnam,Andhra Pradesh,17.571558,83.289715,Public,27,7,1,No,No,No,No,No,No,No,Yes,76.3,Average,Average,Medium,No,No,No,Yes,No,Low,3,2007,11,15,23,7,2.4,2.4,11,NA,No,32.6,Poor,High
LOC0391,Pune General Hospital,Hospital,Pune,Maharashtra,18.483692,73.758835,Private,41,16,3,No,Yes,No,No,Yes,No,No,No,71.7,Average,Good,High,Yes,Yes,Yes,No,Yes,Low,15,4335,19,127,11,3,4.1,3.6,16,Average,Partial,70.2,Average,Low
LOC0392,Mumbai City Centre Mall,Mall,Mumbai,Maharashtra,19.015827,72.762806,Private,18,9,3,Yes,Yes,No,Yes,No,Yes,No,No,82,Average,Good,Medium,Yes,Yes,No,No,Yes,High,23,9321,38,177.2,7,2,4,4.4,21,Good,Yes,87.1,Good,Medium
LOC0393,Nagpur Central Station,Railway Station,Nagpur,Maharashtra,21.118748,79.038142,Public,88,14,1,Yes,No,No,No,No,No,No,Yes,75.5,Good,Average,Low,No,Yes,No,No,Yes,Medium,32,11725,50,106,15,7,1.9,2.5,14,NA,No,36.3,Poor,High
LOC0394,Delhi Municipal Office,Government Office,Delhi,Delhi,28.783942,76.968724,Public,26,19,1,No,Yes,No,Yes,No,No,No,No,80.3,Poor,Poor,Low,No,No,No,Yes,No,Low,39,3174,13,30.7,12,3,2.4,2.5,13,Average,Partial,32.2,Poor,High
LOC0395,Kolkata Collectorate Office,Government Office,Kolkata,West Bengal,22.696477,88.291468,Public,67,13,3,No,No,Yes,No,No,No,No,No,87.5,Average,Good,Medium,Yes,No,Yes,No,Yes,Medium,13,4178,12,55.9,22,3,2.1,2.4,18,NA,Yes,47.9,Poor,Medium
LOC0396,Kanpur Junction,Railway Station,Kanpur,Uttar Pradesh,26.522164,80.376542,Public,15,15,2,Yes,Yes,Yes,No,No,Yes,No,No,91.1,Poor,Average,Low,Yes,Yes,No,Yes,Yes,High,10,15667,67,112.9,8,0,4.1,4,1,Average,Partial,68.6,Average,High
LOC0397,Coimbatore Railway Station,Railway Station,Coimbatore,Tamil Nadu,11.060184,76.974073,Public,39,13,1,No,No,Yes,No,Yes,No,No,No,87.1,Good,Good,High,Yes,No,No,Yes,Yes,Low,38,3917,20,89.6,22,6,2.4,2.4,9,NA,Partial,66.2,Average,Medium
LOC0398,Patna Tehsil Office,Government Office,Patna,Bihar,25.705426,85.102929,Public,36,12,1,No,Yes,Yes,No,No,No,No,No,83.3,Poor,Average,Low,Yes,No,Yes,Yes,Yes,Low,33,4459,24,34.8,8,5,2.6,2.9,17,Poor,Partial,37.3,Poor,High
LOC0399,Mumbai Green Park,Park,Mumbai,Maharashtra,18.974339,72.997402,Public,29,6,1,No,Yes,Yes,No,No,Yes,No,No,86.9,Average,Good,Low,Yes,Yes,No,No,Yes,Low,22,1961,7,17.8,20,3,1.8,1.8,21,Poor,Partial,51.7,Poor,High
LOC0400,Chennai Railway Station,Railway Station,Chennai,Tamil Nadu,12.974357,80.28229,Public,79,23,2,No,No,Yes,No,No,Yes,No,No,81.6,Average,Poor,Low,No,No,Yes,Yes,No,High,14,12125,48,61.8,15,7,2,2.4,8,NA,No,15.8,Poor,High
LOC0401,Pune Temple Complex,Tourist Attraction,Pune,Maharashtra,18.525178,73.758844,Private,197,48,1,No,No,No,No,No,No,No,No,72.8,Average,Poor,Medium,Yes,No,No,No,Yes,High,5,2065,11,34.2,24,15,1.4,1.6,19,NA,Partial,5.2,Poor,High
LOC0402,Visakhapatnam Municipal Office,Government Office,Visakhapatnam,Andhra Pradesh,17.551393,83.157252,Public,70,29,1,No,No,Yes,Yes,No,No,No,No,86.6,Average,Good,Low,Yes,Yes,No,No,No,Medium,11,3662,12,51.3,16,5,2.6,2.5,12,NA,Partial,44.3,Poor,High
LOC0403,Guwahati District Office,Government Office,Guwahati,Assam,26.134599,91.785636,Public,73,19,2,Yes,Yes,No,No,No,No,Yes,No,83.9,Average,Good,Medium,No,No,Yes,Yes,Yes,High,27,4003,14,35,18,5,2.9,3.1,8,Average,No,53.7,Poor,High
LOC0404,Jaipur Botanical Garden,Tourist Attraction,Jaipur,Rajasthan,26.784352,75.878385,Public,30,21,1,Yes,Yes,No,Yes,No,Yes,No,No,73.1,Good,Poor,High,Yes,Yes,No,Yes,No,Low,8,1770,10,22.5,20,2,1.8,2,4,Average,Partial,77,Good,Low
LOC0405,Indore Bus Stand,Bus Stop,Indore,Madhya Pradesh,22.600132,75.786356,Public,8,8,1,Yes,No,No,No,No,No,No,No,93.5,Average,Average,High,Yes,No,No,Yes,No,High,6,2635,11,14.2,17,9,3.2,3,21,NA,Partial,53.5,Poor,High
LOC0406,Thane General Hospital,Hospital,Thane,Maharashtra,19.306682,73.096648,Private,33,6,4,Yes,Yes,Yes,No,Yes,No,No,Yes,99.9,Good,Good,High,Yes,No,No,No,Yes,Low,32,4398,20,112.6,6,1,3.5,2.9,4,Average,Yes,100,Excellent,Low
LOC0407,Hyderabad Tehsil Office,Government Office,Hyderabad,Telangana,17.53214,78.615637,Public,79,21,2,No,No,Yes,Yes,No,No,No,No,87.6,Good,Average,Low,No,No,No,Yes,Yes,Medium,13,2422,16,43.2,18,8,3,2.9,13,NA,Partial,43.8,Poor,High
LOC0408,Hyderabad Government College,College,Hyderabad,Telangana,17.296048,78.583151,Private,6,6,2,Yes,No,Yes,No,No,No,Yes,Yes,87.9,Good,Good,Low,Yes,No,Yes,Yes,Yes,High,15,2150,8,60.1,17,3,3.4,3.5,14,NA,No,63.1,Average,Medium
LOC0409,Kochi General Hospital,Hospital,Kochi,Kerala,9.972017,76.160637,Private,18,9,2,Yes,Yes,Yes,Yes,No,Yes,Yes,No,91.3,Good,Average,High,No,Yes,Yes,No,Yes,Medium,38,2690,16,92.4,19,1,4.4,4.5,2,Good,Yes,100,Excellent,Low
LOC0410,Bhopal Green Park,Park,Bhopal,Madhya Pradesh,23.158651,77.500951,Public,28,13,1,No,No,No,No,No,Yes,No,No,79.2,Average,Poor,Low,No,No,Yes,No,Yes,Low,12,1201,9,16.1,13,3,3.6,4,11,NA,Yes,38.3,Poor,High
LOC0411,Hyderabad Lake View Point,Tourist Attraction,Hyderabad,Telangana,17.253106,78.421218,Public,52,21,1,Yes,No,Yes,Yes,No,No,No,No,91.3,Poor,Average,Medium,No,No,No,No,Yes,High,20,2159,8,29.3,17,7,2.5,2.4,1,NA,Partial,48,Poor,High
LOC0412,Thane Green Park,Park,Thane,Maharashtra,19.199259,72.972493,Public,24,4,1,No,Yes,No,No,Yes,No,No,Yes,81.8,Poor,Good,Low,No,No,No,No,Yes,Medium,15,1656,5,15.1,23,3,1,1,0,Average,Partial,38.5,Poor,High
LOC0413,Coimbatore Institute of Technology,College,Coimbatore,Tamil Nadu,11.006359,76.998078,Private,26,20,2,Yes,No,No,Yes,Yes,No,Yes,No,82.9,Average,Average,Medium,Yes,No,Yes,No,Yes,High,20,1962,7,51.8,16,3,3,3.3,10,NA,Yes,68.4,Average,Medium
LOC0414,Bengaluru Bus Stand,Bus Stop,Bengaluru,Karnataka,13.083337,77.447962,Public,11,4,1,Yes,No,Yes,No,No,No,Yes,No,98,Poor,Poor,High,No,No,No,Yes,No,Medium,5,2863,21,22.7,19,2,2.6,2.8,4,NA,Yes,57.3,Average,Medium
LOC0415,Delhi City Hospital,Hospital,Delhi,Delhi,28.602697,76.969908,Public,28,16,4,No,No,Yes,Yes,Yes,Yes,Yes,No,91.8,Poor,Good,Medium,Yes,No,No,No,Yes,Medium,26,2455,12,110.1,7,1,3.4,3.5,0,NA,Yes,76.3,Good,Medium
LOC0416,Lucknow Temple Complex,Tourist Attraction,Lucknow,Uttar Pradesh,26.93805,80.918464,Public,8,8,1,Yes,No,No,Yes,No,No,No,Yes,82.5,Average,Average,Medium,Yes,Yes,No,Yes,Yes,Low,18,1382,3,18.2,15,2,2.3,2.2,8,NA,Partial,68.1,Average,Medium
LOC0417,Mumbai Collectorate Office,Government Office,Mumbai,Maharashtra,18.94568,72.921574,Public,32,17,1,No,No,No,No,No,No,No,No,74.5,Poor,Good,Medium,Yes,Yes,No,No,Yes,High,16,2423,10,41.5,13,2,3.1,3.2,9,NA,Partial,36,Poor,High
LOC0418,Delhi Multispeciality Hospital,Hospital,Delhi,Delhi,28.781719,76.977455,Public,28,11,4,Yes,Yes,Yes,Yes,No,No,No,No,107,Poor,Good,Low,Yes,Yes,Yes,Yes,Yes,Medium,22,1901,12,85.7,9,2,2.2,2.4,7,Average,Partial,69.6,Average,Medium
LOC0419,Kolkata Airport Terminal,Airport,Kolkata,West Bengal,22.584342,88.256054,Private,21,18,3,Yes,Yes,Yes,No,No,Yes,No,Yes,92.5,Average,Average,Low,Yes,Yes,Yes,Yes,Yes,High,36,6206,27,237.1,2,1,4,4.3,23,Good,Yes,84.1,Good,Medium
LOC0420,Nashik Railway Station,Railway Station,Nashik,Maharashtra,19.940728,73.684895,Public,48,21,2,No,No,No,Yes,No,No,No,No,67.8,Average,Average,Medium,No,Yes,No,No,Yes,Medium,44,15335,59,102.8,12,6,2.4,2.6,17,NA,Partial,40.2,Poor,High
LOC0421,Coimbatore International Airport,Airport,Coimbatore,Tamil Nadu,11.105709,77.086486,Public,20,8,5,Yes,Yes,Yes,Yes,Yes,Yes,No,Yes,96.4,Poor,Average,High,Yes,Yes,Yes,No,Yes,Low,18,6832,33,124.5,15,2,3.7,3.3,5,Good,Partial,99.7,Excellent,Low
LOC0422,Patna International Airport,Airport,Patna,Bihar,25.479365,85.258921,Public,17,16,5,Yes,Yes,Yes,Yes,No,Yes,No,No,96.6,Good,Average,High,Yes,No,No,Yes,Yes,Medium,16,7711,40,135.6,9,3,2.6,2.4,8,Good,Yes,100,Excellent,Low
LOC0423,Kolkata Museum,Tourist Attraction,Kolkata,West Bengal,22.568269,88.341815,Public,67,12,1,No,No,No,No,No,Yes,No,No,86.3,Good,Poor,High,No,No,No,Yes,Yes,Low,18,379,2,16.5,24,7,1.8,1.6,2,NA,No,37.9,Poor,High
LOC0424,Visakhapatnam Museum,Tourist Attraction,Visakhapatnam,Andhra Pradesh,17.658883,83.095444,Public,87,15,1,No,No,No,No,No,No,No,No,75.9,Poor,Poor,Low,No,No,Yes,No,Yes,Low,3,1835,2,27.1,28,11,2.7,2.9,8,NA,No,0,Poor,High
LOC0425,Chennai Green Park,Park,Chennai,Tamil Nadu,13.038207,80.127784,Public,18,18,1,Yes,No,No,No,No,No,No,No,81.3,Average,Average,Low,Yes,No,No,Yes,Yes,Low,19,1445,5,15.4,19,4,2.1,2.1,6,NA,No,37.7,Poor,High
LOC0426,Coimbatore Degree College,College,Coimbatore,Tamil Nadu,10.953726,76.932478,Public,31,9,2,No,No,Yes,No,Yes,No,No,Yes,85.7,Average,Poor,Low,Yes,No,No,No,No,High,29,704,2,37.7,3,4,3.3,3.4,11,NA,No,28.8,Poor,High
LOC0427,Pune Bus Stand,Bus Stop,Pune,Maharashtra,18.377404,73.777285,Public,38,12,1,No,No,No,Yes,No,No,No,No,71,Good,Good,Medium,No,No,No,Yes,Yes,Low,7,2194,12,13.3,17,6,1.7,1.6,10,NA,Partial,51.8,Poor,High
LOC0428,Kanpur Tehsil Office,Government Office,Kanpur,Uttar Pradesh,26.404119,80.422292,Public,67,22,3,No,Yes,Yes,No,Yes,No,No,No,93.5,Average,Average,Low,Yes,Yes,No,Yes,Yes,Low,25,4111,24,33.6,22,4,2.6,2.5,15,Good,No,52,Poor,High
LOC0429,Thane Public Garden,Park,Thane,Maharashtra,19.334898,73.059143,Public,35,21,1,No,Yes,Yes,No,No,Yes,No,No,87.1,Poor,Average,Low,Yes,Yes,No,Yes,Yes,Low,11,2675,11,21.3,23,5,2.8,2.6,16,Good,Partial,49.4,Poor,High
LOC0430,Delhi Botanical Garden,Tourist Attraction,Delhi,Delhi,28.699964,77.051553,Public,179,30,1,No,No,No,No,No,No,No,Yes,63.9,Poor,Poor,Low,No,No,No,Yes,Yes,Low,10,1883,2,24.5,24,10,1.9,2.4,18,NA,No,0,Poor,High
LOC0431,Udaipur Tehsil Office,Government Office,Udaipur,Rajasthan,24.438074,73.792963,Public,38,25,1,No,Yes,No,No,Yes,No,No,Yes,78.5,Average,Average,Low,Yes,No,No,Yes,No,Medium,35,3291,22,44.3,13,5,4,4.1,19,Average,Yes,53.3,Poor,High
LOC0432,Kolkata Lake View Point,Tourist Attraction,Kolkata,West Bengal,22.642014,88.245468,Public,103,35,1,No,No,Yes,No,Yes,No,Yes,No,94.9,Average,Good,High,Yes,No,No,No,No,Medium,24,2572,10,32.7,14,2,1.5,2,2,NA,Partial,59.5,Average,Low
LOC0433,Patna Central Station,Railway Station,Patna,Bihar,25.645939,85.152249,Public,86,18,3,Yes,No,Yes,No,No,No,No,Yes,98.9,Average,Average,Medium,Yes,No,Yes,Yes,No,Medium,21,4468,13,49,17,9,2.4,2.5,16,NA,No,45.3,Poor,High
LOC0434,Nashik Grand Mall,Mall,Nashik,Maharashtra,19.889938,73.837574,Private,14,14,3,No,Yes,No,No,No,Yes,No,Yes,79.1,Average,Good,High,Yes,No,Yes,Yes,Yes,Medium,39,10540,39,129,10,2,3.9,4.2,8,Average,Yes,81.6,Good,Low
LOC0435,Ahmedabad Bus Stand,Bus Stop,Ahmedabad,Gujarat,23.164923,72.571536,Public,30,19,1,No,No,Yes,No,Yes,Yes,No,No,88.7,Good,Good,High,No,No,No,Yes,No,High,14,2327,9,14.3,14,5,2.8,2.7,0,NA,No,62.1,Average,Medium
LOC0436,Bhopal Junction,Railway Station,Bhopal,Madhya Pradesh,23.298799,77.417809,Public,42,23,3,No,Yes,No,Yes,No,No,No,No,77.2,Poor,Average,Low,No,No,No,Yes,Yes,Low,11,8379,32,89.4,14,2,1.6,1.8,12,Poor,No,28.5,Poor,High
LOC0437,Ahmedabad Medical Center,Hospital,Ahmedabad,Gujarat,22.920199,72.421459,Private,54,26,6,Yes,Yes,Yes,No,Yes,Yes,No,Yes,88.8,Average,Average,Medium,Yes,No,Yes,Yes,Yes,High,33,1827,13,66.7,23,7,3.9,4.5,7,Good,No,70.2,Average,Medium
LOC0438,Visakhapatnam Bus Depot,Bus Stop,Visakhapatnam,Andhra Pradesh,17.608077,83.312031,Public,20,10,1,Yes,No,No,No,No,Yes,No,No,90.4,Poor,Poor,High,Yes,Yes,No,Yes,Yes,High,12,1686,10,10.5,21,7,3,2.8,0,NA,No,43.5,Poor,High
LOC0439,Visakhapatnam Municipal Office,Government Office,Visakhapatnam,Andhra Pradesh,17.818743,83.238092,Public,32,10,3,Yes,Yes,Yes,No,Yes,No,No,No,96.8,Poor,Average,Low,Yes,No,No,No,Yes,Low,9,858,2,31.5,14,2,1.4,1.8,23,Poor,Partial,48.7,Poor,High
LOC0440,Coimbatore Government College,College,Coimbatore,Tamil Nadu,11.144492,76.899709,Public,70,26,2,Yes,No,Yes,No,No,No,No,No,93.2,Average,Average,Medium,Yes,No,No,Yes,Yes,Medium,29,2883,11,50.1,17,3,2.8,2.8,14,NA,Partial,56.1,Average,Medium
LOC0441,Nagpur Central Park,Park,Nagpur,Maharashtra,21.193087,79.011736,Public,45,22,1,Yes,No,Yes,Yes,No,No,No,No,95.2,Poor,Good,High,Yes,Yes,Yes,Yes,Yes,Medium,3,1736,3,16.4,21,5,2.5,2.5,8,NA,No,63.6,Average,Medium
LOC0442,Bhopal Central Park,Park,Bhopal,Madhya Pradesh,23.315059,77.482343,Public,3,3,1,No,No,No,Yes,No,No,Yes,No,80.8,Poor,Good,High,No,No,No,Yes,Yes,Low,24,1777,3,22,18,2,2.4,2,4,NA,No,52,Poor,Medium
LOC0443,Mumbai Shopping Mall,Mall,Mumbai,Maharashtra,18.994573,72.795483,Private,5,5,3,Yes,Yes,Yes,No,No,No,Yes,No,97.5,Average,Good,Medium,Yes,Yes,No,Yes,Yes,Medium,10,19679,76,205.7,2,2,3.3,3.1,21,Good,Yes,92.4,Excellent,Low
LOC0444,Guwahati Institute of Technology,College,Guwahati,Assam,26.121733,91.644048,Public,14,10,2,Yes,No,No,Yes,Yes,No,Yes,No,76.4,Good,Good,High,Yes,Yes,Yes,No,Yes,High,14,1229,12,35.7,19,5,3,2.9,22,NA,No,76.6,Good,Medium
LOC0445,Patna District Office,Government Office,Patna,Bihar,25.444311,85.264566,Public,38,16,1,No,Yes,Yes,No,No,Yes,No,Yes,86.3,Average,Average,Low,Yes,No,No,Yes,Yes,Low,38,2851,17,27.1,16,3,2.9,2.8,14,Good,Partial,60.4,Average,Medium
LOC0446,Thiruvananthapuram Degree College,College,Thiruvananthapuram,Kerala,8.490533,76.858809,Private,34,18,3,Yes,Yes,Yes,No,No,No,No,Yes,99.5,Poor,Good,High,Yes,Yes,No,No,Yes,Low,15,2775,10,74,12,4,3.2,2.8,9,Average,Partial,78.7,Good,Medium
LOC0447,Kolkata College of Engineering,College,Kolkata,West Bengal,22.558904,88.441297,Public,14,4,3,No,No,Yes,No,No,No,No,Yes,96.4,Average,Good,High,Yes,No,No,No,Yes,High,14,3923,23,54.1,6,4,3.8,3.5,3,NA,Yes,70.1,Average,Medium
LOC0448,Mumbai District Office,Government Office,Mumbai,Maharashtra,19.000208,72.736072,Public,51,12,1,No,Yes,Yes,No,No,No,No,No,95,Poor,Average,Low,Yes,No,No,No,Yes,High,28,2559,7,31.3,12,2,3,3.1,7,Average,No,34.5,Poor,High
LOC0449,Thiruvananthapuram Junction,Railway Station,Thiruvananthapuram,Kerala,8.492295,77.019881,Public,24,11,3,No,No,No,No,No,No,No,No,72.7,Average,Poor,Low,Yes,Yes,No,Yes,No,High,44,4244,18,81.9,10,1,1.4,1.4,0,NA,Yes,26.2,Poor,High
LOC0450,Thane Plaza Mall,Mall,Thane,Maharashtra,19.100163,73.080811,Private,13,11,5,Yes,Yes,Yes,No,Yes,Yes,No,Yes,97.6,Average,Average,Medium,Yes,Yes,Yes,No,No,High,15,16054,61,163.4,9,3,3.8,3.8,14,Average,Yes,88.9,Good,Medium
LOC0451,Coimbatore Degree College,College,Coimbatore,Tamil Nadu,10.874264,77.042049,Private,50,25,2,No,No,No,Yes,No,No,No,No,72.2,Poor,Good,High,Yes,Yes,No,No,No,Medium,36,2461,16,54.8,14,1,2.1,2.3,22,NA,No,38.6,Poor,Medium
LOC0452,Guwahati Collectorate Office,Government Office,Guwahati,Assam,26.065947,91.674753,Public,76,21,3,Yes,No,Yes,Yes,No,Yes,No,No,90.5,Poor,Average,Low,Yes,Yes,Yes,No,Yes,Low,22,3050,12,49.2,18,3,1.7,1.6,13,NA,No,47.2,Poor,High
LOC0453,Patna Bus Stand,Bus Stop,Patna,Bihar,25.60246,85.136618,Public,12,6,1,Yes,Yes,No,Yes,No,Yes,No,No,78.5,Average,Poor,Medium,No,No,No,Yes,Yes,Low,4,371,2,9,16,4,2.9,3.2,10,Poor,No,55.5,Average,Medium
LOC0454,Chandigarh Multispeciality Hospital,Hospital,Chandigarh,Chandigarh,30.672034,76.818857,Private,20,20,3,Yes,Yes,Yes,No,No,Yes,Yes,No,93.2,Good,Average,High,Yes,Yes,Yes,Yes,Yes,Medium,10,1244,4,108.1,7,2,4.5,4.6,22,Good,No,100,Excellent,Low
LOC0455,Nashik City Centre Mall,Mall,Nashik,Maharashtra,19.985488,73.88573,Public,21,13,6,Yes,Yes,Yes,No,Yes,No,No,No,90.9,Good,Average,High,Yes,No,No,Yes,Yes,High,26,17609,76,148.4,6,2,3.3,2.9,17,Poor,Yes,88,Good,Low
LOC0456,Thane Green Park,Park,Thane,Maharashtra,19.319555,72.918445,Public,6,6,1,No,Yes,No,No,No,Yes,Yes,No,85.6,Average,Poor,High,No,No,No,No,No,High,13,732,3,18.5,20,10,2.5,2.5,23,Average,Partial,43.5,Poor,High
LOC0457,Chandigarh Airport Terminal,Airport,Chandigarh,Chandigarh,30.668326,76.714174,Public,20,4,2,Yes,Yes,Yes,No,No,Yes,Yes,No,85.6,Good,Poor,Medium,Yes,No,Yes,Yes,Yes,Medium,10,7283,35,164.1,6,4,3.7,3.5,23,Good,Partial,81.2,Good,Medium
LOC0458,Hyderabad Bus Depot,Bus Stop,Hyderabad,Telangana,17.432127,78.631061,Public,17,17,1,Yes,No,No,No,No,No,No,No,84.6,Average,Good,High,Yes,No,Yes,Yes,Yes,Low,18,2791,6,19.2,21,4,2.2,2.1,21,NA,No,55.1,Average,Medium
LOC0459,Delhi City Park,Park,Delhi,Delhi,28.830228,77.001301,Public,28,11,1,No,Yes,Yes,No,Yes,No,No,Yes,90.1,Good,Average,Medium,Yes,Yes,No,Yes,No,Medium,4,2406,8,16.5,16,3,2.7,2.7,8,Poor,No,67.1,Average,Medium
LOC0460,Nashik Shopping Mall,Mall,Nashik,Maharashtra,19.907147,73.651439,Private,21,6,4,Yes,Yes,Yes,Yes,No,No,No,No,92.6,Poor,Poor,Medium,Yes,No,No,No,No,Low,6,7881,36,129.4,6,1,3.5,3.5,10,Average,Yes,69.4,Average,Medium
LOC0461,Kochi Municipal Office,Government Office,Kochi,Kerala,9.886892,76.318254,Public,49,22,1,No,No,Yes,No,Yes,No,Yes,No,82.5,Poor,Poor,High,No,No,No,Yes,No,High,38,4268,22,39.8,20,4,2.3,2.3,5,NA,Partial,35,Poor,High
LOC0462,Thane City Bus Stop,Bus Stop,Thane,Maharashtra,19.149179,73.058425,Public,23,19,1,No,No,Yes,No,Yes,No,Yes,No,87.6,Average,Average,Low,Yes,No,No,Yes,No,Low,13,357,3,5.4,22,7,1.9,1.7,12,NA,No,35.4,Poor,High
LOC0463,Nashik Public Garden,Park,Nashik,Maharashtra,19.898198,73.650202,Public,16,13,1,No,No,No,No,Yes,Yes,No,Yes,76.9,Good,Poor,High,Yes,No,No,No,Yes,Low,2,2071,6,14.7,16,2,2.8,2.7,11,NA,Yes,66.8,Average,Medium
LOC0464,Pune City Centre Mall,Mall,Pune,Maharashtra,18.618862,73.714474,Private,7,6,4,No,No,Yes,No,No,Yes,Yes,Yes,96.9,Good,Average,Medium,Yes,No,No,Yes,Yes,Medium,41,12209,50,167.2,15,1,3.6,3.1,16,NA,Partial,76.7,Good,Low
LOC0465,Chandigarh Airport Terminal,Airport,Chandigarh,Chandigarh,30.700021,76.833882,Public,7,7,4,Yes,Yes,No,Yes,No,Yes,Yes,Yes,94.1,Average,Average,Medium,Yes,Yes,No,No,Yes,Low,36,4904,20,204.8,14,2,4.1,4.2,8,Average,Yes,98.3,Excellent,Low
LOC0466,Ahmedabad Health Centre,Hospital,Ahmedabad,Gujarat,22.898952,72.702773,Public,19,19,5,Yes,Yes,No,No,No,Yes,No,No,82.7,Poor,Average,Medium,Yes,Yes,Yes,Yes,Yes,Medium,37,4403,24,81.6,10,2,2.7,2.7,10,Good,Partial,67.3,Average,Medium
LOC0467,Thane Central Station,Railway Station,Thane,Maharashtra,19.115503,73.123714,Public,56,13,2,No,Yes,Yes,No,No,No,No,Yes,84.9,Good,Poor,Low,Yes,Yes,No,Yes,Yes,Medium,14,9129,43,82.9,12,7,3.1,2.9,10,Good,Partial,53.4,Poor,High
LOC0468,Pune Medical Center,Hospital,Pune,Maharashtra,18.472798,73.934551,Private,59,19,4,Yes,No,Yes,No,No,No,No,Yes,90.9,Good,Average,Medium,Yes,Yes,Yes,Yes,Yes,High,22,1025,8,113,7,5,3,3.8,11,NA,No,64.5,Average,Medium
LOC0469,Chennai Railway Station,Railway Station,Chennai,Tamil Nadu,12.96707,80.361751,Public,48,19,3,Yes,Yes,Yes,No,No,Yes,No,Yes,86.1,Good,Poor,Medium,Yes,No,No,Yes,Yes,High,34,12808,45,88.8,21,7,2.9,2.9,17,Poor,No,54.1,Poor,High
LOC0470,Nagpur College of Engineering,College,Nagpur,Maharashtra,21.169882,78.990315,Public,49,25,3,No,Yes,No,Yes,No,No,No,No,80.8,Average,Poor,Medium,Yes,No,No,No,Yes,High,35,4156,15,46.6,14,4,1.8,1.6,6,Average,Partial,41.3,Poor,High
LOC0471,Chandigarh Green Park,Park,Chandigarh,Chandigarh,30.725931,76.783932,Public,18,16,1,No,Yes,Yes,No,Yes,No,Yes,No,84.9,Average,Good,High,Yes,Yes,Yes,Yes,Yes,Low,18,2200,6,18.9,16,3,2.7,2.4,3,Poor,Partial,78.7,Good,Low
LOC0472,Indore Plaza Mall,Mall,Indore,Madhya Pradesh,22.75355,75.721383,Private,22,16,5,Yes,No,Yes,Yes,Yes,No,No,Yes,90.8,Good,Good,High,Yes,No,No,Yes,Yes,High,29,13226,53,167.2,12,1,3.7,3.9,12,NA,Yes,98.7,Excellent,Low
LOC0473,Jaipur Lake View Point,Tourist Attraction,Jaipur,Rajasthan,26.849115,75.725253,Public,90,15,1,Yes,No,No,No,No,No,No,No,76.8,Poor,Poor,Medium,No,No,No,No,Yes,Low,23,2750,11,26,21,4,2.5,2.3,19,NA,Yes,28.8,Poor,High
LOC0474,Indore Domestic Airport,Airport,Indore,Madhya Pradesh,22.584369,75.834195,Public,29,10,4,Yes,No,Yes,No,Yes,No,No,No,95.2,Poor,Average,Medium,Yes,Yes,No,No,Yes,Low,15,4303,15,163.8,7,2,3.3,3.6,16,NA,Partial,62.7,Average,Medium
LOC0475,Pune Railway Station,Railway Station,Pune,Maharashtra,18.542022,73.846851,Public,47,13,1,No,No,No,Yes,No,No,No,No,76.5,Poor,Average,Medium,No,Yes,No,Yes,Yes,Low,15,13441,51,81.3,13,6,3.3,3.4,,NA,Yes,46.7,Poor,High
LOC0476,Nagpur Lake View Point,Tourist Attraction,Nagpur,Maharashtra,21.071673,79.100374,Public,26,5,1,No,Yes,Yes,No,No,Yes,No,Yes,85.3,Good,Average,Medium,No,No,No,Yes,No,High,13,2952,3,38.5,20,8,2.4,2.3,0,Average,No,56,Average,High
LOC0477,Kanpur Museum,Tourist Attraction,Kanpur,Uttar Pradesh,26.496508,80.233812,Public,164,44,1,No,No,No,No,Yes,No,No,Yes,75.9,Poor,Good,Medium,No,No,No,No,Yes,High,3,2040,10,21,27,14,1.8,1.8,7,NA,No,14.6,Poor,High
LOC0478,Chandigarh Health Centre,Hospital,Chandigarh,Chandigarh,30.636138,76.87177,Private,49,22,2,Yes,Yes,No,Yes,Yes,Yes,No,Yes,82.8,Average,Good,Medium,Yes,No,No,No,No,High,16,988,10,77.9,8,4,2.2,2.6,15,Good,Partial,76.5,Good,Medium
LOC0479,Jaipur District Office,Government Office,Jaipur,Rajasthan,26.849108,75.804922,Public,48,10,1,Yes,Yes,No,No,No,Yes,Yes,No,85.9,Good,Good,Medium,No,No,No,Yes,Yes,Medium,26,2425,13,43.5,14,9,2.8,2.6,4,Poor,Partial,70.2,Average,Medium
LOC0480,Patna City Hospital,Hospital,Patna,Bihar,25.478672,85.190617,Private,9,9,4,Yes,Yes,Yes,Yes,Yes,Yes,Yes,No,92.4,Average,Average,High,No,No,Yes,No,No,Medium,5,772,3,89,14,1,5,5,20,Average,Yes,100,Excellent,Low
LOC0481,Delhi Bus Depot,Bus Stop,Delhi,Delhi,28.814734,76.997111,Public,10,2,1,No,Yes,No,No,No,Yes,Yes,No,80.6,Poor,Average,Medium,Yes,Yes,No,Yes,Yes,High,4,2160,2,10.6,18,5,2.7,2.5,5,Average,No,46.8,Poor,High
LOC0482,Chennai Tehsil Office,Government Office,Chennai,Tamil Nadu,13.171013,80.349146,Public,46,20,3,No,No,No,No,No,No,No,No,72.4,Average,Poor,Medium,No,No,No,Yes,Yes,Low,25,4370,19,52.4,12,4,2.2,2.3,9,NA,Partial,28.1,Poor,High
LOC0483,Chennai Tehsil Office,Government Office,Chennai,Tamil Nadu,13.158677,80.323913,Public,32,13,1,No,No,No,No,Yes,No,No,No,80.9,Average,Poor,High,No,No,No,No,Yes,High,9,4977,21,42,21,7,2.6,2.7,3,NA,Yes,38.2,Poor,High
LOC0484,Thane Airport Terminal,Airport,Thane,Maharashtra,19.225536,73.009877,Private,19,19,4,Yes,No,Yes,Yes,No,Yes,Yes,Yes,,Average,Poor,Medium,Yes,No,Yes,Yes,Yes,Medium,10,12061,49,196.4,10,2,3.8,3.5,22,NA,Partial,76.8,Good,Medium
LOC0485,Chandigarh Grand Mall,Mall,Chandigarh,Chandigarh,30.690178,76.876355,Private,8,8,7,No,Yes,Yes,No,No,Yes,Yes,Yes,87.7,Good,Good,Medium,Yes,No,No,No,No,Low,22,7720,32,124,11,2,2.9,3.1,2,Good,Partial,87.4,Good,Low
LOC0486,Mysuru Degree College,College,Mysuru,Karnataka,12.189061,76.659283,Public,24,5,1,No,Yes,Yes,Yes,Yes,Yes,No,Yes,83.4,Good,Average,Low,Yes,Yes,No,No,Yes,High,7,4629,23,50.3,18,3,3.1,2.9,4,Good,No,72.9,Average,Medium
LOC0487,Delhi City Hospital,Hospital,Delhi,Delhi,28.835715,77.243934,Public,26,6,7,No,Yes,Yes,No,No,Yes,No,No,93.7,Average,Poor,Medium,Yes,Yes,No,No,Yes,High,9,3706,25,39.3,13,3,3,3,3,Good,Partial,61.4,Average,Medium
LOC0488,Nagpur Degree College,College,Nagpur,Maharashtra,21.210105,79.179111,Public,57,26,2,Yes,No,Yes,Yes,No,Yes,No,No,93.5,Average,Average,Low,Yes,No,Yes,No,Yes,High,7,3172,11,57.7,13,11,3.2,3.6,8,NA,No,48.5,Poor,High
LOC0489,Coimbatore City Park,Park,Coimbatore,Tamil Nadu,11.131574,76.897687,Public,47,8,1,Yes,No,No,Yes,No,Yes,No,No,89.3,Good,Average,Medium,Yes,No,No,Yes,Yes,High,23,2786,11,25,12,7,2.2,2,0,NA,Yes,68,Average,Medium
LOC0490,Thane Government College,College,Thane,Maharashtra,19.143428,72.982371,Private,25,21,3,No,No,Yes,Yes,No,Yes,No,No,85.7,Poor,Average,High,Yes,Yes,Yes,No,Yes,Medium,27,907,8,45,12,3,3.9,4.2,4,NA,Yes,69.7,Average,Medium
LOC0491,Thiruvananthapuram Central Station,Railway Station,Thiruvananthapuram,Kerala,8.417033,77.064613,Public,46,23,2,No,No,No,Yes,No,No,No,No,81.8,Good,Average,Low,No,No,No,Yes,No,Medium,7,11941,41,99.6,14,2,2.7,2.7,20,NA,Partial,43.8,Poor,High
LOC0492,Bhopal Junction,Railway Station,Bhopal,Madhya Pradesh,23.293875,77.389373,Public,36,9,1,Yes,No,Yes,No,No,No,No,No,83.6,Poor,Good,High,No,No,Yes,Yes,No,High,43,15484,63,107.8,14,5,2.7,3.1,5,NA,No,46,Poor,High
LOC0493,Coimbatore Central Station,Railway Station,Coimbatore,Tamil Nadu,10.95325,76.90022,Public,74,21,1,Yes,No,No,No,No,No,No,No,80.8,Poor,Good,Medium,Yes,No,Yes,Yes,Yes,High,8,8531,30,78.6,22,6,3.6,3.7,11,NA,No,34.9,Poor,High
LOC0494,Pune Tehsil Office,Government Office,Pune,Maharashtra,18.539494,73.845278,Public,30,22,1,Yes,No,No,No,No,No,No,No,77.7,Average,Good,Low,No,No,No,No,Yes,Low,16,4211,15,44.8,17,4,2.3,2.5,22,NA,No,35.6,Poor,High
LOC0495,Udaipur Plaza Mall,Mall,Udaipur,Rajasthan,24.730082,73.748613,Public,16,3,3,No,No,Yes,No,Yes,Yes,No,Yes,87.6,Average,Good,High,Yes,Yes,Yes,No,Yes,High,21,17304,69,133.6,15,5,3.7,3.5,15,NA,Yes,75.2,Good,Medium
LOC0496,Guwahati General Hospital,Hospital,Guwahati,Assam,26.250011,91.815738,Private,22,12,3,Yes,Yes,Yes,Yes,Yes,No,Yes,Yes,89.3,Good,Good,High,Yes,Yes,Yes,No,Yes,Low,7,2762,12,81.9,13,3,3.2,3.3,16,Average,Yes,100,Excellent,Low
LOC0497,Pune Institute of Technology,College,Pune,Maharashtra,18.553818,73.759793,Private,70,21,3,No,No,No,No,No,No,Yes,Yes,81.9,Poor,Average,Low,No,No,No,No,Yes,Low,38,1026,5,60.5,15,6,2.3,2.5,8,NA,Partial,24.9,Poor,High
LOC0498,Guwahati Bus Stand,Bus Stop,Guwahati,Assam,26.003338,91.697893,Public,20,14,1,No,No,Yes,No,Yes,No,No,No,86.3,Average,Average,Medium,Yes,No,No,Yes,Yes,High,24,2765,10,14.8,18,11,2.3,2.6,11,NA,Yes,45,Poor,High
LOC0499,Bhopal Medical Center,Hospital,Bhopal,Madhya Pradesh,23.175706,77.456418,Public,24,11,7,No,Yes,Yes,No,No,Yes,No,Yes,80,Good,Good,Medium,No,No,No,No,No,Low,29,1471,17,85.7,11,3,2.4,2.6,11,Poor,Yes,73.3,Average,Medium
LOC0500,Pune College of Engineering,College,Pune,Maharashtra,18.65532,73.985746,Public,13,3,1,Yes,Yes,No,Yes,No,Yes,No,Yes,90.5,Poor,Good,Low,Yes,No,Yes,Yes,No,High,14,2587,17,45.9,22,5,3.8,3.7,9,Poor,Partial,62.6,Average,High
LOC0501,Kolkata Central Station,Railway Station,Kolkata,West Bengal,22.682455,88.270543,Public,64,27,3,Yes,No,Yes,No,No,Yes,No,No,89.5,Poor,Average,Medium,Yes,No,No,Yes,Yes,Medium,25,6726,30,79.5,10,5,1.3,1.4,6,NA,No,39.7,Poor,High
LOC0502,Chandigarh Public Garden,Park,Chandigarh,Chandigarh,30.861072,76.718717,Public,28,15,1,Yes,Yes,No,No,No,No,No,Yes,75.4,Poor,Average,High,Yes,No,No,No,Yes,Medium,14,726,2,19.1,23,5,3.6,3.6,20,Average,Yes,62.3,Average,Medium
LOC0503,Delhi Central Park,Park,Delhi,Delhi,28.819172,76.99798,Public,5,5,1,No,Yes,No,No,No,No,No,No,79.9,Average,Average,Medium,No,Yes,Yes,Yes,No,Low,15,733,4,20.6,8,1,2.3,2.4,18,Average,No,50.7,Poor,Medium
LOC0504,Thiruvananthapuram International Airport,Airport,Thiruvananthapuram,Kerala,8.673977,76.887949,Public,1,1,4,Yes,Yes,Yes,No,Yes,No,No,Yes,90.1,Poor,Average,High,Yes,No,Yes,Yes,Yes,High,18,4760,24,228.6,5,2,3.2,3,5,Average,Partial,79.9,Good,Medium
LOC0505,Chennai City Centre Mall,Mall,Chennai,Tamil Nadu,12.942537,80.286149,Private,20,17,6,Yes,Yes,Yes,No,No,No,Yes,Yes,90.8,Good,Good,High,No,No,No,Yes,No,High,7,10772,45,132.6,13,1,3.1,3.3,9,Good,Partial,94.9,Excellent,Low
LOC0506,Pune Botanical Garden,Tourist Attraction,Pune,Maharashtra,18.541847,73.722435,Public,23,9,1,No,No,Yes,No,No,Yes,No,No,89,Good,Average,Low,Yes,No,No,Yes,Yes,Low,7,764,2,18.8,12,5,2.6,2.6,19,NA,No,46.1,Poor,High
LOC0507,Chennai Lake View Point,Tourist Attraction,Chennai,Tamil Nadu,12.982036,80.226496,Public,121,20,1,Yes,No,No,No,Yes,No,No,No,85.9,Poor,Poor,Medium,Yes,No,No,Yes,No,High,9,2017,4,30.9,20,10,1.9,1.7,16,NA,No,13.8,Poor,High
LOC0508,Bhopal Lake View Point,Tourist Attraction,Bhopal,Madhya Pradesh,23.181106,77.450781,Public,133,34,1,No,Yes,No,No,No,No,No,No,73.5,Poor,Poor,Medium,Yes,Yes,Yes,Yes,No,Low,19,1123,2,21,21,5,2.1,2.4,9,Poor,Yes,27.8,Poor,High
LOC0509,Nagpur Public Garden,Park,Nagpur,Maharashtra,21.018951,79.090205,Public,35,5,1,No,No,No,No,No,No,No,Yes,73,Average,Average,Medium,Yes,No,No,No,Yes,Low,12,1336,7,16.2,20,4,2.5,2.8,0,NA,Partial,41.6,Poor,High
LOC0510,Udaipur Temple Complex,Tourist Attraction,Udaipur,Rajasthan,24.553359,73.735764,Public,99,28,1,No,Yes,No,No,No,No,No,Yes,73.3,Poor,Average,Medium,No,No,No,No,No,Low,9,2534,10,29.2,16,5,1.1,1.1,14,Good,Yes,34.8,Poor,High
LOC0511,Mysuru City Park,Park,Mysuru,Karnataka,12.395912,76.590151,Public,50,20,1,No,No,Yes,No,No,No,Yes,No,92,Good,Good,Low,Yes,No,Yes,No,Yes,Medium,9,348,2,20.4,15,6,2.4,2.5,23,NA,No,46.2,Poor,High
LOC0512,Thane Airport Terminal,Airport,Thane,Maharashtra,19.105463,72.992142,Public,6,6,6,Yes,Yes,Yes,Yes,No,No,No,Yes,99.5,Good,Average,Low,Yes,No,Yes,No,No,High,37,7624,37,190.8,9,0,5,4.8,9,Average,Yes,91.3,Excellent,Medium
LOC0513,Chennai City Centre Mall,Mall,Chennai,Tamil Nadu,13.185585,80.165895,Public,12,2,5,Yes,No,No,Yes,No,Yes,Yes,Yes,88.5,Good,Good,Medium,Yes,No,No,No,No,High,27,4992,14,94.8,13,4,3.5,3.5,1,NA,Yes,85.1,Good,Medium
LOC0514,Kolkata District Office,Government Office,Kolkata,West Bengal,22.458125,88.359116,Public,66,30,1,No,No,Yes,Yes,Yes,No,Yes,Yes,77.6,Average,Average,Low,Yes,No,No,Yes,Yes,Medium,23,2480,11,36.8,17,10,2.9,3,13,NA,Yes,52.3,Poor,High
LOC0515,Chandigarh Municipal Office,Government Office,Chandigarh,Chandigarh,30.715173,76.641993,Public,13,12,3,Yes,No,Yes,No,No,No,No,Yes,90.5,Poor,Good,Medium,Yes,No,No,No,No,Medium,18,3951,20,32.1,18,2,2.4,2.3,18,NA,No,50,Poor,High
LOC0516,Pune Tehsil Office,Government Office,Pune,Maharashtra,18.617078,73.840242,Public,17,17,3,No,Yes,No,No,No,No,No,Yes,81.6,Good,Poor,High,Yes,No,No,No,Yes,High,11,3030,4,37.9,16,5,3.2,3,23,Good,Partial,57.7,Average,Medium
LOC0517,Lucknow College of Engineering,College,Lucknow,Uttar Pradesh,26.901328,81.045482,Public,32,14,1,Yes,Yes,No,No,No,No,No,No,85.2,Poor,Good,Low,Yes,No,No,Yes,Yes,High,17,1714,2,49.9,15,5,3.5,3.2,5,Good,Yes,53.6,Poor,High
LOC0518,Hyderabad Public Garden,Park,Hyderabad,Telangana,17.326828,78.547889,Public,22,14,1,Yes,Yes,Yes,No,Yes,Yes,No,Yes,90.7,Good,Average,Medium,Yes,No,Yes,Yes,Yes,High,13,954,6,14.1,22,9,4.1,4.1,5,Average,Yes,91.6,Excellent,Medium
LOC0519,Udaipur Shopping Mall,Mall,Udaipur,Rajasthan,24.444935,73.820016,Private,15,5,3,No,Yes,Yes,Yes,Yes,Yes,Yes,No,87.8,Poor,Average,Low,Yes,Yes,No,Yes,Yes,Medium,17,11828,47,198,12,1,2.7,2.4,16,Average,Yes,69.8,Average,Medium
LOC0520,Mumbai Multispeciality Hospital,Hospital,Mumbai,Maharashtra,19.215381,72.787986,Public,41,20,2,Yes,Yes,Yes,Yes,Yes,No,No,Yes,101,Good,Average,Medium,Yes,Yes,Yes,No,No,Medium,23,1966,14,88.7,10,1,2.2,2,22,Average,Yes,94.8,Excellent,Low
LOC0521,Patna Airport Terminal,Airport,Patna,Bihar,25.676584,85.14285,Public,19,3,4,Yes,Yes,Yes,No,No,Yes,No,No,96.9,Average,Poor,Medium,Yes,No,No,Yes,Yes,Medium,9,4327,24,126.6,11,1,3.9,4.4,23,Average,Partial,71.1,Average,Medium
LOC0522,Jaipur Botanical Garden,Tourist Attraction,Jaipur,Rajasthan,26.944013,75.813822,Public,42,10,1,Yes,No,Yes,Yes,No,No,No,No,96.2,Poor,Average,Low,Yes,No,Yes,No,Yes,Medium,9,2557,11,18.2,12,2,2.2,2.6,5,NA,No,44.7,Poor,High
LOC0523,Pune Medical Center,Hospital,Pune,Maharashtra,18.403593,73.929694,Private,40,9,4,Yes,No,Yes,No,Yes,No,No,Yes,102.8,Average,Good,Medium,Yes,No,No,No,Yes,High,12,3427,18,107,15,8,3.2,3.5,6,NA,Yes,67.9,Average,High
LOC0524,Mumbai City Bus Stop,Bus Stop,Mumbai,Maharashtra,19.017736,72.828614,Public,12,12,1,No,Yes,Yes,No,Yes,No,No,No,89.2,Good,Average,Low,No,No,No,Yes,No,Medium,9,1732,14,14.4,9,4,2.3,2.5,13,Poor,Yes,56.8,Average,Medium
LOC0525,Patna Heritage Fort,Tourist Attraction,Patna,Bihar,25.728772,85.144373,Public,86,15,1,Yes,No,No,No,No,No,No,No,78,Good,Good,High,No,No,No,Yes,No,High,3,2765,11,23.5,24,12,2.1,2,17,NA,Partial,46.3,Poor,High
LOC0526,Mumbai College of Engineering,College,Mumbai,Maharashtra,19.08112,72.994376,Public,41,9,2,No,Yes,No,Yes,Yes,Yes,No,No,72.3,Poor,Average,Low,Yes,No,No,No,Yes,Low,13,1619,11,27.4,11,4,1.8,2,14,Poor,Partial,40.3,Poor,High
LOC0527,Mysuru Central Park,Park,Mysuru,Karnataka,12.169066,76.744533,Private,49,15,1,Yes,No,No,No,No,Yes,No,Yes,79,Poor,Average,Low,No,No,Yes,Yes,No,Low,19,634,6,17.5,12,2,3.6,3.7,17,NA,Yes,48.4,Poor,High
LOC0528,Bengaluru Grand Mall,Mall,Bengaluru,Karnataka,12.907754,77.725131,Private,16,16,5,Yes,Yes,No,Yes,Yes,Yes,Yes,Yes,83.1,Good,Average,High,Yes,No,No,Yes,Yes,Medium,13,6056,25,142.9,11,0,3.5,3.9,21,Average,Partial,100,Excellent,Low
LOC0529,Mumbai Medical Center,Hospital,Mumbai,Maharashtra,19.180541,72.855721,Public,50,15,3,Yes,No,Yes,No,Yes,Yes,Yes,Yes,85.4,Average,Average,Low,Yes,No,No,No,Yes,High,21,569,2,86.3,15,8,2.7,2.6,14,NA,Yes,57.4,Average,High
LOC0530,Visakhapatnam Central Station,Railway Station,Visakhapatnam,Andhra Pradesh,17.658502,83.256644,Public,82,31,1,No,No,No,No,Yes,No,No,No,76,Poor,Good,Low,No,Yes,No,Yes,No,Medium,11,9957,42,67.3,22,9,1.8,1.9,15,NA,Partial,19.8,Poor,High
LOC0531,Lucknow City Park,Park,Lucknow,Uttar Pradesh,26.939867,80.872213,Private,26,10,1,Yes,No,No,No,Yes,Yes,Yes,No,81,Poor,Good,Low,No,Yes,No,Yes,Yes,High,12,507,2,19.9,16,3,3.1,3,10,NA,Yes,55.7,Average,High
LOC0532,Visakhapatnam Central Station,Railway Station,Visakhapatnam,Andhra Pradesh,17.643869,83.329724,Public,60,15,2,No,No,Yes,No,Yes,Yes,No,No,83,Poor,Good,Medium,No,No,No,Yes,Yes,Medium,37,11254,49,51.3,18,4,2.6,2.9,15,NA,Partial,45.2,Poor,High
LOC0533,Nashik International Airport,Airport,Nashik,Maharashtra,19.963825,73.912786,Public,3,3,5,Yes,Yes,Yes,No,No,Yes,No,Yes,97.3,Good,Good,Medium,Yes,Yes,Yes,No,No,High,8,17821,75,147.4,7,5,3.9,3.9,22,Good,Yes,98.6,Excellent,Medium
LOC0534,Delhi Bus Stand,Bus Stop,Delhi,Delhi,28.673594,76.992683,Private,25,15,1,Yes,Yes,No,Yes,No,No,No,No,85,Poor,Average,Medium,No,No,No,Yes,No,Medium,23,952,2,13.5,22,4,3.3,3.6,23,Poor,Yes,54.2,Poor,High
LOC0535,Jaipur Railway Station,Railway Station,Jaipur,Rajasthan,26.839854,75.675893,Public,35,19,2,No,No,No,No,No,No,No,No,73,Average,Average,Low,Yes,No,No,No,No,Low,28,5647,21,68.1,5,5,2.4,2.2,5,NA,No,23.6,Poor,High
LOC0536,Bengaluru Junction,Railway Station,Bengaluru,Karnataka,12.973067,77.528416,Public,34,5,2,No,No,No,Yes,No,Yes,No,No,81.5,Average,Poor,Low,No,No,No,Yes,Yes,Medium,38,9205,30,69.9,14,4,3.3,3.2,4,NA,Partial,37.9,Poor,High
LOC0537,Guwahati Lake View Point,Tourist Attraction,Guwahati,Assam,26.137609,91.643153,Private,42,10,1,Yes,No,No,No,No,No,No,No,75.3,Average,Average,Low,No,No,No,Yes,Yes,Low,8,2617,11,28,15,5,2.3,2.4,23,NA,No,31.4,Poor,High
LOC0538,Visakhapatnam City Bus Stop,Bus Stop,Visakhapatnam,Andhra Pradesh,17.811585,83.079112,Public,38,15,1,Yes,No,No,Yes,No,Yes,No,No,89.5,Average,Poor,Low,Yes,No,Yes,No,No,Medium,17,495,5,12.5,20,4,2.4,2.1,23,NA,Yes,44.6,Poor,High
LOC0539,Visakhapatnam District Office,Government Office,Visakhapatnam,Andhra Pradesh,17.662063,83.359168,Private,80,31,3,No,No,No,Yes,No,Yes,No,No,75.8,Good,Good,Low,No,Yes,Yes,Yes,No,Low,28,4786,22,54.1,15,1,3,3.1,7,NA,Yes,63.7,Average,Medium
LOC0540,Indore International Airport,Airport,Indore,Madhya Pradesh,22.625598,75.840161,Public,7,7,5,Yes,Yes,Yes,No,Yes,Yes,Yes,Yes,105.2,Poor,Average,Medium,Yes,No,Yes,No,Yes,High,27,9237,34,196.5,12,2,3.8,3.4,23,Average,Yes,82.9,Good,Medium
LOC0541,Thane Institute of Technology,College,Thane,Maharashtra,19.366581,72.943387,Private,31,20,3,Yes,Yes,Yes,No,No,No,No,No,94.9,Average,Good,Medium,Yes,Yes,Yes,No,Yes,High,5,651,8,54.7,17,5,4,4.3,5,Good,Yes,82.9,Good,Medium
LOC0542,Lucknow Medical Center,Hospital,Lucknow,Uttar Pradesh,26.967178,80.842919,Private,3,3,4,Yes,Yes,Yes,Yes,No,No,No,No,100.7,Good,Average,Medium,Yes,Yes,No,No,Yes,Medium,28,1584,11,105.5,10,1,3.9,4.1,10,Good,Yes,100,Excellent,Low
LOC0543,Kanpur Museum,Tourist Attraction,Kanpur,Uttar Pradesh,26.457045,80.197639,Public,126,22,1,No,No,No,No,No,No,No,No,74.4,Poor,Poor,High,Yes,No,No,Yes,Yes,High,19,1090,2,25.5,24,10,2.1,2.4,8,NA,Partial,12.5,Poor,High
LOC0544,Thane Junction,Railway Station,Thane,Maharashtra,19.153292,72.945117,Public,26,16,2,No,No,Yes,No,Yes,No,No,Yes,83.8,Average,Average,High,Yes,Yes,No,Yes,No,Low,23,10085,36,101.4,12,5,2.3,2.1,6,NA,No,56.4,Average,Medium
LOC0545,Bengaluru Railway Station,Railway Station,Bengaluru,Karnataka,12.961966,77.456699,Public,86,14,3,Yes,No,No,No,No,No,No,Yes,72.6,Average,Average,Medium,Yes,No,No,Yes,No,High,20,14841,62,107.1,16,6,1.9,1.5,2,NA,Partial,38,Poor,High
LOC0546,Nagpur Shopping Mall,Mall,Nagpur,Maharashtra,21.029201,79.234441,Public,18,14,4,Yes,Yes,Yes,No,Yes,No,No,Yes,101.8,Good,Poor,High,Yes,No,Yes,Yes,Yes,Medium,42,4639,9,71.4,13,2,3,3.3,19,Good,Yes,92.5,Excellent,Low
LOC0547,Nagpur Green Park,Park,Nagpur,Maharashtra,21.208219,79.02835,Public,28,20,1,Yes,No,Yes,No,Yes,No,No,No,92.1,Good,Poor,Low,No,Yes,Yes,No,Yes,Low,10,723,5,10.5,16,6,2.7,2.8,1,NA,No,52.2,Poor,High
LOC0548,Jaipur Heritage Fort,Tourist Attraction,Jaipur,Rajasthan,26.852184,75.77004,Public,183,46,1,No,No,No,Yes,Yes,No,No,No,66,Average,Poor,Medium,No,No,No,Yes,Yes,Low,21,1090,8,21.5,21,6,1,1,11,NA,Partial,28.4,Poor,High
LOC0549,Bhopal Airport Terminal,Airport,Bhopal,Madhya Pradesh,23.263494,77.419339,Private,18,8,5,Yes,Yes,Yes,No,Yes,Yes,Yes,Yes,87.1,Average,Good,Low,Yes,No,No,Yes,Yes,Medium,22,11949,45,286.3,1,0,2.6,2.3,1,Poor,Yes,83.9,Good,Medium
LOC0550,Pune City Park,Park,Pune,Maharashtra,18.383263,73.823806,Public,20,20,1,Yes,Yes,Yes,Yes,No,No,No,Yes,99,Average,Good,Low,Yes,Yes,No,No,Yes,Low,4,2933,7,23.2,17,4,2,2.1,13,Good,Partial,79,Good,Medium
LOC0551,Surat Medical Center,Hospital,Surat,Gujarat,21.076782,72.97145,Private,18,7,7,Yes,No,Yes,No,No,No,No,Yes,93.7,Poor,Average,Medium,Yes,Yes,No,Yes,Yes,High,17,2475,14,159.4,6,3,3.4,3.8,19,NA,Yes,62.4,Average,Medium
LOC0552,Thane International Airport,Airport,Thane,Maharashtra,19.0834,72.88662,Private,22,18,6,No,Yes,Yes,Yes,Yes,Yes,No,Yes,97,Average,Average,High,Yes,No,No,Yes,No,High,39,12570,55,260.7,1,2,3,3.4,0,Poor,Yes,86.8,Good,Low
LOC0553,Delhi Public Garden,Park,Delhi,Delhi,28.842152,77.223707,Public,32,19,1,No,No,No,No,No,No,Yes,No,71.7,Poor,Average,Medium,Yes,Yes,No,No,Yes,Medium,3,2376,6,24.9,10,5,2,2,1,NA,Partial,35,Poor,High
LOC0554,Kanpur Government College,College,Kanpur,Uttar Pradesh,26.525326,80.327989,Public,63,16,3,Yes,No,No,No,Yes,Yes,Yes,No,86.4,Poor,Average,Medium,No,No,Yes,Yes,No,Medium,33,2173,5,41.3,20,2,2.8,3,7,NA,Yes,56.1,Average,Medium
LOC0555,Ahmedabad Degree College,College,Ahmedabad,Gujarat,23.094889,72.482563,Private,57,17,3,No,Yes,Yes,Yes,No,Yes,Yes,No,83.1,Poor,Good,Medium,Yes,Yes,No,Yes,Yes,Low,36,939,11,52.5,13,3,2.4,2.5,15,Good,No,66.5,Average,Medium
LOC0556,Thane Railway Station,Railway Station,Thane,Maharashtra,19.143714,72.930797,Public,16,16,3,Yes,No,No,No,Yes,No,No,No,79.9,Poor,Average,High,No,Yes,No,Yes,Yes,Medium,5,18807,74,114.2,9,5,2.4,2.3,21,NA,No,46.3,Poor,High
LOC0557,Bhopal Domestic Airport,Airport,Bhopal,Madhya Pradesh,23.246286,77.284636,Public,29,8,6,No,No,No,No,Yes,Yes,No,Yes,80.9,Good,Average,Medium,No,No,No,Yes,Yes,Medium,23,15978,76,143,9,2,3.5,3.7,1,NA,Partial,65.8,Average,Medium
LOC0558,Visakhapatnam Airport Terminal,Airport,Visakhapatnam,Andhra Pradesh,17.768566,83.074666,Public,28,19,5,Yes,Yes,Yes,Yes,Yes,No,Yes,Yes,96.3,Good,Average,Medium,Yes,No,No,Yes,Yes,High,15,10518,48,217.8,4,1,3.5,3.3,9,Good,Yes,100,Excellent,Medium
LOC0559,Kanpur Tehsil Office,Government Office,Kanpur,Uttar Pradesh,26.514587,80.437437,Public,52,8,2,Yes,No,No,No,No,No,Yes,No,87.9,Poor,Average,Medium,Yes,No,No,Yes,Yes,Low,19,3004,13,33.1,17,3,2.7,3,3,NA,No,42,Poor,High
LOC0560,Kanpur City Centre Mall,Mall,Kanpur,Uttar Pradesh,26.464777,80.341966,Private,2,0,7,Yes,Yes,Yes,Yes,Yes,No,Yes,Yes,90.3,Poor,Average,Medium,No,No,No,Yes,No,High,16,4739,26,135.5,2,2,3.3,3.6,15,Good,Yes,86.1,Good,Medium
LOC0561,Surat College of Engineering,College,Surat,Gujarat,21.210562,72.972048,Public,55,25,3,Yes,No,Yes,Yes,Yes,No,Yes,No,98.3,Good,Average,Low,Yes,No,Yes,No,Yes,High,12,2010,7,33.2,20,7,2.4,2.2,3,NA,No,60.2,Average,High
LOC0562,Kochi Degree College,College,Kochi,Kerala,9.860425,76.321862,Public,45,11,3,No,Yes,No,No,No,No,No,Yes,75.4,Average,Good,High,Yes,Yes,No,Yes,Yes,Medium,14,663,2,44.5,19,3,3.7,4,12,Good,Yes,75,Good,Low
LOC0563,Guwahati Airport Terminal,Airport,Guwahati,Assam,26.192348,91.823936,Private,23,12,7,Yes,Yes,Yes,No,Yes,Yes,No,Yes,96.4,Good,Average,High,Yes,Yes,Yes,No,No,High,6,18455,82,227.7,9,7,4,4.1,20,Good,Yes,100,Excellent,Medium
LOC0564,Indore Heritage Fort,Tourist Attraction,Indore,Madhya Pradesh,22.772391,75.942432,Public,137,27,1,Yes,No,No,Yes,No,Yes,No,Yes,77.1,Average,Average,Low,Yes,No,No,Yes,Yes,Medium,9,1021,5,27.5,11,7,3,2.7,20,NA,No,43.8,Poor,High
LOC0565,Delhi Domestic Airport,Airport,Delhi,Delhi,28.702682,77.184222,Private,2,2,4,Yes,Yes,Yes,No,Yes,Yes,Yes,No,90,Average,Poor,Medium,Yes,Yes,Yes,Yes,Yes,Medium,15,3461,20,133.2,11,3,2.6,2.2,20,Average,Yes,84.1,Good,Medium
LOC0566,Udaipur Railway Station,Railway Station,Udaipur,Rajasthan,24.453866,73.678758,Public,19,5,2,Yes,Yes,No,No,Yes,Yes,Yes,No,86.3,Poor,Good,Low,Yes,No,Yes,Yes,No,Medium,19,16964,68,117.7,10,2,4.1,3.6,17,Poor,Partial,62.9,Average,Medium
LOC0567,Chennai City Bus Stop,Bus Stop,Chennai,Tamil Nadu,13.115564,80.187404,Public,26,23,1,No,No,No,No,No,No,No,No,76.2,Average,Average,Medium,Yes,Yes,No,No,Yes,High,15,978,2,11.3,19,7,2,2.1,18,NA,No,28,Poor,High
LOC0568,Surat Central Station,Railway Station,Surat,Gujarat,21.279121,72.929895,Public,34,24,3,No,No,Yes,No,No,Yes,Yes,No,76.3,Average,Average,Medium,No,No,No,Yes,Yes,High,44,10527,45,82.7,11,3,2.8,2.7,10,NA,Partial,51.8,Poor,High
LOC0569,Nagpur Shopping Mall,Mall,Nagpur,Maharashtra,21.254332,79.079745,Private,10,10,5,Yes,Yes,Yes,Yes,No,Yes,Yes,Yes,94.1,Good,Average,High,No,No,No,Yes,Yes,High,33,16829,63,150.6,8,1,4.4,4.3,3,Average,Partial,100,Excellent,Low
LOC0570,Bengaluru Airport Terminal,Airport,Bengaluru,Karnataka,13.001932,77.673895,Public,20,3,5,Yes,Yes,No,No,Yes,Yes,Yes,Yes,86.7,Good,Good,Medium,No,No,No,Yes,No,Medium,18,6555,33,123.5,9,1,3.8,3.9,14,Poor,Yes,90.9,Excellent,Low
LOC0571,Ahmedabad Institute of Technology,College,Ahmedabad,Gujarat,23.027557,72.65512,Public,59,23,1,No,Yes,No,No,No,No,Yes,No,71.7,Average,Good,Medium,Yes,No,Yes,Yes,Yes,Medium,22,3132,12,60.2,22,4,2.2,2,2,Average,Partial,53,Poor,High
LOC0572,Jaipur Public Garden,Park,Jaipur,Rajasthan,26.770125,75.645562,Public,43,24,1,No,No,No,No,No,No,No,No,81.6,Average,Poor,Medium,Yes,No,Yes,Yes,No,Low,4,2482,6,24.6,6,5,2,2,5,NA,Partial,33.5,Poor,High
LOC0573,Indore Airport Terminal,Airport,Indore,Madhya Pradesh,22.607947,75.793229,Public,6,6,7,Yes,Yes,Yes,Yes,Yes,Yes,Yes,Yes,108.4,Poor,Average,Medium,Yes,No,No,Yes,Yes,Medium,37,14387,61,168.9,11,0,4.6,5,13,Good,Partial,97.7,Excellent,Medium
LOC0574,Jaipur Degree College,College,Jaipur,Rajasthan,26.866588,75.928479,Private,17,15,3,Yes,Yes,No,Yes,No,Yes,No,No,80.6,Average,Average,High,Yes,No,Yes,No,No,Medium,35,4216,16,46.6,12,1,2.8,2.8,3,Good,Yes,88.3,Good,Low
LOC0575,Bhopal Degree College,College,Bhopal,Madhya Pradesh,23.383551,77.376078,Private,23,13,3,Yes,No,Yes,Yes,No,No,No,No,97.7,Average,Average,Medium,No,No,No,No,Yes,Medium,7,4689,22,61.7,19,2,2.2,2.1,0,NA,Yes,68.6,Average,Medium
LOC0576,Udaipur Shopping Mall,Mall,Udaipur,Rajasthan,24.565809,73.789084,Private,5,5,5,Yes,Yes,Yes,Yes,Yes,Yes,Yes,Yes,93.6,Good,Good,Medium,Yes,Yes,Yes,Yes,No,High,32,12472,51,180.6,7,3,3.2,3.1,20,Good,Yes,100,Excellent,Medium
LOC0577,Guwahati International Airport,Airport,Guwahati,Assam,26.190695,91.718213,Private,27,16,6,Yes,Yes,Yes,No,No,Yes,No,No,89.7,Good,Average,High,Yes,No,Yes,Yes,Yes,Medium,10,4075,21,190.3,9,1,3.5,3.4,7,Average,Yes,95.4,Excellent,Low
LOC0578,Kolkata City Park,Park,Kolkata,West Bengal,22.593863,88.331177,Public,13,9,1,Yes,No,No,Yes,No,Yes,No,No,93,Average,Good,Medium,No,No,No,No,Yes,Low,14,2018,8,22.1,23,3,2,1.9,1,NA,No,63.3,Average,Medium
LOC0579,Mumbai Lake View Point,Tourist Attraction,Mumbai,Maharashtra,19.086832,72.802023,Private,114,22,1,No,No,No,No,No,No,No,No,74,Poor,Poor,Medium,Yes,No,No,No,No,Low,9,1070,7,25.4,21,9,2.8,2.8,13,NA,No,5.1,Poor,High
LOC0580,Coimbatore Government College,College,Coimbatore,Tamil Nadu,11.019575,76.908912,Public,53,20,3,No,Yes,Yes,Yes,Yes,Yes,No,No,83.9,Good,Average,Low,Yes,Yes,No,No,Yes,Low,25,3532,11,56.1,13,0,3.1,2.8,5,Average,Yes,82.3,Good,Medium
LOC0581,Visakhapatnam Heritage Fort,Tourist Attraction,Visakhapatnam,Andhra Pradesh,17.621241,83.225767,Public,32,24,1,Yes,No,No,No,No,Yes,No,No,91,Average,Average,Low,No,No,No,Yes,Yes,Low,10,2513,10,17.6,17,4,3.9,3.7,4,NA,No,49.5,Poor,High
LOC0582,Coimbatore Medical Center,Hospital,Coimbatore,Tamil Nadu,11.115062,77.049199,Public,39,17,7,Yes,Yes,No,Yes,No,Yes,No,No,84.9,Good,Good,Medium,Yes,Yes,Yes,No,Yes,Medium,35,2513,14,62,14,4,4.1,4.5,20,Average,Partial,88.5,Good,Medium
LOC0583,Jaipur General Hospital,Hospital,Jaipur,Rajasthan,26.95467,75.911641,Public,40,15,2,Yes,Yes,Yes,Yes,Yes,No,No,No,94.8,Average,Average,High,Yes,No,No,No,Yes,Medium,34,4051,20,84.1,13,2,2,2.1,6,Average,Yes,87.5,Good,Low
LOC0584,Guwahati Collectorate Office,Government Office,Guwahati,Assam,26.082767,91.743582,Public,70,20,2,No,Yes,No,No,No,Yes,No,Yes,71.2,Average,Poor,High,No,No,No,Yes,Yes,Low,22,2664,3,36.4,13,5,2.8,2.7,10,Good,Partial,52.6,Poor,High
LOC0585,Bengaluru City Park,Park,Bengaluru,Karnataka,13.068306,77.607363,Public,32,9,1,No,Yes,Yes,No,Yes,No,No,Yes,98,Poor,Good,Medium,No,No,No,No,Yes,High,18,2062,6,19.1,24,7,2.1,2.4,8,Poor,Partial,46.5,Poor,High
LOC0586,Lucknow Bus Depot,Bus Stop,Lucknow,Uttar Pradesh,26.920362,80.796762,Public,11,11,1,No,No,No,No,No,No,No,No,75.3,Good,Average,High,Yes,Yes,No,Yes,No,High,15,1419,2,12.1,24,9,2.3,2.1,15,NA,Yes,52.4,Poor,High
LOC0587,Chandigarh Bus Stand,Bus Stop,Chandigarh,Chandigarh,30.801126,76.669863,Public,37,6,1,No,Yes,No,No,No,Yes,No,No,75.3,Poor,Good,Medium,No,Yes,Yes,Yes,No,High,20,1414,7,15.4,16,8,2.6,2.8,21,Average,Yes,47.5,Poor,High
LOC0588,Lucknow Domestic Airport,Airport,Lucknow,Uttar Pradesh,26.8056,81.042259,Public,3,1,3,Yes,Yes,Yes,Yes,Yes,Yes,No,No,98.6,Poor,Average,High,Yes,Yes,Yes,Yes,Yes,Medium,16,15406,66,194.1,3,2,3.3,3.3,2,Good,Partial,98.8,Excellent,Low
LOC0589,Surat Government College,College,Surat,Gujarat,21.254196,72.91132,Public,65,13,1,No,Yes,No,No,Yes,Yes,Yes,No,81,Good,Average,Low,Yes,No,No,Yes,No,Low,29,2090,4,37.2,20,4,2,2.2,8,Average,Yes,62.2,Average,Medium
LOC0590,Bengaluru City Centre Mall,Mall,Bengaluru,Karnataka,12.965243,77.669691,Private,22,18,2,Yes,Yes,No,No,Yes,Yes,No,No,89.2,Average,Good,Medium,Yes,Yes,No,Yes,No,Low,7,13311,55,180.1,1,1,2.6,,16,Good,Yes,87,Good,Low
LOC0591,Ahmedabad Railway Station,Railway Station,Ahmedabad,Gujarat,23.099782,72.446793,Public,72,21,2,Yes,Yes,Yes,No,No,No,No,No,97.8,Average,Good,High,Yes,No,No,Yes,Yes,Low,38,16060,71,124.9,17,5,2.4,2.8,14,Average,No,68.1,Average,Medium
LOC0592,Surat Temple Complex,Tourist Attraction,Surat,Gujarat,21.28821,72.74249,Public,199,50,1,No,No,No,No,No,No,No,No,61,Average,Average,High,No,No,No,No,Yes,Low,23,2347,10,22.1,26,16,1,1,23,NA,Partial,20.2,Poor,High
LOC0593,Hyderabad Central Station,Railway Station,Hyderabad,Telangana,17.524379,78.625669,Public,17,17,3,Yes,Yes,Yes,No,No,Yes,No,Yes,90.3,Good,Good,Medium,Yes,No,No,Yes,Yes,High,9,13942,55,88.5,18,5,2.8,2.6,14,Poor,Yes,85.1,Good,Medium
LOC0594,Kanpur Multispeciality Hospital,Hospital,Kanpur,Uttar Pradesh,26.570651,80.338009,Private,15,15,2,Yes,Yes,Yes,Yes,Yes,Yes,No,No,90.1,Good,Average,Medium,Yes,Yes,No,Yes,Yes,Low,22,4849,25,109.8,11,3,2.6,2.4,1,Good,Yes,100,Excellent,Low
LOC0595,Surat Multispeciality Hospital,Hospital,Surat,Gujarat,21.272347,72.810251,Private,23,15,7,Yes,Yes,Yes,Yes,Yes,Yes,Yes,Yes,93.2,Poor,Average,High,Yes,No,No,Yes,No,High,25,4693,20,116.8,12,6,2.9,2.6,18,Good,Yes,90.8,Excellent,Medium
LOC0596,Indore Railway Station,Railway Station,Indore,Madhya Pradesh,22.633711,75.985003,Public,43,11,1,No,Yes,No,Yes,No,No,No,No,68.7,Poor,Poor,Low,Yes,No,Yes,Yes,No,High,7,15445,64,100.6,16,10,2.7,2.7,12,Good,Partial,24,Poor,High
LOC0597,Visakhapatnam City Park,Park,Visakhapatnam,Andhra Pradesh,17.816801,83.260918,Public,3,2,1,No,No,No,No,No,No,No,No,69.1,Poor,Poor,Low,No,Yes,No,Yes,No,Medium,6,2384,5,17.4,13,4,3.6,3.8,1,NA,Partial,20.7,Poor,High
LOC0598,Udaipur Medical Center,Hospital,Udaipur,Rajasthan,24.565792,73.587188,Public,29,13,4,Yes,No,Yes,No,No,Yes,Yes,Yes,96.3,Average,Good,High,Yes,No,Yes,Yes,No,Medium,22,4339,26,77.9,12,1,2.3,2.4,3,NA,Partial,84.2,Good,Low
LOC0599,Patna Public Garden,Park,Patna,Bihar,25.501564,85.14318,Public,26,5,1,No,Yes,Yes,No,No,No,No,No,86.7,Good,Poor,Medium,No,No,No,Yes,Yes,Low,4,801,2,21.5,23,6,3.1,2.9,20,Poor,Partial,48.7,Poor,High
LOC0600,Ahmedabad Airport Terminal,Airport,Ahmedabad,Gujarat,23.077773,72.61025,Public,27,4,3,Yes,Yes,Yes,Yes,No,Yes,No,Yes,101.5,Average,Good,Medium,Yes,No,No,No,Yes,Low,40,19689,81,286.5,10,3,3.7,3.8,18,Good,Partial,94.6,Excellent,Low
LOC0601,Chandigarh Degree College,College,Chandigarh,Chandigarh,30.706081,76.690367,Public,16,11,3,Yes,Yes,No,No,No,No,Yes,No,77.1,Good,Good,High,No,No,No,Yes,Yes,High,30,3104,10,56.8,17,7,3,3.1,14,Poor,Yes,75.3,Good,Medium
LOC0602,Nagpur Plaza Mall,Mall,Nagpur,Maharashtra,21.222625,78.986674,Private,9,9,6,No,Yes,Yes,No,No,Yes,Yes,Yes,90.1,Good,Average,Low,Yes,No,No,Yes,No,High,42,4557,17,162.1,10,1,3.2,3.2,21,Good,Yes,78.8,Good,Medium
LOC0603,Delhi Degree College,College,Delhi,Delhi,28.744134,77.160473,Public,43,13,3,Yes,Yes,No,No,Yes,No,No,No,79.7,Good,Poor,Medium,Yes,No,No,Yes,No,Low,36,871,5,34.7,,6,2.6,2.7,6,Average,Partial,60.3,Average,Medium
LOC0604,Thiruvananthapuram Botanical Garden,Tourist Attraction,Thiruvananthapuram,Kerala,8.429201,76.912553,Public,41,9,1,Yes,No,No,No,No,Yes,No,No,84.2,Average,Average,Medium,Yes,No,Yes,Yes,Yes,Medium,20,821,5,26.3,17,3,2.3,1.8,17,NA,No,48.2,Poor,Medium
LOC0605,Mysuru Plaza Mall,Mall,Mysuru,Karnataka,12.287308,76.74074,Private,24,10,2,Yes,Yes,Yes,Yes,Yes,Yes,No,No,93.2,Good,Poor,High,Yes,No,No,Yes,Yes,Medium,40,15614,62,122.4,7,3,2.6,2.3,12,Good,Partial,95.4,Excellent,Low
LOC0606,Udaipur General Hospital,Hospital,Udaipur,Rajasthan,24.507872,73.582334,Public,13,13,5,Yes,Yes,Yes,No,Yes,No,No,Yes,82.4,Poor,Average,High,Yes,No,No,Yes,Yes,Medium,38,2349,7,85.9,7,1,3.4,3.5,21,Good,Partial,78,Good,Low
LOC0607,Bengaluru City Centre Mall,Mall,Bengaluru,Karnataka,13.098616,77.591588,Private,25,5,7,Yes,Yes,Yes,No,No,Yes,Yes,Yes,93,Good,Good,Low,Yes,Yes,No,Yes,Yes,Medium,11,7147,26,148.3,5,0,3.9,3.6,4,Average,Yes,100,Excellent,Medium
LOC0608,Kanpur Government College,College,Kanpur,Uttar Pradesh,26.550721,80.254315,Public,53,17,1,Yes,No,No,Yes,No,No,Yes,Yes,81.6,Poor,Poor,Low,Yes,No,No,No,Yes,Low,36,3699,17,44.3,24,5,3.1,3.4,5,NA,No,32.7,Poor,High
LOC0609,Indore Central Station,Railway Station,Indore,Madhya Pradesh,22.686532,75.951229,Public,68,27,1,No,No,Yes,Yes,No,Yes,No,Yes,79.7,Poor,Poor,Medium,No,No,Yes,Yes,Yes,High,9,10910,43,71.7,23,8,2.6,2.9,8,NA,Partial,34.1,Poor,High
LOC0610,Chennai Institute of Technology,College,Chennai,Tamil Nadu,13.224726,80.149178,Private,60,23,1,Yes,No,No,No,No,No,No,Yes,82.6,Poor,Average,Medium,Yes,Yes,No,Yes,Yes,High,16,2890,16,43,16,5,3.8,3.7,0,NA,Yes,50.6,Poor,High
LOC0611,Indore City Bus Stop,Bus Stop,Indore,Madhya Pradesh,22.669863,75.820714,Public,40,21,1,No,No,No,No,No,No,No,No,75.7,Good,Average,Medium,No,No,No,Yes,No,Medium,16,239,2,6.8,19,4,2.5,2,21,NA,No,36.2,Poor,High
LOC0612,Coimbatore Railway Station,Railway Station,Coimbatore,Tamil Nadu,10.944232,76.843595,Public,78,32,2,No,Yes,No,No,No,Yes,No,Yes,72.7,Poor,Average,High,No,No,No,Yes,Yes,Low,31,19870,80,104,16,6,3.1,3.3,12,Average,Partial,48.3,Poor,High
LOC0613,Chennai Museum,Tourist Attraction,Chennai,Tamil Nadu,13.145236,80.413725,Public,37,7,1,No,Yes,Yes,Yes,Yes,No,Yes,Yes,82.4,Average,Average,Medium,Yes,Yes,No,Yes,Yes,Low,23,2169,11,25,12,2,2.4,2.6,10,Average,Partial,79,Good,Low
LOC0614,Chennai Domestic Airport,Airport,Chennai,Tamil Nadu,13.218091,80.381097,Private,24,5,3,Yes,Yes,Yes,No,Yes,Yes,Yes,No,91.7,Average,Poor,High,Yes,Yes,Yes,Yes,No,Low,44,15923,68,191.1,1,1,3.4,3.5,9,Good,Yes,98.7,Excellent,Low
LOC0615,Jaipur Domestic Airport,Airport,Jaipur,Rajasthan,27.054737,75.827529,Public,12,12,5,Yes,Yes,No,No,No,Yes,No,Yes,80.2,Good,Good,High,Yes,Yes,Yes,Yes,No,Medium,44,10083,48,164.5,4,0,3.1,3.2,11,Good,Yes,100,Excellent,Low
LOC0616,Thane College of Engineering,College,Thane,Maharashtra,19.253717,72.929943,Public,21,19,3,Yes,No,Yes,No,Yes,Yes,Yes,No,102.1,Poor,Average,Medium,Yes,No,No,Yes,No,High,24,4916,18,51.7,26,8,3.4,3.3,22,NA,Partial,56.2,Average,High
LOC0617,Udaipur City Hospital,Hospital,Udaipur,Rajasthan,24.481468,73.76331,Public,23,20,7,Yes,Yes,No,No,No,No,Yes,No,92.1,Good,Poor,High,Yes,Yes,Yes,Yes,No,Medium,16,2624,12,68.6,10,0,1.6,1.7,17,Good,Yes,83.7,Good,Low
LOC0618,Kochi Museum,Tourist Attraction,Kochi,Kerala,10.010518,76.12718,Public,112,32,1,No,No,No,No,No,No,No,Yes,60.4,Average,Poor,Low,No,No,No,Yes,Yes,Medium,22,642,9,17.4,13,7,1.5,1.7,3,NA,No,7.5,Poor,High
LOC0619,Nagpur Government College,College,Nagpur,Maharashtra,21.19753,79.0625,Private,70,28,2,No,Yes,Yes,Yes,No,Yes,No,Yes,83.9,Good,Good,Low,Yes,No,No,No,Yes,Low,29,2935,12,45.9,20,5,2.6,2.9,16,Good,Yes,75.6,Good,Medium
LOC0620,Surat Degree College,College,Surat,Gujarat,21.08736,72.977975,Private,32,20,1,No,No,No,No,Yes,Yes,No,No,71.7,Average,Good,High,Yes,Yes,No,No,Yes,Medium,29,3898,8,60,11,2,2.6,2.3,1,NA,Yes,66,Average,Low
LOC0621,Nagpur Railway Station,Railway Station,Nagpur,Maharashtra,21.192548,78.95385,Public,33,15,3,Yes,No,No,Yes,No,No,No,No,84.1,Average,Average,Low,Yes,Yes,No,Yes,Yes,High,10,19051,80,119.4,18,6,3.2,3.1,17,NA,No,41.6,Poor,High
LOC0622,Udaipur Grand Mall,Mall,Udaipur,Rajasthan,24.563009,73.777493,Private,8,8,2,Yes,Yes,Yes,Yes,No,Yes,Yes,Yes,94.9,Average,Average,Low,Yes,No,No,Yes,Yes,Medium,8,9724,36,123.4,6,1,2.7,2.6,10,Poor,Yes,85.2,Good,Medium
LOC0623,Mysuru Multispeciality Hospital,Hospital,Mysuru,Karnataka,12.147947,76.560868,Private,11,11,2,Yes,Yes,Yes,Yes,Yes,Yes,No,Yes,100,Average,Good,Low,No,Yes,No,No,No,High,26,1019,8,107.8,5,1,3.4,3.2,16,Good,Yes,92.3,Excellent,Medium
LOC0624,Kolkata Plaza Mall,Mall,Kolkata,West Bengal,22.509882,88.491455,Private,25,20,4,Yes,No,Yes,Yes,No,No,No,Yes,94.3,Poor,Good,Low,Yes,Yes,Yes,Yes,Yes,High,39,13975,61,195.5,6,6,4.1,4.2,0,NA,Yes,68.8,Average,High
LOC0625,Delhi Tehsil Office,Government Office,Delhi,Delhi,28.70689,77.225634,Public,45,20,2,Yes,No,No,No,Yes,No,No,Yes,90.3,Average,Average,Medium,Yes,No,No,Yes,Yes,Low,32,2412,14,52.8,11,3,3.1,2.9,11,NA,No,58.6,Average,Medium
LOC0626,Jaipur Temple Complex,Tourist Attraction,Jaipur,Rajasthan,26.965626,75.823452,Public,131,35,1,No,No,Yes,No,No,No,No,No,84.1,Poor,Average,Low,No,No,No,Yes,No,High,17,403,2,19.9,25,7,1.7,1.8,6,NA,No,6.3,Poor,High
LOC0627,Thane Public Garden,Park,Thane,Maharashtra,19.155205,72.829715,Public,16,3,1,No,Yes,Yes,No,Yes,No,No,Yes,93.4,Poor,Average,Low,Yes,No,Yes,No,Yes,High,8,2675,10,29.4,14,7,2.9,2.8,3,Poor,No,38.1,Poor,High
LOC0628,Udaipur City Hospital,Hospital,Udaipur,Rajasthan,24.558573,73.784363,Private,15,12,5,No,No,Yes,Yes,No,Yes,Yes,Yes,85.8,Average,Average,Medium,Yes,No,No,Yes,No,High,39,1997,2,70.7,19,3,3.9,4,7,NA,Yes,70.6,Average,Medium
LOC0629,Indore Museum,Tourist Attraction,Indore,Madhya Pradesh,22.655163,75.846686,Private,87,16,1,No,Yes,Yes,No,No,No,No,No,92.9,Average,Average,Medium,Yes,Yes,No,Yes,No,Low,12,2471,7,36.7,6,8,2.5,2.3,11,Good,Yes,62.2,Average,Medium
LOC0630,Kochi Degree College,College,Kochi,Kerala,9.905443,76.193336,Public,39,23,2,No,No,Yes,Yes,No,No,Yes,Yes,82,Average,Poor,Low,Yes,Yes,No,No,Yes,High,35,1419,6,20.8,11,4,3.1,3.1,18,NA,No,36.7,Poor,High
LOC0631,Chennai Shopping Mall,Mall,Chennai,Tamil Nadu,13.081582,80.272022,Private,1,1,5,Yes,No,No,No,No,Yes,No,Yes,96.4,Poor,Average,Medium,Yes,No,No,Yes,Yes,Medium,26,18262,79,114.5,13,3,3.6,3.7,23,NA,Yes,62.9,Average,Medium
LOC0632,Coimbatore Health Centre,Hospital,Coimbatore,Tamil Nadu,11.129746,76.831838,Public,5,5,5,Yes,No,Yes,No,No,Yes,Yes,Yes,92.7,Average,Average,High,Yes,Yes,No,Yes,Yes,High,19,2729,18,137.6,4,2,4.1,4.1,11,NA,Partial,87,Good,Low
LOC0633,Ahmedabad Degree College,College,Ahmedabad,Gujarat,23.154378,72.655753,Private,45,26,3,No,Yes,Yes,Yes,No,No,No,No,94,Average,Good,Medium,Yes,No,Yes,No,Yes,High,18,665,2,43.6,14,6,2.7,2.6,7,Good,Yes,72.1,Average,Medium
LOC0634,Chandigarh Airport Terminal,Airport,Chandigarh,Chandigarh,30.839438,76.840167,Private,10,2,6,Yes,Yes,Yes,Yes,No,Yes,No,Yes,95,Good,Poor,High,Yes,Yes,No,Yes,No,Medium,15,13006,63,261,1,2,4.5,4.8,13,Good,Yes,100,Excellent,Low
LOC0635,Udaipur Domestic Airport,Airport,Udaipur,Rajasthan,24.597836,73.593393,Public,11,11,7,Yes,Yes,Yes,Yes,Yes,No,Yes,Yes,99.3,Good,Average,High,Yes,Yes,No,No,Yes,Low,33,13276,58,214.9,7,1,4.7,4.7,18,Good,Partial,100,Excellent,Low
LOC0636,Chennai Green Park,Park,Chennai,Tamil Nadu,13.107161,80.254416,Public,38,9,1,Yes,No,Yes,Yes,No,No,No,No,97.8,Average,Average,Medium,No,No,Yes,No,Yes,Low,17,1410,12,15.5,16,1,2.5,2.3,9,NA,No,61.5,Average,Medium
LOC0637,Thiruvananthapuram Tehsil Office,Government Office,Thiruvananthapuram,Kerala,8.447537,76.862142,Public,31,13,3,No,Yes,No,No,Yes,No,No,No,83.2,Good,Average,Medium,Yes,Yes,No,Yes,Yes,Low,17,3645,18,27.5,18,7,3.2,3.7,13,Poor,Yes,65.6,Average,Medium
LOC0638,Nashik City Park,Park,Nashik,Maharashtra,20.068413,73.719025,Private,40,15,1,No,No,No,No,No,No,No,No,72,Poor,Good,Medium,No,No,No,No,Yes,Medium,4,1260,7,24,9,4,3,2.6,16,NA,No,24.9,Poor,High
LOC0639,Thiruvananthapuram International Airport,Airport,Thiruvananthapuram,Kerala,8.595117,76.966847,Private,12,12,2,Yes,Yes,Yes,No,No,No,Yes,Yes,90.1,Good,Good,Medium,Yes,No,No,Yes,No,Medium,41,12628,55,249.6,4,0,4.6,4.7,13,Average,Yes,100,Excellent,Low
LOC0640,Nashik Medical Center,Hospital,Nashik,Maharashtra,19.858861,73.71462,Public,49,12,7,Yes,Yes,Yes,No,No,Yes,No,Yes,88.2,Good,Good,Medium,Yes,No,No,Yes,No,High,38,4815,25,99.8,9,2,3.9,3.9,19,Good,Yes,90,Excellent,Medium
LOC0641,Udaipur Junction,Railway Station,Udaipur,Rajasthan,24.507861,73.745161,Public,12,12,1,No,Yes,No,No,No,No,Yes,Yes,72.3,Good,Poor,High,Yes,Yes,No,Yes,Yes,High,13,15602,62,107.8,13,3,2.1,2,17,Average,Yes,64.3,Average,Medium
LOC0642,Hyderabad General Hospital,Hospital,Hyderabad,Telangana,17.405242,78.627209,Public,12,12,5,Yes,Yes,Yes,Yes,Yes,No,No,No,89.6,Poor,Good,High,Yes,Yes,Yes,Yes,Yes,High,31,4063,18,87.2,12,5,3.8,3.6,19,Good,Yes,89.2,Good,Medium
LOC0643,Ahmedabad Museum,Tourist Attraction,Ahmedabad,Gujarat,22.970589,72.630166,Public,83,31,1,Yes,Yes,Yes,Yes,No,Yes,No,No,93.6,Average,Good,High,No,No,No,Yes,Yes,Low,12,551,2,21.3,22,6,2,1.7,8,Average,Partial,81.2,Good,Low
LOC0644,Chennai International Airport,Airport,Chennai,Tamil Nadu,13.019032,80.229029,Public,4,4,6,Yes,Yes,Yes,Yes,Yes,No,No,No,96.4,Average,Good,High,Yes,Yes,No,Yes,Yes,High,8,14652,71,202.9,10,5,2.9,2.6,19,Good,Yes,98,Excellent,Medium
LOC0645,Chandigarh Junction,Railway Station,Chandigarh,Chandigarh,30.839401,76.840382,Public,65,22,2,No,No,Yes,No,No,No,Yes,No,88,Average,Poor,Medium,No,No,Yes,Yes,No,High,13,19711,76,130.2,13,8,3.3,3.3,18,NA,Yes,36,Poor,High
LOC0646,Indore Railway Station,Railway Station,Indore,Madhya Pradesh,22.576502,75.778351,Public,32,23,3,Yes,Yes,Yes,No,Yes,No,Yes,No,100.4,Average,Poor,Low,Yes,Yes,No,Yes,Yes,Low,42,3360,13,81.5,10,2,3,2.7,15,Average,No,61.8,Average,Medium
LOC0647,Nashik City Park,Park,Nashik,Maharashtra,19.979636,73.778811,Private,35,17,1,Yes,No,Yes,No,No,Yes,Yes,No,98.1,Average,Average,Medium,Yes,No,No,Yes,Yes,Low,15,1762,2,26.8,19,8,2.7,3.2,20,NA,No,58.7,Average,Medium
LOC0648,Patna City Centre Mall,Mall,Patna,Bihar,25.529316,85.041161,Private,7,1,3,Yes,Yes,Yes,Yes,Yes,No,No,Yes,87.4,Poor,Poor,Medium,Yes,Yes,No,No,Yes,Medium,23,7892,23,175.4,10,1,3.7,4.2,11,Good,Yes,79,Good,Medium
LOC0649,Thiruvananthapuram City Park,Park,Thiruvananthapuram,Kerala,8.534335,77.02674,Public,23,15,1,No,No,Yes,No,No,Yes,No,Yes,98.1,Poor,Average,Medium,Yes,Yes,No,Yes,No,Medium,21,1289,2,17.6,17,3,2.5,2,3,NA,Partial,53.5,Poor,High
LOC0650,Bhopal Heritage Fort,Tourist Attraction,Bhopal,Madhya Pradesh,23.378343,77.43929,Public,177,44,1,Yes,Yes,No,No,Yes,Yes,No,No,74.5,Good,Poor,Medium,Yes,No,No,No,No,Medium,14,1442,2,20.4,21,5,2.1,2.2,1,Average,Partial,55,Average,Medium
LOC0651,Mumbai Medical Center,Hospital,Mumbai,Maharashtra,18.965558,72.890658,Public,56,15,6,No,Yes,Yes,Yes,No,No,No,Yes,88.7,Good,Average,Low,Yes,No,Yes,Yes,Yes,Low,9,4248,17,81,16,3,3.2,3.7,20,Good,Partial,70.3,Average,Medium
LOC0652,Ahmedabad Domestic Airport,Airport,Ahmedabad,Gujarat,23.14763,72.564822,Private,29,15,5,Yes,Yes,Yes,Yes,Yes,Yes,No,No,98.8,Poor,Good,High,Yes,No,No,Yes,Yes,Medium,33,10855,44,227.7,7,1,3.1,3.4,2,Good,Yes,99.5,Excellent,Low
LOC0653,Mysuru City Hospital,Hospital,Mysuru,Karnataka,12.171418,76.592687,Private,6,6,3,Yes,Yes,Yes,Yes,Yes,Yes,Yes,Yes,92.2,Average,Average,High,Yes,No,No,Yes,No,High,17,3604,24,125.8,11,6,4.1,3.8,6,Average,Yes,100,Excellent,Medium
LOC0654,Bhopal Junction,Railway Station,Bhopal,Madhya Pradesh,23.407528,77.391331,Public,28,20,1,No,No,No,No,No,No,No,No,80.2,Poor,Average,Medium,Yes,No,No,Yes,Yes,Medium,21,5756,22,58.5,12,5,2.7,2.2,22,NA,Partial,31.5,Poor,High
LOC0655,Surat Airport Terminal,Airport,Surat,Gujarat,21.16054,72.692363,Public,6,6,7,No,Yes,Yes,No,No,No,No,Yes,88.9,Good,Average,Low,Yes,No,No,No,Yes,Medium,10,17641,72,228.3,3,2,4.5,4.7,3,Good,Yes,76,Good,Medium
LOC0656,Surat Institute of Technology,College,Surat,Gujarat,21.187885,72.964074,Public,7,7,2,Yes,Yes,No,No,No,No,No,No,91.4,Good,Good,Medium,Yes,No,No,Yes,Yes,Low,37,3491,18,36.8,17,5,3.1,3.4,16,Good,Yes,85.7,Good,Medium
LOC0657,Jaipur Collectorate Office,Government Office,Jaipur,Rajasthan,26.83842,75.872971,Public,58,9,3,Yes,Yes,No,Yes,No,No,No,No,75.5,Poor,Good,Low,Yes,No,No,No,No,Low,14,3087,9,26,14,4,1.4,1.7,9,Poor,No,37.3,Poor,High
LOC0658,Bengaluru Collectorate Office,Government Office,Bengaluru,Karnataka,12.837808,77.569331,Public,38,12,2,No,Yes,Yes,No,No,Yes,No,No,77.4,Average,Average,Medium,No,No,No,Yes,No,Medium,11,2099,2,37.4,18,4,3,2.6,5,Poor,Partial,53.4,Poor,High
LOC0659,Mumbai Public Garden,Park,Mumbai,Maharashtra,19.168358,72.782599,Public,46,26,1,No,No,No,Yes,No,No,Yes,No,78.2,Average,Poor,High,No,No,No,No,No,Low,19,389,4,14.7,20,9,2.2,2.2,21,NA,Partial,38.1,Poor,High
LOC0660,Lucknow Tehsil Office,Government Office,Lucknow,Uttar Pradesh,26.745493,80.804346,Public,31,18,2,No,Yes,No,Yes,Yes,Yes,No,No,74.6,Average,Poor,Low,Yes,No,No,Yes,Yes,Medium,23,3275,15,44.9,17,3,2.4,2.7,7,Average,No,41.4,Poor,High
LOC0661,Kochi City Centre Mall,Mall,Kochi,Kerala,10.017727,76.368783,Private,14,6,6,Yes,Yes,Yes,Yes,No,Yes,Yes,Yes,87.8,Poor,Poor,High,Yes,Yes,No,Yes,Yes,High,39,3442,20,93.7,17,3,3.7,3.6,9,Good,Partial,81.5,Good,Medium
LOC0662,Nagpur District Office,Government Office,Nagpur,Maharashtra,21.143377,79.014624,Public,29,9,2,No,No,No,No,No,No,No,No,78.9,Good,Poor,Low,No,Yes,No,Yes,Yes,Medium,35,1594,2,37.7,11,3,1.8,1.8,3,NA,No,28.3,Poor,High
LOC0663,Thiruvananthapuram Lake View Point,Tourist Attraction,Thiruvananthapuram,Kerala,8.575082,76.957235,Public,63,25,1,Yes,Yes,Yes,No,No,Yes,Yes,Yes,92.9,Average,Good,Medium,No,Yes,Yes,Yes,Yes,High,3,1937,2,31.5,19,12,1.7,1.7,8,Good,Yes,78.3,Good,Medium
LOC0664,Kochi Health Centre,Hospital,Kochi,Kerala,10.075658,76.20274,Private,3,3,4,No,Yes,Yes,No,Yes,No,No,No,93,Good,Poor,High,Yes,No,No,Yes,No,Low,24,904,7,109.5,6,1,3.4,3.5,10,Average,Partial,78.2,Good,Low
LOC0665,Pune International Airport,Airport,Pune,Maharashtra,18.534662,73.992771,Public,14,14,2,Yes,Yes,Yes,Yes,Yes,Yes,Yes,Yes,90.5,Good,Good,Medium,Yes,Yes,Yes,No,No,Medium,44,12800,53,186.2,5,1,3.4,3.7,5,Good,Yes,100,Excellent,Low
LOC0666,Kochi International Airport,Airport,Kochi,Kerala,9.933877,76.297865,Public,1,1,2,Yes,Yes,Yes,Yes,No,Yes,Yes,Yes,96.4,Good,Poor,Medium,Yes,Yes,No,Yes,Yes,Low,33,9188,42,179.2,9,0,3.6,3.2,14,Average,Partial,100,Excellent,Medium
LOC0667,Chandigarh Shopping Mall,Mall,Chandigarh,Chandigarh,30.811245,76.768255,Private,20,15,4,Yes,Yes,Yes,No,No,No,No,Yes,98.6,Good,Poor,Medium,Yes,No,No,Yes,Yes,High,43,18777,74,161,8,4,2,1.9,17,Good,Partial,70.2,Average,High
LOC0668,Chennai Government College,College,Chennai,Tamil Nadu,13.181214,80.406099,Private,30,12,3,No,No,Yes,No,Yes,Yes,Yes,No,90.9,Average,Average,Medium,Yes,No,No,Yes,No,Medium,8,1533,4,48.8,16,1,2.5,3,16,NA,Partial,62.7,Average,Medium
LOC0669,Ahmedabad Government College,College,Ahmedabad,Gujarat,23.147051,72.42477,Private,70,18,1,No,Yes,No,Yes,No,Yes,No,Yes,73.4,Poor,Poor,Low,Yes,Yes,No,Yes,No,Medium,25,2918,3,60.3,17,4,3,2.4,10,Poor,No,27,Poor,High
LOC0670,Nagpur Health Centre,Hospital,Nagpur,Maharashtra,21.099412,79.156686,Public,56,18,5,No,Yes,Yes,No,No,Yes,No,Yes,86.1,Good,Poor,High,Yes,Yes,No,No,Yes,High,15,547,4,63.6,14,3,3,2.8,3,Good,Partial,71.5,Average,Medium
LOC0671,Thiruvananthapuram Government College,College,Thiruvananthapuram,Kerala,8.432378,76.851452,Public,51,23,2,No,No,Yes,No,Yes,No,No,Yes,90.1,Poor,Average,Low,Yes,No,No,Yes,Yes,Medium,19,2290,8,31.7,17,7,2.9,3.1,6,NA,Yes,42.1,Poor,High
LOC0672,Coimbatore Municipal Office,Government Office,Coimbatore,Tamil Nadu,10.986557,76.881678,Public,51,23,3,No,Yes,Yes,No,No,No,No,Yes,87,Average,Average,Low,Yes,Yes,Yes,Yes,No,Medium,14,992,5,26,13,2,3.3,2.9,4,Average,Yes,60.2,Average,Medium
LOC0673,Thane Lake View Point,Tourist Attraction,Thane,Maharashtra,19.327507,72.999432,Private,101,25,1,Yes,Yes,No,No,No,Yes,No,No,83.5,Average,Poor,Low,Yes,Yes,No,No,Yes,High,22,1668,6,36.9,14,5,2.2,2.3,10,Average,No,33.5,Poor,High
LOC0674,Udaipur Heritage Fort,Tourist Attraction,Udaipur,Rajasthan,24.647615,73.639808,Public,27,19,1,No,Yes,No,No,No,No,Yes,Yes,76,Average,Poor,Medium,Yes,No,No,No,No,Medium,20,516,2,20.9,15,4,1.8,1.8,20,Poor,No,32.5,Poor,High
LOC0675,Indore Plaza Mall,Mall,Indore,Madhya Pradesh,22.700438,75.987413,Private,10,3,4,Yes,Yes,Yes,Yes,No,Yes,Yes,Yes,96,Good,Good,Medium,Yes,Yes,No,Yes,Yes,Medium,8,19207,73,237,7,1,4.5,4.1,6,Good,Yes,100,Excellent,Low
LOC0676,Udaipur Bus Depot,Bus Stop,Udaipur,Rajasthan,24.623034,73.783162,Public,2,2,1,No,No,Yes,No,No,Yes,No,No,90,Poor,Average,Low,No,Yes,No,Yes,No,High,20,1818,5,12.8,26,6,2,2.2,21,NA,Partial,31.5,Poor,High
LOC0677,Bhopal Airport Terminal,Airport,Bhopal,Madhya Pradesh,23.29259,77.524989,Public,28,23,4,Yes,Yes,Yes,Yes,No,Yes,Yes,Yes,95.1,Good,Average,High,Yes,Yes,No,No,Yes,High,40,8653,39,160.8,13,4,2.9,3.1,21,Average,Yes,100,Excellent,Medium
LOC0678,Patna District Office,Government Office,Patna,Bihar,25.658582,85.109545,Public,61,16,2,No,Yes,No,No,No,No,No,No,70.3,Average,Average,Low,Yes,Yes,No,No,Yes,Medium,23,1890,8,33.2,20,4,2.6,2.4,15,Poor,Partial,32.4,Poor,High
LOC0679,Lucknow International Airport,Airport,Lucknow,Uttar Pradesh,26.896378,80.934728,Private,20,18,6,Yes,Yes,Yes,No,No,No,No,Yes,88.9,Poor,Good,High,Yes,No,Yes,Yes,Yes,High,40,19446,87,235.4,4,6,4.1,4.3,12,Poor,Yes,72.8,Average,Medium
LOC0680,Kanpur Airport Terminal,Airport,Kanpur,Uttar Pradesh,26.458882,80.276424,Public,15,6,7,No,Yes,Yes,Yes,No,No,Yes,Yes,103,Good,Average,Medium,Yes,No,Yes,No,Yes,Low,21,10469,44,204.3,5,3,1.7,1.4,3,Average,Partial,85.1,Good,Low
LOC0681,Surat Degree College,College,Surat,Gujarat,21.039622,72.695237,Public,11,11,3,Yes,No,Yes,Yes,No,Yes,No,Yes,88.5,Poor,Average,Medium,Yes,Yes,No,Yes,No,Medium,6,3706,16,50.3,19,4,1.8,1.8,6,NA,Yes,67,Average,Medium
LOC0682,Kanpur Junction,Railway Station,Kanpur,Uttar Pradesh,26.328323,80.320503,Public,56,25,3,Yes,No,No,No,Yes,Yes,No,No,73.9,Average,Poor,Medium,Yes,No,No,Yes,No,Medium,20,17292,66,112.5,10,5,1.8,1.8,2,NA,No,37.1,Poor,High
LOC0683,Udaipur Institute of Technology,College,Udaipur,Rajasthan,24.690856,73.660115,Private,42,8,3,Yes,Yes,Yes,No,No,Yes,Yes,No,92.1,Poor,Good,High,Yes,No,No,No,Yes,High,19,3878,17,68.3,15,3,3.1,3,11,Good,Yes,82.7,Good,Medium
LOC0684,Visakhapatnam Bus Depot,Bus Stop,Visakhapatnam,Andhra Pradesh,17.54082,83.14688,Public,6,6,1,No,No,Yes,No,No,No,No,Yes,92,Poor,Average,Low,No,Yes,No,Yes,No,Medium,22,2676,9,18.8,20,7,2.8,2.7,4,NA,Partial,37.2,Poor,High
LOC0685,Bengaluru Temple Complex,Tourist Attraction,Bengaluru,Karnataka,12.9238,77.541427,Public,171,40,1,No,No,No,No,Yes,No,No,No,71.2,Poor,Poor,High,Yes,No,No,No,Yes,High,9,947,2,23.5,23,9,1.5,1.5,6,NA,No,8.5,Poor,High
LOC0686,Thane Municipal Office,Government Office,Thane,Maharashtra,19.07309,73.010838,Public,29,22,3,No,No,Yes,No,No,Yes,No,No,81.4,Poor,Good,Low,No,No,No,Yes,Yes,Medium,30,2172,9,28.9,16,4,3.6,3.8,15,NA,Yes,43.3,Poor,High
LOC0687,Chandigarh Lake View Point,Tourist Attraction,Chandigarh,Chandigarh,30.597498,76.652808,Public,132,31,1,No,Yes,No,No,Yes,No,No,No,77.7,Poor,Average,Low,No,No,No,Yes,Yes,High,21,1732,3,31.3,20,13,1.8,1.9,3,Good,Partial,21.6,Poor,High
LOC0688,Indore Central Station,Railway Station,Indore,Madhya Pradesh,22.694764,75.982712,Public,85,20,3,No,No,No,No,Yes,No,No,Yes,77.3,Average,Good,Medium,No,No,Yes,Yes,Yes,High,12,17621,70,111.3,8,7,1.4,1.8,12,NA,No,32.5,Poor,High
LOC0689,Kanpur Bus Depot,Bus Stop,Kanpur,Uttar Pradesh,26.437866,80.258465,Public,23,18,1,Yes,No,No,No,No,No,No,No,83.4,Poor,Good,Medium,Yes,No,No,Yes,Yes,Low,18,469,2,10,15,8,3,3.1,14,NA,Yes,50.2,Poor,High
LOC0690,Lucknow International Airport,Airport,Lucknow,Uttar Pradesh,26.784611,80.848823,Private,29,15,4,Yes,Yes,Yes,Yes,No,Yes,Yes,Yes,102.8,Average,Good,Medium,Yes,Yes,No,No,No,Low,33,7123,33,141.3,9,1,3.5,3.8,15,Average,Yes,100,Excellent,Low
LOC0691,Kolkata Junction,Railway Station,Kolkata,West Bengal,22.500603,88.471796,Public,37,22,3,No,No,Yes,No,No,Yes,No,Yes,89.3,Good,Average,Low,Yes,Yes,No,Yes,Yes,High,34,4832,22,72.5,22,13,2.5,2.6,23,NA,No,37,Poor,High
LOC0692,Bengaluru Health Centre,Hospital,Bengaluru,Karnataka,12.925966,77.511152,Public,41,12,2,Yes,Yes,Yes,No,No,Yes,No,No,97.7,Good,Poor,High,Yes,Yes,No,Yes,Yes,High,37,2399,12,67.9,17,6,2.4,2.1,16,Good,Yes,81.8,Good,Medium
LOC0693,Mysuru City Centre Mall,Mall,Mysuru,Karnataka,12.279164,76.519172,Private,12,7,3,No,Yes,No,Yes,No,Yes,Yes,Yes,82.5,Good,Good,Low,Yes,No,Yes,Yes,Yes,Low,15,18394,72,197.7,2,1,3.9,3.5,14,Average,No,79.9,Good,Medium
LOC0694,Jaipur Collectorate Office,Government Office,Jaipur,Rajasthan,26.916508,75.786535,Public,70,13,1,Yes,No,Yes,Yes,No,No,No,No,92.2,Average,Average,Medium,Yes,No,Yes,No,No,Low,24,3062,10,35.7,20,5,2.8,2.3,18,NA,No,54.9,Poor,High
LOC0695,Bhopal Medical Center,Hospital,Bhopal,Madhya Pradesh,23.290161,77.51347,Private,52,25,7,No,Yes,Yes,No,Yes,No,Yes,No,90.5,Average,Average,Low,Yes,Yes,Yes,Yes,No,Medium,37,2827,10,98.4,22,2,2.5,2.8,2,Good,Yes,68.6,Average,Medium
LOC0696,Visakhapatnam District Office,Government Office,Visakhapatnam,Andhra Pradesh,17.62124,83.24459,Public,26,8,1,Yes,Yes,Yes,No,No,No,No,No,93.4,Good,Average,Medium,No,Yes,No,No,Yes,Medium,31,1965,2,42.3,22,4,3.4,3.5,17,Average,Yes,80.3,Good,Medium
LOC0697,Chandigarh Airport Terminal,Airport,Chandigarh,Chandigarh,30.630381,76.710269,Public,24,17,6,Yes,Yes,No,Yes,No,Yes,Yes,Yes,87,Average,Good,High,No,No,No,Yes,Yes,High,36,13836,63,267.8,1,3,4,4,7,Poor,Partial,87.2,Good,Low
LOC0698,Udaipur Airport Terminal,Airport,Udaipur,Rajasthan,24.603527,73.6892,Public,5,5,6,No,Yes,Yes,Yes,No,Yes,No,No,85.1,Good,Average,Medium,Yes,Yes,No,Yes,Yes,Medium,14,8130,35,203,1,1,4.3,4.2,8,Average,Yes,94.3,Excellent,Low
LOC0699,Nagpur Institute of Technology,College,Nagpur,Maharashtra,21.238238,79.131756,Private,12,12,3,No,Yes,No,Yes,No,Yes,Yes,Yes,68.9,Average,Poor,Medium,Yes,No,Yes,Yes,Yes,Medium,30,1456,14,57.3,14,2,3.9,4.1,22,Good,Yes,72.1,Average,Medium
LOC0700,Udaipur Airport Terminal,Airport,Udaipur,Rajasthan,24.664965,73.720484,Public,22,18,5,Yes,Yes,Yes,Yes,Yes,Yes,No,No,94.9,Good,Average,Medium,No,No,No,Yes,No,Medium,26,12045,47,187.1,10,5,2.5,2.2,8,Good,Yes,96.3,Excellent,Medium
LOC0701,Delhi Tehsil Office,Government Office,Delhi,Delhi,28.618831,77.22791,Public,68,18,1,No,Yes,No,No,Yes,No,No,No,66.1,Average,Poor,Medium,Yes,No,No,Yes,No,High,5,1250,2,24.8,21,8,2.8,2.5,13,Good,Partial,34.3,Poor,High
LOC0702,Chennai Multispeciality Hospital,Hospital,Chennai,Tamil Nadu,13.103599,80.394224,Private,56,16,5,No,Yes,Yes,Yes,No,Yes,Yes,Yes,82,Average,Average,Low,Yes,Yes,No,Yes,Yes,Medium,24,1564,13,96.5,15,4,3.3,3.3,17,Poor,No,57.9,Average,Medium
LOC0703,Nagpur Temple Complex,Tourist Attraction,Nagpur,Maharashtra,21.292035,78.98093,Public,179,45,1,Yes,No,Yes,No,No,No,No,No,86.7,Good,Average,Low,No,No,No,No,No,Low,12,1463,9,20.4,29,7,1.8,2.1,0,NA,Partial,41.4,Poor,High
LOC0704,Mumbai Green Park,Park,Mumbai,Maharashtra,19.132507,72.983114,Public,26,15,1,No,No,No,No,No,No,No,Yes,80,Poor,Good,Low,Yes,No,No,Yes,No,Low,2,2288,10,13.3,15,4,2.6,2.6,15,NA,Partial,32.3,Poor,High
LOC0705,Kochi Heritage Fort,Tourist Attraction,Kochi,Kerala,9.83682,76.312963,Public,54,16,1,No,Yes,No,No,No,No,No,No,77.1,Poor,Good,Low,No,Yes,Yes,Yes,No,High,3,302,2,10.4,22,10,2.4,2.4,2,Average,Partial,28.7,Poor,High
LOC0706,Ahmedabad Institute of Technology,College,Ahmedabad,Gujarat,23.121825,72.711887,Public,32,8,3,Yes,Yes,Yes,Yes,No,Yes,Yes,No,90.7,Poor,Poor,Medium,Yes,No,No,Yes,No,Medium,19,4453,18,60.8,23,7,3.5,3,18,Poor,Yes,64.4,Average,High
LOC0707,Kochi Central Station,Railway Station,Kochi,Kerala,9.782619,76.266854,Public,58,15,1,No,No,No,No,No,Yes,No,No,70.1,Poor,Good,Medium,Yes,Yes,No,Yes,No,Low,15,8262,30,89.1,8,3,2.9,3,6,NA,No,37.5,Poor,High
LOC0708,Kanpur Domestic Airport,Airport,Kanpur,Uttar Pradesh,26.524528,80.235415,Private,18,11,6,Yes,Yes,Yes,Yes,No,Yes,No,Yes,100.4,Average,Average,Medium,Yes,Yes,No,No,Yes,Low,14,3280,14,208.1,2,0,5,5,18,Good,Yes,100,Excellent,Low
LOC0709,Kolkata Government College,College,Kolkata,West Bengal,22.56825,88.409623,Private,44,20,2,No,Yes,Yes,No,Yes,Yes,No,Yes,84.8,Average,Poor,Low,Yes,No,Yes,Yes,No,Medium,33,1382,2,64.6,16,2,1.4,1.1,21,Average,Yes,50.1,Poor,High
LOC0710,Visakhapatnam Green Park,Park,Visakhapatnam,Andhra Pradesh,17.596664,83.25592,Public,10,1,1,Yes,Yes,No,Yes,Yes,Yes,No,Yes,85.8,Good,Good,Medium,Yes,Yes,No,Yes,Yes,High,11,1015,5,14.3,9,1,2.5,2.7,12,Poor,Partial,90.7,Excellent,Medium
LOC0711,Nagpur City Hospital,Hospital,Nagpur,Maharashtra,21.279473,79.048026,Private,13,13,3,Yes,Yes,No,Yes,Yes,Yes,No,Yes,79,Good,Poor,High,Yes,Yes,No,Yes,No,Medium,7,1150,13,90.2,7,2,4.7,4.7,6,Average,Yes,100,Excellent,Low
LOC0712,Nagpur Health Centre,Hospital,Nagpur,Maharashtra,21.086831,79.072666,Public,30,7,2,Yes,No,Yes,Yes,No,No,No,Yes,85.7,Poor,Good,High,Yes,Yes,Yes,No,Yes,Medium,39,3800,22,108.5,10,3,1.8,1.8,12,NA,Partial,69,Average,Medium
LOC0713,Delhi Public Garden,Park,Delhi,Delhi,28.684096,76.998459,Private,50,9,1,No,No,No,No,No,No,Yes,No,76.5,Poor,Average,Low,No,No,No,No,Yes,Medium,3,2643,10,21.9,12,3,1.6,1.6,11,NA,Yes,26,Poor,High
LOC0714,Thiruvananthapuram City Centre Mall,Mall,Thiruvananthapuram,Kerala,8.536962,76.908003,Private,5,5,2,Yes,Yes,Yes,No,Yes,Yes,No,Yes,96.5,Average,Average,High,No,No,Yes,Yes,Yes,High,7,18743,82,228.9,8,4,3.9,4.1,12,Good,Yes,96.5,Excellent,Medium
LOC0715,Surat Bus Depot,Bus Stop,Surat,Gujarat,21.273151,72.868925,Public,22,17,1,No,No,No,No,No,No,No,No,81.5,Poor,Average,High,Yes,Yes,No,Yes,Yes,High,24,1844,10,12.3,28,12,2.8,3.1,10,NA,Partial,32.1,Poor,High
LOC0716,Kolkata Museum,Tourist Attraction,Kolkata,West Bengal,22.484869,88.375929,Public,136,28,1,No,No,Yes,No,No,No,No,Yes,84.1,Good,Poor,Medium,Yes,No,No,No,Yes,Low,10,2255,8,35.1,17,4,1.6,1.4,7,NA,Partial,41.5,Poor,High
LOC0717,Pune Medical Center,Hospital,Pune,Maharashtra,18.640278,73.766278,Private,7,7,6,Yes,Yes,Yes,Yes,No,Yes,Yes,Yes,88.9,Good,Good,Medium,Yes,No,No,No,Yes,Medium,9,1447,13,112.7,16,3,3.6,3.7,2,Good,Yes,100,Excellent,Low
LOC0718,Coimbatore Tehsil Office,Government Office,Coimbatore,Tamil Nadu,11.060654,76.978333,Public,68,13,2,No,No,No,No,No,No,No,No,79.1,Good,Average,Medium,Yes,No,No,No,Yes,Low,20,2680,7,36.3,15,4,2.2,2.2,13,NA,Yes,48.6,Poor,High
LOC0719,Hyderabad City Bus Stop,Bus Stop,Hyderabad,Telangana,17.427,78.594029,Public,2,2,1,No,Yes,Yes,No,No,Yes,No,No,88.9,Average,Good,Medium,Yes,No,Yes,Yes,Yes,High,23,1446,2,14.1,21,3,2.4,2.6,18,Average,No,57.3,Average,Medium
LOC0720,Bhopal Plaza Mall,Mall,Bhopal,Madhya Pradesh,23.283868,77.544197,Private,5,1,2,Yes,No,Yes,Yes,Yes,No,Yes,Yes,92.7,Poor,Good,High,Yes,Yes,Yes,Yes,Yes,High,8,8830,44,170.6,1,5,3.8,3.6,2,NA,No,83,Good,Medium
LOC0721,Nashik Government College,College,Nashik,Maharashtra,19.98432,73.794997,Private,8,1,1,Yes,No,No,No,Yes,No,Yes,Yes,88.1,Good,Good,High,No,Yes,No,No,No,Medium,38,3432,2,60.6,5,3,1.7,1.7,17,NA,Yes,81.7,Good,Low
LOC0722,Mumbai Central Park,Park,Mumbai,Maharashtra,19.026199,72.769136,Public,33,24,1,Yes,No,Yes,No,No,No,No,No,86.6,Poor,Good,Low,Yes,Yes,No,Yes,No,Low,6,1699,5,26.7,17,5,2.7,2.7,1,NA,Yes,50.9,Poor,High
LOC0723,Chennai Airport Terminal,Airport,Chennai,Tamil Nadu,13.197506,80.362058,Public,29,13,4,Yes,No,Yes,No,Yes,Yes,Yes,No,95.3,Poor,Average,Low,No,No,No,Yes,No,High,21,3878,21,197.1,3,6,3.1,3,6,NA,Yes,56,Average,High
LOC0724,Mysuru Junction,Railway Station,Mysuru,Karnataka,12.287522,76.515367,Public,18,18,2,Yes,Yes,No,No,No,No,Yes,Yes,85.2,Poor,Good,Medium,Yes,No,No,Yes,Yes,Medium,30,15877,61,105.8,20,5,3.5,3.5,9,Good,Yes,71.5,Average,Medium
LOC0725,Bengaluru International Airport,Airport,Bengaluru,Karnataka,13.055671,77.527833,Private,13,5,3,Yes,No,Yes,Yes,Yes,No,Yes,Yes,100.4,Good,Poor,High,Yes,Yes,Yes,No,Yes,Low,38,7417,35,210.8,10,0,4.4,4.4,14,NA,Partial,98.4,Excellent,Low
LOC0726,Lucknow Junction,Railway Station,Lucknow,Uttar Pradesh,26.810211,80.948091,Public,83,22,2,No,No,No,No,No,Yes,No,Yes,78.7,Average,Poor,Low,No,No,No,Yes,Yes,High,18,13310,56,106.7,19,12,2.2,2.1,8,NA,Partial,15.5,Poor,High
LOC0727,Indore Municipal Office,Government Office,Indore,Madhya Pradesh,22.63514,75.823575,Public,30,13,2,Yes,Yes,Yes,Yes,No,No,Yes,Yes,95.7,Poor,Average,High,Yes,No,No,Yes,Yes,Medium,12,3437,14,36,16,4,2.4,2.5,8,Average,Yes,83.7,Good,Medium
LOC0728,Thiruvananthapuram Collectorate Office,Government Office,Thiruvananthapuram,Kerala,8.655418,76.892489,Public,17,9,3,No,No,No,No,No,No,No,No,79.6,Good,Good,Low,Yes,No,Yes,No,Yes,Low,13,3139,19,32.2,10,3,2.9,2.8,2,NA,Partial,52,Poor,High
LOC0729,Chandigarh Junction,Railway Station,Chandigarh,Chandigarh,30.657124,76.642095,Public,59,23,3,Yes,No,No,No,Yes,Yes,No,No,74,Good,Poor,Medium,No,Yes,No,Yes,No,Low,18,4693,20,85.5,19,5,2.7,2.5,2,NA,Partial,55.1,Average,Medium
LOC0730,Udaipur Collectorate Office,Government Office,Udaipur,Rajasthan,24.448721,73.838259,Public,16,5,3,Yes,No,No,No,No,No,Yes,No,80,Poor,Average,Low,No,Yes,No,Yes,No,Medium,35,2943,12,39.7,15,7,2.8,2.4,17,NA,Yes,40.1,Poor,High
LOC0731,Kochi Municipal Office,Government Office,Kochi,Kerala,9.904736,76.371027,Public,39,14,2,Yes,No,No,No,Yes,No,No,No,79.7,Good,Average,Medium,Yes,Yes,Yes,Yes,Yes,Low,31,539,2,34.6,12,3,2.1,1.9,19,NA,Partial,66.2,Average,Medium
LOC0732,Kolkata Shopping Mall,Mall,Kolkata,West Bengal,22.528229,88.320023,Private,12,11,7,Yes,No,Yes,No,No,Yes,Yes,No,82,Average,Average,Medium,Yes,No,No,Yes,Yes,High,25,11534,46,161.9,14,3,3.1,2.9,11,NA,Partial,65.1,Average,Medium
LOC0733,Chennai Green Park,Park,Chennai,Tamil Nadu,12.97191,80.228528,Public,18,4,1,No,Yes,Yes,Yes,No,No,No,No,86.9,Good,Average,High,Yes,No,No,Yes,No,High,17,2669,9,20.5,20,6,4.1,4.3,9,Poor,Yes,75,Good,Medium
LOC0734,Bengaluru Railway Station,Railway Station,Bengaluru,Karnataka,12.840148,77.57225,Public,31,5,1,Yes,Yes,Yes,Yes,Yes,Yes,Yes,Yes,93.7,Poor,Poor,Low,Yes,Yes,No,Yes,No,High,27,4157,12,66.2,20,5,3.4,3.3,20,Average,No,58.9,Average,High
LOC0735,Guwahati Domestic Airport,Airport,Guwahati,Assam,26.208998,91.599256,Private,15,14,7,Yes,Yes,Yes,No,Yes,Yes,Yes,Yes,87.3,Good,Poor,Medium,Yes,No,No,No,No,Low,38,17492,73,215.5,4,1,4.1,4,7,Average,Partial,89.5,Good,Medium
LOC0736,Surat City Centre Mall,Mall,Surat,Gujarat,21.236861,72.909574,Public,13,13,3,Yes,Yes,Yes,No,No,Yes,Yes,Yes,92.6,Good,Average,Medium,No,No,No,No,No,High,26,17220,61,125.7,9,4,4.1,4.1,7,Average,Yes,91.5,Excellent,Medium
LOC0737,Guwahati Central Station,Railway Station,Guwahati,Assam,26.001221,91.873532,Public,48,14,2,No,Yes,Yes,Yes,No,No,No,No,88.5,Poor,Poor,Medium,Yes,No,No,Yes,Yes,High,34,4154,18,84.5,15,4,1.9,1.9,16,Good,Partial,41.5,Poor,High
LOC0738,Visakhapatnam City Park,Park,Visakhapatnam,Andhra Pradesh,17.809218,83.18886,Private,32,21,1,Yes,No,No,No,No,No,No,No,88.2,Poor,Good,Low,No,Yes,No,No,Yes,Medium,2,2930,8,23.1,13,2,2.6,2.4,12,NA,No,33.1,Poor,High
LOC0739,Thiruvananthapuram Airport Terminal,Airport,Thiruvananthapuram,Kerala,8.507409,76.842381,Private,19,5,6,Yes,Yes,Yes,No,No,Yes,Yes,Yes,97,Average,Good,Medium,Yes,Yes,No,No,No,Low,13,8100,31,285.9,1,1,2.8,2.7,11,Good,Yes,99.1,Excellent,Low
LOC0740,Nagpur Institute of Technology,College,Nagpur,Maharashtra,21.053347,79.003834,Public,12,12,3,Yes,Yes,No,No,No,No,Yes,No,91.4,Poor,Average,Medium,Yes,Yes,No,Yes,Yes,Low,28,3698,15,39.1,11,0,3.5,3.8,15,Poor,No,61.5,Average,Medium
LOC0741,Kanpur District Office,Government Office,Kanpur,Uttar Pradesh,26.405236,80.190893,Public,40,16,2,No,Yes,Yes,No,No,Yes,No,Yes,94.4,Average,Average,Medium,Yes,No,Yes,Yes,Yes,Low,7,4891,18,38.5,19,2,3.5,3.1,16,Poor,Partial,68.6,Average,Medium
LOC0742,Mysuru Temple Complex,Tourist Attraction,Mysuru,Karnataka,12.391586,76.628498,Public,198,45,1,Yes,Yes,Yes,No,No,No,No,Yes,93.7,Good,Average,Low,Yes,No,No,No,No,High,23,2634,5,21.5,22,5,1,1.1,17,Poor,Partial,48.2,Poor,High
LOC0743,Thane Domestic Airport,Airport,Thane,Maharashtra,19.252698,73.029703,Public,7,2,5,Yes,Yes,Yes,No,No,No,No,Yes,99.7,Average,Poor,High,Yes,Yes,No,Yes,Yes,Medium,10,14074,62,165.6,4,2,4.1,4.6,10,Good,Partial,85,Good,Low
LOC0744,Patna Bus Stand,Bus Stop,Patna,Bihar,25.448674,85.273241,Public,14,14,1,No,No,Yes,No,No,No,No,No,86.4,Average,Average,Medium,Yes,No,No,Yes,No,Medium,13,408,,9.9,28,7,1.8,1.5,0,NA,Yes,44.8,Poor,High
LOC0745,Indore City Centre Mall,Mall,Indore,Madhya Pradesh,22.604155,75.899042,Private,17,12,4,Yes,Yes,Yes,Yes,No,Yes,Yes,Yes,98.6,Average,Good,Medium,Yes,Yes,No,No,No,High,6,8045,30,129.8,9,3,3.8,3.7,8,Average,Yes,98.9,Excellent,Medium
LOC0746,Nashik Plaza Mall,Mall,Nashik,Maharashtra,20.069003,73.852164,Private,9,9,2,Yes,Yes,Yes,No,Yes,Yes,Yes,Yes,100.6,Good,Poor,High,Yes,Yes,Yes,No,Yes,Medium,24,8363,31,180.4,10,1,4.9,4.9,12,Average,Partial,100,Excellent,Low
LOC0747,Chandigarh Bus Stand,Bus Stop,Chandigarh,Chandigarh,30.738008,76.834091,Private,13,13,1,No,No,No,No,No,Yes,No,Yes,79.9,Average,Average,Medium,Yes,No,No,Yes,No,Low,14,410,4,11.9,26,5,2.6,2.9,21,NA,Partial,47.1,Poor,High
LOC0748,Coimbatore Junction,Railway Station,Coimbatore,Tamil Nadu,10.939256,76.851009,Public,75,29,1,No,Yes,Yes,Yes,No,No,No,No,85,Poor,Good,Medium,Yes,No,Yes,Yes,Yes,High,16,17567,67,100.2,12,6,3.1,3,2,Average,No,48.2,Poor,High
LOC0749,Mysuru Bus Stand,Bus Stop,Mysuru,Karnataka,12.170792,76.656216,Public,22,4,1,No,No,No,Yes,No,Yes,No,No,69.1,Average,Good,Low,Yes,No,No,Yes,No,High,10,1394,4,10.5,10,7,2.6,2.7,8,NA,No,35,Poor,High
LOC0750,Thane Central Park,Park,Thane,Maharashtra,19.293585,73.05051,Public,35,24,1,Yes,No,No,No,No,Yes,No,Yes,79.6,Poor,Average,Medium,Yes,No,No,Yes,No,High,14,999,3,16.9,19,4,2.8,2.6,14,NA,No,38.6,Poor,High
LOC0751,Nashik Grand Mall,Mall,Nashik,Maharashtra,19.925159,73.649798,Private,4,4,7,Yes,Yes,No,Yes,Yes,Yes,Yes,Yes,77.6,Average,Average,Medium,Yes,No,Yes,No,No,Medium,24,13526,53,151.8,10,2,3.5,3.2,23,Good,Partial,89.1,Good,Low
LOC0752,Kochi Domestic Airport,Airport,Kochi,Kerala,9.877414,76.415384,Public,23,16,6,Yes,Yes,Yes,No,No,Yes,Yes,Yes,92.8,Average,Poor,Medium,Yes,Yes,Yes,Yes,No,Low,19,18189,77,195.1,11,3,3,3,3,Average,Partial,81.4,Good,Medium
LOC0753,Guwahati Multispeciality Hospital,Hospital,Guwahati,Assam,26.016501,91.670299,Private,28,16,5,Yes,Yes,Yes,No,Yes,No,Yes,No,92.4,Good,Good,Low,Yes,No,No,No,Yes,Medium,13,1681,18,129.6,3,3,4.2,4.3,12,Good,Yes,92.9,Excellent,Medium
LOC0754,Patna Temple Complex,Tourist Attraction,Patna,Bihar,25.444175,85.11904,Public,105,20,1,No,Yes,No,No,No,Yes,No,Yes,70.8,Poor,Average,Low,No,No,No,No,Yes,Medium,16,2136,6,22.3,18,8,1.6,1.8,21,Poor,No,12.1,Poor,High
LOC0755,Nashik Railway Station,Railway Station,Nashik,Maharashtra,19.933752,73.816524,Public,75,19,1,No,No,No,No,No,No,No,Yes,69.6,Average,Average,Medium,Yes,No,No,Yes,No,Medium,35,12921,48,62,14,5,1.9,2,5,NA,Yes,37.6,Poor,High
LOC0756,Bhopal Institute of Technology,College,Bhopal,Madhya Pradesh,23.357284,77.422213,Private,54,17,3,Yes,No,Yes,No,No,Yes,No,Yes,101.8,Average,Good,Medium,Yes,No,No,Yes,Yes,High,10,1551,2,57,19,4,2.6,2.7,16,NA,Partial,64.5,Average,Medium
LOC0757,Thiruvananthapuram College of Engineering,College,Thiruvananthapuram,Kerala,8.604034,76.928196,Public,24,15,2,Yes,Yes,No,Yes,Yes,No,No,Yes,81.6,Poor,Average,Low,Yes,Yes,No,No,Yes,Low,38,4578,23,45.4,15,4,3.7,3.5,2,Poor,Partial,61.7,Average,High
LOC0758,Chandigarh Medical Center,Hospital,Chandigarh,Chandigarh,30.633072,76.668378,Public,7,3,6,Yes,Yes,Yes,No,No,No,Yes,Yes,100.3,Poor,Average,Medium,No,No,Yes,No,Yes,Medium,22,1406,11,105,12,1,3.1,3.5,16,Average,Yes,74.7,Average,Medium
LOC0759,Jaipur Institute of Technology,College,Jaipur,Rajasthan,26.785333,75.722053,Private,19,13,3,Yes,Yes,No,No,No,No,Yes,No,84.8,Good,Average,High,Yes,No,No,Yes,No,High,7,4178,14,58.6,16,4,3.8,3.8,7,Good,Yes,84.5,Good,Medium
LOC0760,Guwahati International Airport,Airport,Guwahati,Assam,26.292467,91.735645,Private,25,11,7,Yes,Yes,Yes,Yes,No,No,Yes,Yes,99.5,Poor,Average,High,Yes,No,No,Yes,Yes,Medium,42,18112,72,220.5,9,2,3.3,3.5,18,Good,Yes,91,Excellent,Low
LOC0761,Hyderabad Temple Complex,Tourist Attraction,Hyderabad,Telangana,17.494846,78.429262,Public,42,12,1,No,No,No,No,No,No,Yes,No,71.4,Average,Good,Low,Yes,Yes,Yes,Yes,No,High,2,1617,4,27,16,8,1.9,1.9,22,NA,Yes,33.8,Poor,High
LOC0762,Bengaluru Government College,College,Bengaluru,Karnataka,12.972606,77.645587,Public,56,15,3,Yes,No,No,No,No,Yes,No,No,72.1,Good,Good,Low,Yes,Yes,No,Yes,No,High,26,2201,4,39.9,17,6,3.5,4,12,NA,No,46.8,Poor,High
LOC0763,Kochi Domestic Airport,Airport,Kochi,Kerala,9.899236,76.191675,Public,28,18,4,Yes,Yes,Yes,Yes,No,No,Yes,No,90.3,Average,Average,Low,Yes,Yes,No,Yes,Yes,High,14,10568,42,158.1,10,6,3.5,3.6,2,Poor,Yes,74.4,Average,High
LOC0764,Bengaluru Central Park,Park,Bengaluru,Karnataka,13.010026,77.72768,Public,7,4,1,No,Yes,Yes,No,Yes,No,No,No,89.3,Good,Poor,Medium,Yes,Yes,No,No,Yes,Low,11,966,5,25.2,18,7,2.3,2.1,8,Poor,No,51.3,Poor,High
LOC0765,Bhopal Tehsil Office,Government Office,Bhopal,Madhya Pradesh,23.322947,77.469924,Public,71,15,3,No,No,Yes,Yes,No,Yes,No,Yes,90.2,Average,Good,Low,Yes,No,No,Yes,Yes,Low,30,4897,19,47.1,13,5,3.4,3.2,7,NA,No,55.8,Average,Medium
LOC0766,Patna Lake View Point,Tourist Attraction,Patna,Bihar,25.684149,85.075117,Public,86,20,1,No,Yes,No,No,No,Yes,No,Yes,71.3,Poor,Average,Low,Yes,No,No,No,Yes,Low,20,2752,12,32.7,22,9,1.7,1.6,18,Average,Partial,25.7,Poor,High
LOC0767,Delhi City Park,Park,Delhi,Delhi,28.786324,77.025744,Public,6,6,1,Yes,No,No,Yes,No,No,No,No,79.7,Good,Poor,High,No,Yes,No,Yes,Yes,Medium,5,2633,17,12.7,19,6,3.3,3.1,3,NA,Yes,71.3,Average,Medium
LOC0768,Udaipur Bus Depot,Bus Stop,Udaipur,Rajasthan,24.669539,73.749487,Public,20,18,1,No,No,No,No,No,No,No,No,71.2,Average,Poor,Medium,No,No,No,Yes,No,Medium,3,1160,5,13,19,7,3.8,3.5,10,NA,Partial,28.1,Poor,High
LOC0769,Indore Health Centre,Hospital,Indore,Madhya Pradesh,22.785319,75.943901,Public,29,18,4,Yes,Yes,No,No,Yes,No,Yes,Yes,88.3,Good,Average,Medium,Yes,No,No,Yes,Yes,Medium,12,4576,21,67.2,13,1,3.5,3.8,3,Poor,Yes,84.7,Good,Low
LOC0770,Patna Central Park,Park,Patna,Bihar,25.613942,85.042662,Public,8,8,1,No,No,Yes,No,Yes,No,No,No,83.6,Good,Average,High,Yes,No,Yes,Yes,Yes,High,11,2687,10,22.8,22,8,2.6,2.3,0,NA,Partial,61.9,Average,Medium
LOC0771,Jaipur Municipal Office,Government Office,Jaipur,Rajasthan,26.948227,75.930341,Public,19,8,2,Yes,Yes,No,No,Yes,No,No,No,84.2,Poor,Average,High,Yes,Yes,No,No,Yes,High,21,2671,8,28.7,23,8,2.4,2.6,16,Good,Partial,57.7,Average,High
LOC0772,Mumbai International Airport,Airport,Mumbai,Maharashtra,18.929394,72.906025,Public,3,3,3,Yes,No,Yes,Yes,Yes,Yes,Yes,Yes,92.1,Poor,Average,High,Yes,No,Yes,Yes,No,Medium,36,9897,45,198.4,5,1,3.7,3.5,1,NA,Yes,95.1,Excellent,Low
LOC0773,Guwahati Shopping Mall,Mall,Guwahati,Assam,26.121732,91.687911,Private,6,6,5,Yes,Yes,Yes,No,Yes,Yes,Yes,Yes,92.7,Good,Average,Low,Yes,Yes,No,No,Yes,High,29,6831,26,132.3,1,1,3.7,3.9,8,Average,Yes,96.9,Excellent,Medium
LOC0774,Kolkata Airport Terminal,Airport,Kolkata,West Bengal,22.454949,88.333896,Private,1,1,5,Yes,No,Yes,Yes,No,Yes,No,Yes,88.3,Poor,Average,Medium,Yes,No,Yes,No,Yes,High,7,8617,41,223.4,3,2,3.1,2.7,18,NA,Yes,69.5,Average,Medium
LOC0775,Pune District Office,Government Office,Pune,Maharashtra,18.427556,73.919961,Public,32,14,1,No,Yes,Yes,Yes,Yes,No,No,No,89.5,Average,Poor,High,Yes,No,Yes,Yes,Yes,Low,13,1491,3,24.5,23,3,3.4,3.2,22,Average,Yes,71.7,Average,Medium
LOC0776,Visakhapatnam Central Park,Park,Visakhapatnam,Andhra Pradesh,17.765181,83.181685,Public,31,20,1,Yes,No,Yes,Yes,No,No,No,Yes,96.5,Average,Good,Medium,No,Yes,No,No,Yes,High,16,1176,2,17.9,13,5,3.5,3.4,3,NA,Yes,76.8,Good,Medium
LOC0777,Mysuru Grand Mall,Mall,Mysuru,Karnataka,12.279182,76.694486,Private,23,3,5,No,Yes,Yes,Yes,No,Yes,Yes,Yes,89.7,Average,Poor,High,Yes,Yes,No,Yes,Yes,High,24,11780,49,178.8,14,7,3.8,4,7,Average,Yes,78.6,Good,Medium
LOC0778,Bengaluru Multispeciality Hospital,Hospital,Bengaluru,Karnataka,12.945955,77.636545,Public,23,18,7,Yes,Yes,No,No,Yes,Yes,Yes,Yes,81.3,Good,Good,High,Yes,Yes,Yes,No,Yes,High,31,2318,10,101,8,1,4.1,4.1,6,Average,Yes,100,Excellent,Low
LOC0779,Mysuru Airport Terminal,Airport,Mysuru,Karnataka,12.439587,76.621335,Public,6,1,3,Yes,Yes,Yes,No,Yes,Yes,Yes,Yes,94.3,Average,Good,High,Yes,Yes,Yes,No,Yes,High,40,5577,28,171,6,1,3.7,3.9,7,Good,Partial,100,Excellent,Low
LOC0780,Chennai Plaza Mall,Mall,Chennai,Tamil Nadu,13.032018,80.333718,Private,1,1,5,Yes,Yes,Yes,No,Yes,No,Yes,No,92.2,Good,Good,High,Yes,No,No,No,Yes,High,43,8377,33,162.7,5,0,3.6,3.6,3,Good,Yes,100,Excellent,Low
LOC0781,Udaipur Heritage Fort,Tourist Attraction,Udaipur,Rajasthan,24.448404,73.636747,Public,30,7,1,No,No,Yes,Yes,No,No,No,Yes,84.8,Average,Average,Low,No,No,No,Yes,No,Medium,18,2800,12,21.1,15,9,3.1,3.4,11,NA,No,36,Poor,High
LOC0782,Kanpur International Airport,Airport,Kanpur,Uttar Pradesh,26.527692,80.400085,Private,23,7,3,Yes,Yes,Yes,No,Yes,No,Yes,Yes,97.9,Poor,Good,Medium,Yes,Yes,Yes,Yes,Yes,Low,16,19401,74,248.9,5,1,3,2.9,4,Average,Yes,92.3,Excellent,Medium
LOC0783,Guwahati District Office,Government Office,Guwahati,Assam,26.06303,91.72122,Public,33,9,2,Yes,No,No,Yes,No,No,No,Yes,81.8,Average,Good,Medium,No,Yes,Yes,Yes,Yes,Medium,29,898,6,39.3,12,3,2.9,2.5,21,NA,Yes,70.9,Average,Medium
LOC0784,Thiruvananthapuram Bus Depot,Bus Stop,Thiruvananthapuram,Kerala,8.457911,76.809129,Public,8,8,1,No,No,No,No,No,No,No,No,75.7,Average,Good,Low,Yes,No,Yes,Yes,Yes,High,12,2248,7,18,16,8,2.6,2.4,21,NA,No,26.6,Poor,High
LOC0785,Nagpur Heritage Fort,Tourist Attraction,Nagpur,Maharashtra,21.201081,79.230854,Public,27,15,1,No,No,No,Yes,No,No,No,No,69,Poor,Average,Low,Yes,No,Yes,Yes,Yes,Low,17,847,2,12.5,16,10,2.4,2.2,2,NA,Partial,28.6,Poor,High
LOC0786,Nagpur Health Centre,Hospital,Nagpur,Maharashtra,21.25565,79.135154,Public,27,16,2,Yes,No,Yes,Yes,Yes,No,No,Yes,95.6,Poor,Good,Medium,Yes,No,Yes,Yes,No,High,32,730,5,56.7,21,2,4.4,4.7,4,NA,Yes,77.4,Good,Medium
LOC0787,Nashik Institute of Technology,College,Nashik,Maharashtra,20.118972,73.894013,Public,39,17,3,Yes,No,No,No,No,Yes,No,Yes,85.1,Average,Average,Medium,No,No,Yes,No,Yes,Low,23,4761,19,37.1,16,3,2.2,1.9,10,NA,No,50.8,Poor,Medium
LOC0788,Chandigarh Bus Stand,Bus Stop,Chandigarh,Chandigarh,30.85825,76.841296,Public,28,15,1,No,No,No,No,No,No,No,No,85,Average,Poor,Medium,Yes,No,No,Yes,No,High,4,2130,12,13.8,21,8,3.1,3.3,10,NA,Partial,26.2,Poor,High
LOC0789,Bengaluru Central Station,Railway Station,Bengaluru,Karnataka,12.982959,77.703027,Public,86,32,2,Yes,No,Yes,No,No,No,No,Yes,91.8,Poor,Average,Low,Yes,No,No,Yes,No,High,33,15011,52,109.2,15,6,2.4,2.6,7,NA,Yes,38.9,Poor,High
LOC0790,Delhi Tehsil Office,Government Office,Delhi,Delhi,28.785083,76.979675,Public,56,13,3,No,No,Yes,Yes,No,Yes,No,No,83.6,Poor,Average,High,Yes,No,No,Yes,Yes,High,22,2129,10,43.7,10,5,2.6,3.2,20,NA,No,43.3,Poor,High
LOC0791,Kochi Domestic Airport,Airport,Kochi,Kerala,9.994509,76.245666,Private,30,12,4,Yes,Yes,Yes,Yes,Yes,No,Yes,Yes,90.1,Poor,Average,Low,Yes,No,No,No,Yes,Low,25,4674,24,217.1,10,6,2.6,2.5,8,Good,Partial,73.1,Average,High
LOC0792,Thiruvananthapuram Public Garden,Park,Thiruvananthapuram,Kerala,8.605277,76.899516,Public,13,2,1,Yes,No,No,No,No,No,No,No,78.3,Average,Poor,Medium,Yes,No,Yes,No,Yes,Low,7,2159,6,19.9,26,4,1.4,1.6,18,NA,No,33.2,Poor,High
LOC0793,Bengaluru General Hospital,Hospital,Bengaluru,Karnataka,13.04406,77.533187,Public,44,18,6,Yes,No,Yes,Yes,Yes,Yes,Yes,Yes,99.5,Poor,Average,Medium,Yes,No,Yes,Yes,No,High,16,622,3,107.3,8,2,2.9,2.7,5,NA,Partial,74.2,Average,Medium
LOC0794,Indore Grand Mall,Mall,Indore,Madhya Pradesh,22.724835,75.870325,Private,19,12,5,Yes,Yes,No,Yes,No,Yes,Yes,No,81.8,Good,Poor,High,Yes,Yes,No,Yes,Yes,Medium,19,10843,46,146.4,9,0,4.1,3.8,18,Average,Yes,96.5,Excellent,Low
LOC0795,Kanpur Railway Station,Railway Station,Kanpur,Uttar Pradesh,26.50844,80.184009,Public,70,23,1,Yes,No,No,No,No,No,No,Yes,84.7,Average,Poor,Medium,No,No,No,Yes,No,Low,18,16339,66,108.5,12,5,2.2,2.3,0,NA,No,34,Poor,High
LOC0796,Coimbatore International Airport,Airport,Coimbatore,Tamil Nadu,11.019924,76.874739,Public,17,2,7,Yes,Yes,Yes,Yes,No,No,Yes,Yes,89.7,Poor,Good,Medium,No,No,No,No,Yes,Medium,20,14116,63,225.1,1,0,4.5,4.8,0,Good,Yes,91.3,Excellent,Medium
LOC0797,Chandigarh General Hospital,Hospital,Chandigarh,Chandigarh,30.602195,76.907916,Public,6,6,4,Yes,Yes,Yes,Yes,No,Yes,No,Yes,92.2,Poor,Poor,Medium,Yes,Yes,No,Yes,Yes,Low,36,4748,26,83.8,6,1,3,3.1,2,Good,Partial,83.5,Good,Medium
LOC0798,Kanpur Railway Station,Railway Station,Kanpur,Uttar Pradesh,26.527949,80.410555,Public,53,22,2,No,Yes,No,Yes,No,Yes,Yes,Yes,77.3,Average,Average,Low,Yes,Yes,Yes,Yes,Yes,Medium,31,10863,47,127.6,4,2,3,2.6,1,Average,Partial,69.4,Average,Medium
LOC0799,Nagpur Junction,Railway Station,Nagpur,Maharashtra,21.177423,79.114754,Public,11,11,1,No,No,Yes,Yes,No,No,No,No,94.2,Poor,Average,Medium,No,Yes,No,Yes,Yes,High,12,18105,71,115.9,7,6,2.5,2.4,13,NA,Yes,51.7,Poor,High
LOC0800,Mumbai Plaza Mall,Mall,Mumbai,Maharashtra,19.136206,72.784433,Private,23,8,7,Yes,No,No,Yes,No,No,Yes,No,85.4,Average,Poor,Medium,Yes,Yes,No,Yes,Yes,Low,14,17175,71,159.4,10,3,2.6,2.7,3,NA,Partial,61.4,Average,Medium
LOC0801,Bhopal Plaza Mall,Mall,Bhopal,Madhya Pradesh,23.233764,77.488433,Private,7,2,5,No,Yes,Yes,Yes,No,No,Yes,No,82.2,Average,Good,Medium,Yes,Yes,Yes,Yes,No,Medium,37,14828,59,148.8,2,2,4.2,4,10,Average,Partial,83.6,Good,Low
LOC0802,Patna District Office,Government Office,Patna,Bihar,25.623257,85.0727,Public,36,19,2,No,No,No,Yes,No,No,No,No,71.2,Average,Poor,Medium,No,Yes,No,Yes,Yes,Low,8,1103,6,27.5,21,5,3.5,3.8,5,NA,No,35.4,Poor,High
LOC0803,Coimbatore International Airport,Airport,Coimbatore,Tamil Nadu,10.990623,76.884486,Public,16,5,7,No,Yes,No,Yes,Yes,Yes,No,No,73.4,Poor,Good,Medium,Yes,No,No,Yes,Yes,Medium,6,5154,24,217,4,1,4,4.2,13,Good,Partial,71.2,Average,Medium
LOC0804,Thiruvananthapuram Public Garden,Park,Thiruvananthapuram,Kerala,8.474673,76.99445,Private,30,18,1,Yes,No,Yes,No,No,No,Yes,Yes,94.1,Average,Average,Low,No,No,No,Yes,No,Medium,12,736,4,23,12,0,2.8,2.8,7,NA,Yes,63.4,Average,Medium
LOC0805,Coimbatore Heritage Fort,Tourist Attraction,Coimbatore,Tamil Nadu,10.911004,77.050898,Public,191,39,1,No,No,No,No,No,No,No,Yes,70.6,Good,Poor,Low,Yes,No,Yes,No,No,Medium,19,1766,2,31.1,23,12,1.3,1.1,1,NA,Partial,16.2,Poor,High
LOC0806,Kochi Tehsil Office,Government Office,Kochi,Kerala,10.008727,76.154091,Public,45,15,2,Yes,No,No,No,No,Yes,No,No,77.4,Good,Poor,High,Yes,Yes,No,Yes,Yes,High,30,2753,3,36,21,4,2.7,2.3,21,NA,Partial,57.6,Average,Medium
LOC0807,Hyderabad Airport Terminal,Airport,Hyderabad,Telangana,17.434615,78.574076,Public,27,20,7,No,No,Yes,Yes,Yes,Yes,Yes,Yes,91.9,Average,Good,High,Yes,No,Yes,No,Yes,Low,20,6961,29,142.7,7,1,3.6,3.6,3,NA,No,87.1,Good,Low
LOC0808,Jaipur Botanical Garden,Tourist Attraction,Jaipur,Rajasthan,27.025679,75.894029,Public,61,27,1,No,No,No,No,Yes,Yes,No,Yes,72.5,Average,Poor,High,Yes,Yes,No,Yes,Yes,High,22,2339,3,25.7,,10,2,2.1,14,NA,Partial,36.8,Poor,High
LOC0809,Kolkata City Hospital,Hospital,Kolkata,West Bengal,22.558612,88.23395,Public,59,17,7,No,Yes,Yes,No,No,Yes,No,Yes,88.7,Average,Average,Low,Yes,No,No,Yes,Yes,High,33,1272,5,62.1,19,10,2.8,3.2,12,Average,Yes,48.4,Poor,High
LOC0810,Kanpur Central Station,Railway Station,Kanpur,Uttar Pradesh,26.404188,80.320969,Public,13,11,2,No,Yes,Yes,Yes,Yes,No,No,Yes,88.3,Average,Good,Low,No,Yes,No,Yes,Yes,High,22,18169,75,104.4,15,7,3.1,3.5,8,Poor,Partial,60.1,Average,High
LOC0811,Surat Botanical Garden,Tourist Attraction,Surat,Gujarat,21.080801,72.793607,Public,67,30,1,No,No,Yes,No,No,Yes,No,No,81.6,Good,Good,Medium,Yes,No,No,Yes,Yes,Low,17,605,5,23.8,14,6,1.5,1.2,11,NA,Partial,56.9,Average,Medium
LOC0812,Kolkata Bus Depot,Bus Stop,Kolkata,West Bengal,22.445502,88.223427,Public,4,4,1,Yes,No,No,No,No,Yes,Yes,No,82.7,Poor,Average,Low,Yes,No,No,Yes,No,High,16,528,2,12.3,17,6,2.4,2.1,16,NA,Partial,37.6,Poor,High
LOC0813,Hyderabad Domestic Airport,Airport,Hyderabad,Telangana,17.319265,78.63506,Public,16,3,4,Yes,Yes,Yes,Yes,No,No,Yes,No,89.8,Good,Good,High,No,Yes,Yes,No,Yes,Medium,9,10810,51,233.9,1,1,3.7,4.5,4,Average,Yes,100,Excellent,Low
LOC0814,Kanpur Bus Depot,Bus Stop,Kanpur,Uttar Pradesh,26.522677,80.370846,Public,26,8,1,Yes,No,No,No,Yes,No,Yes,No,86.9,Poor,Average,Low,No,No,No,Yes,No,Low,12,1502,11,15.4,23,11,1.9,1.9,22,NA,Yes,34.3,Poor,High
LOC0815,Pune Railway Station,Railway Station,Pune,Maharashtra,18.662722,73.918524,Public,63,19,2,Yes,No,Yes,No,Yes,No,No,Yes,78.2,Poor,Average,Medium,No,No,No,No,Yes,High,12,16616,63,123.4,11,5,2.2,2.7,21,NA,Partial,41.6,Poor,High
LOC0816,Delhi Grand Mall,Mall,Delhi,Delhi,28.569847,77.075315,Private,7,7,3,Yes,Yes,Yes,Yes,Yes,Yes,No,Yes,90.5,Poor,Average,High,Yes,Yes,No,Yes,Yes,Low,12,4247,9,117.9,8,2,3.9,4,6,Average,Yes,100,Excellent,Low
LOC0817,Kanpur Medical Center,Hospital,Kanpur,Uttar Pradesh,26.471026,80.303987,Public,22,13,7,No,Yes,No,No,Yes,No,Yes,Yes,70.9,Good,Average,Medium,No,Yes,No,Yes,Yes,Low,7,2791,14,87.6,17,3,3.5,3,22,Poor,Yes,71.3,Average,Medium
LOC0818,Thane Tehsil Office,Government Office,Thane,Maharashtra,19.216541,73.112881,Public,59,26,1,No,No,No,No,No,No,No,No,77.9,Average,Poor,Medium,Yes,No,No,Yes,Yes,High,6,2894,15,31.7,16,4,2.7,3,18,NA,No,20.5,Poor,High
LOC0819,Hyderabad Junction,Railway Station,Hyderabad,Telangana,17.398231,78.338465,Public,83,22,2,No,Yes,No,No,No,Yes,Yes,No,,Poor,Poor,Low,Yes,No,No,Yes,Yes,High,26,17384,62,105,12,5,2,2.1,16,Poor,Partial,17.3,Poor,High
LOC0820,Jaipur City Hospital,Hospital,Jaipur,Rajasthan,27.044673,75.741342,Public,9,9,6,No,Yes,Yes,No,No,Yes,No,Yes,92.6,Good,Average,Medium,Yes,No,No,No,Yes,Medium,33,1633,16,61.8,14,0,2.7,1.9,20,Good,Yes,84.7,Good,Low
LOC0821,Guwahati International Airport,Airport,Guwahati,Assam,26.073289,91.631552,Public,20,3,3,No,Yes,Yes,Yes,No,Yes,Yes,No,85.4,Good,Good,Medium,No,No,No,No,Yes,Medium,16,17844,76,161.7,3,2,3.2,3.3,13,Good,Yes,92.3,Excellent,Low
LOC0822,Chennai City Park,Park,Chennai,Tamil Nadu,13.045402,80.297233,Public,20,20,1,No,Yes,No,No,No,No,No,No,82.7,Average,Poor,Medium,No,No,No,Yes,Yes,Medium,11,897,2,15.1,19,4,3.1,2.6,17,Poor,No,30.9,Poor,High
LOC0823,Kanpur Tehsil Office,Government Office,Kanpur,Uttar Pradesh,26.598171,80.254346,Public,76,30,3,Yes,No,No,No,No,No,No,No,89.1,Good,Average,Medium,No,Yes,Yes,Yes,Yes,Low,23,2897,9,41.6,24,11,1.7,1.6,14,NA,No,42.3,Poor,High
LOC0824,Lucknow Bus Depot,Bus Stop,Lucknow,Uttar Pradesh,26.819696,80.914638,Public,19,7,1,Yes,No,No,No,No,No,No,No,81.8,Average,Average,Medium,No,No,No,Yes,No,High,13,2925,10,14.6,24,14,2.5,2.3,7,NA,Partial,35.4,Poor,High
LOC0825,Patna Heritage Fort,Tourist Attraction,Patna,Bihar,25.489802,85.211037,Public,179,46,1,No,No,Yes,No,No,No,No,Yes,78.1,Poor,Poor,Low,No,Yes,No,Yes,Yes,Low,8,2859,11,21.6,12,6,1,1,23,NA,No,8.9,Poor,High
LOC0826,Chennai Heritage Fort,Tourist Attraction,Chennai,Tamil Nadu,13.106697,80.283889,Public,94,23,1,No,No,No,No,Yes,No,No,No,69.7,Poor,Good,High,No,No,No,No,Yes,Low,11,1739,6,36.6,29,10,2.5,2.4,1,NA,No,25.5,Poor,High
LOC0827,Coimbatore Public Garden,Park,Coimbatore,Tamil Nadu,11.008358,76.845839,Public,42,11,1,No,No,Yes,No,No,Yes,No,No,91,Poor,Good,Low,No,No,No,No,Yes,Medium,18,2401,6,22.3,11,3,3.1,3.4,7,NA,Yes,45.9,Poor,High
LOC0828,Kochi Multispeciality Hospital,Hospital,Kochi,Kerala,9.787641,76.244409,Private,3,3,2,Yes,No,Yes,Yes,Yes,Yes,No,No,85.4,Poor,Average,High,Yes,No,No,Yes,No,Low,20,4529,32,150,9,1,4.1,3.9,12,NA,Yes,83.6,Good,Low
LOC0829,Nashik College of Engineering,College,Nashik,Maharashtra,20.018607,73.645916,Public,33,9,2,Yes,No,Yes,Yes,Yes,No,Yes,No,94.6,Poor,Poor,Low,Yes,No,No,No,Yes,Low,29,4981,26,33.3,17,4,2.9,2.7,20,NA,Partial,49.5,Poor,High
LOC0830,Hyderabad Degree College,College,Hyderabad,Telangana,17.310435,78.591472,Public,39,17,1,Yes,Yes,No,Yes,No,No,No,No,80,Poor,Average,Low,Yes,Yes,No,Yes,Yes,High,29,1082,7,39.5,17,6,2.8,2.9,5,Good,Yes,55.8,Average,High
LOC0831,Patna City Hospital,Hospital,Patna,Bihar,25.642134,85.019065,Public,58,17,7,Yes,Yes,No,Yes,No,No,No,No,80.3,Poor,Poor,Medium,Yes,No,No,No,Yes,Low,19,3069,14,94.8,10,4,2.4,2.1,10,Average,Yes,52.3,Poor,High
LOC0832,Chennai City Bus Stop,Bus Stop,Chennai,Tamil Nadu,12.972456,80.174834,Public,6,6,1,No,No,No,No,No,No,No,No,81.3,Good,Poor,Medium,Yes,No,No,Yes,No,Low,14,2875,15,,15,0,3.1,3.1,11,NA,No,42.4,Poor,High
LOC0833,Thane Lake View Point,Tourist Attraction,Thane,Maharashtra,19.141182,72.955966,Public,181,48,1,No,No,No,No,No,Yes,Yes,No,62.8,Poor,Average,Medium,Yes,No,No,Yes,No,Low,10,615,7,17.1,19,3,2.4,2.3,10,NA,Partial,34,Poor,High
LOC0834,Surat Bus Depot,Bus Stop,Surat,Gujarat,21.129335,72.832855,Public,16,16,1,No,No,No,No,No,No,No,No,70.7,Average,Good,Low,Yes,No,No,Yes,No,High,7,1320,2,11.3,18,4,2.3,1.9,23,NA,No,21.6,Poor,High
LOC0835,Kochi Medical Center,Hospital,Kochi,Kerala,10.002881,76.279473,Public,25,19,7,Yes,Yes,No,No,Yes,No,No,Yes,79.7,Good,Good,Medium,Yes,No,No,No,Yes,Medium,30,1945,11,90,14,0,3.7,3.6,12,Good,Partial,86.5,Good,Low
LOC0836,Ahmedabad Domestic Airport,Airport,Ahmedabad,Gujarat,23.014606,72.602432,Public,7,7,4,Yes,Yes,No,No,Yes,Yes,Yes,Yes,71,Good,Good,Low,Yes,Yes,No,Yes,No,Medium,8,11326,55,220,6,1,3.6,3.8,18,Average,Partial,85.3,Good,Medium
LOC0837,Mumbai City Hospital,Hospital,Mumbai,Maharashtra,18.965724,72.906843,Private,30,14,2,Yes,Yes,Yes,Yes,Yes,Yes,No,Yes,95.7,Good,Average,Medium,Yes,Yes,No,No,Yes,Medium,19,1645,13,68.9,11,1,3.5,3.7,23,Good,Yes,100,Excellent,Low
LOC0838,Nashik Domestic Airport,Airport,Nashik,Maharashtra,20.052181,73.681214,Private,10,2,7,Yes,Yes,Yes,Yes,Yes,Yes,Yes,Yes,97.7,Good,Poor,High,Yes,Yes,No,Yes,Yes,Medium,24,14829,63,201.7,11,1,3.5,3.7,16,Good,No,100,Excellent,Low
LOC0839,Jaipur Junction,Railway Station,Jaipur,Rajasthan,26.779007,75.69283,Public,62,27,1,Yes,Yes,Yes,Yes,Yes,Yes,Yes,Yes,100.2,Poor,Average,Low,Yes,Yes,No,Yes,No,Medium,16,7706,35,86.9,9,4,2.8,2.8,22,Poor,Partial,69.5,Average,High
LOC0840,Bhopal Airport Terminal,Airport,Bhopal,Madhya Pradesh,23.14048,77.3685,Private,29,11,6,Yes,No,Yes,No,Yes,No,No,Yes,93.9,Average,Poor,Medium,No,Yes,No,Yes,Yes,Low,35,15257,63,189.6,6,0,3.1,3.3,20,NA,Yes,69.8,Average,Medium
LOC0841,Surat Lake View Point,Tourist Attraction,Surat,Gujarat,21.037126,72.711018,Private,143,34,1,Yes,No,No,No,No,Yes,No,Yes,75.9,Poor,Average,Low,No,No,No,Yes,Yes,High,23,1266,2,27.7,16,12,1.4,1.3,1,NA,No,17.1,Poor,High
LOC0842,Mysuru General Hospital,Hospital,Mysuru,Karnataka,12.390144,76.779899,Private,47,20,7,Yes,Yes,No,No,Yes,Yes,No,Yes,75.8,Average,Good,High,No,No,Yes,Yes,Yes,Medium,9,4649,25,90.1,3,3,3,2.7,8,Average,No,77.2,Good,Low
LOC0843,Nashik Municipal Office,Government Office,Nashik,Maharashtra,19.960844,73.667282,Public,67,14,3,No,No,Yes,No,No,No,No,Yes,84.4,Poor,Good,Low,No,Yes,No,Yes,Yes,Low,33,3867,12,33.6,17,7,2.5,2.4,7,NA,Partial,34.3,Poor,High
LOC0844,Lucknow Green Park,Park,Lucknow,Uttar Pradesh,26.985648,80.831653,Private,45,16,1,Yes,Yes,No,No,No,No,No,No,90.8,Poor,Good,Medium,Yes,No,No,No,Yes,Low,7,325,2,12.2,16,1,1.9,2.1,3,Good,Partial,62.5,Average,Medium
LOC0845,Nashik Railway Station,Railway Station,Nashik,Maharashtra,19.877049,73.644162,Public,53,22,3,Yes,Yes,No,Yes,No,No,Yes,No,78.9,Good,Average,High,No,Yes,No,Yes,Yes,High,33,15786,57,85,14,6,1.8,1.6,2,Good,Partial,80.4,Good,Medium
LOC0846,Kanpur College of Engineering,College,Kanpur,Uttar Pradesh,26.369509,80.361647,Public,23,5,3,Yes,Yes,Yes,No,No,Yes,Yes,No,86.8,Good,Average,High,No,No,Yes,No,No,High,31,4241,22,60,7,1,3.2,3.3,16,Good,Partial,88.8,Good,Low
LOC0847,Visakhapatnam Tehsil Office,Government Office,Visakhapatnam,Andhra Pradesh,17.558611,83.074484,Public,72,19,2,No,No,Yes,No,No,No,No,Yes,79.1,Poor,Good,High,Yes,No,Yes,Yes,No,Low,36,4463,18,58.1,6,5,3.7,3.9,21,NA,Yes,55.6,Average,Medium
LOC0848,Patna Grand Mall,Mall,Patna,Bihar,25.601792,85.221692,Public,9,9,2,Yes,Yes,Yes,Yes,Yes,Yes,Yes,Yes,96.3,Good,Good,Low,Yes,Yes,No,Yes,Yes,High,6,10960,45,111.5,10,2,2.2,2.6,1,Average,Yes,100,Excellent,Medium
LOC0849,Lucknow Grand Mall,Mall,Lucknow,Uttar Pradesh,26.938248,80.983977,Public,10,10,3,Yes,Yes,Yes,No,No,No,No,Yes,87.6,Average,Poor,Medium,Yes,Yes,No,Yes,No,Low,30,8088,26,134.9,10,3,3.7,3.6,20,Good,No,64.8,Average,Medium
LOC0850,Pune Central Park,Park,Pune,Maharashtra,18.525661,73.823994,Public,30,12,1,No,Yes,Yes,Yes,No,No,No,Yes,82.5,Poor,Average,Medium,Yes,Yes,Yes,No,Yes,Low,2,1859,7,26.3,15,1,1.2,1.2,4,Poor,No,51.2,Poor,High
LOC0851,Visakhapatnam Public Garden,Park,Visakhapatnam,Andhra Pradesh,17.674333,83.158626,Public,2,2,1,No,Yes,No,No,Yes,No,No,No,78.4,Average,Poor,Medium,Yes,No,Yes,No,No,Medium,19,2940,7,18.6,17,3,2.4,2.3,5,Poor,Yes,47.8,Poor,High
LOC0852,Udaipur Junction,Railway Station,Udaipur,Rajasthan,24.477362,73.655619,Public,31,10,1,Yes,No,Yes,No,No,No,Yes,No,98.6,Poor,Average,Medium,Yes,No,No,Yes,No,Medium,40,5239,25,77.8,19,5,2.9,2.8,11,NA,Yes,56.9,Average,Medium
LOC0853,Chandigarh Temple Complex,Tourist Attraction,Chandigarh,Chandigarh,30.871147,76.922023,Public,116,38,1,No,No,No,Yes,No,No,No,No,72.3,Poor,Poor,Low,No,No,No,No,No,Low,4,2032,6,22.3,15,4,1.5,1.1,10,NA,Yes,13.6,Poor,High
LOC0854,Mysuru Airport Terminal,Airport,Mysuru,Karnataka,12.427553,76.57444,Public,29,17,6,Yes,Yes,Yes,No,Yes,Yes,No,Yes,95.9,Average,Average,Medium,Yes,No,Yes,Yes,Yes,High,39,12402,55,125.6,14,5,3.2,3.3,1,Good,Yes,88.2,Good,Medium
LOC0855,Indore Heritage Fort,Tourist Attraction,Indore,Madhya Pradesh,22.69047,75.886514,Public,19,18,1,No,No,No,Yes,Yes,No,No,No,70,Poor,Poor,Medium,Yes,No,No,Yes,No,Low,4,1430,14,22.2,19,3,2.4,2.3,2,NA,Partial,35.4,Poor,High
LOC0856,Chennai Medical Center,Hospital,Chennai,Tamil Nadu,12.947613,80.232178,Private,39,20,5,Yes,No,Yes,Yes,No,Yes,No,Yes,96.8,Poor,Good,Medium,Yes,No,No,Yes,Yes,Low,24,2430,13,98.9,17,3,2.7,2.7,15,NA,Yes,75.4,Good,Medium
LOC0857,Ahmedabad International Airport,Airport,Ahmedabad,Gujarat,22.944948,72.626447,Public,23,6,4,Yes,Yes,Yes,No,Yes,Yes,No,No,94,Poor,Good,Medium,Yes,No,No,Yes,Yes,Low,19,9233,50,176.3,10,1,2.3,1.7,7,Good,Partial,81.5,Good,Medium
LOC0858,Jaipur Government College,College,Jaipur,Rajasthan,26.808183,75.858563,Public,14,14,1,Yes,Yes,Yes,Yes,No,Yes,No,No,98.9,Poor,Good,Medium,Yes,Yes,No,No,Yes,Low,11,586,2,28,19,2,2.7,2.1,13,Poor,Partial,77.9,Good,Medium
LOC0859,Jaipur Bus Stand,Bus Stop,Jaipur,Rajasthan,27.058374,75.653026,Public,37,17,1,No,No,No,Yes,No,Yes,No,No,80.3,Good,Poor,High,No,No,Yes,Yes,No,Medium,11,662,3,10.7,17,6,3,3,16,NA,Partial,54.9,Poor,High
LOC0860,Chennai Airport Terminal,Airport,Chennai,Tamil Nadu,13.186108,80.180364,Public,16,16,4,Yes,No,Yes,No,No,Yes,No,Yes,91.4,Average,Good,High,Yes,Yes,No,Yes,No,High,23,12579,61,243.6,10,9,3,3.7,14,NA,Yes,78.3,Good,Medium
LOC0861,Guwahati Collectorate Office,Government Office,Guwahati,Assam,26.254932,91.765076,Public,43,26,2,Yes,No,No,No,No,No,Yes,No,82.3,Poor,Good,High,No,No,No,Yes,No,Low,24,4541,17,42.9,16,4,1.7,2.1,8,NA,Partial,50.9,Poor,High
LOC0862,Nashik Junction,Railway Station,Nashik,Maharashtra,19.86699,73.745706,Public,79,16,3,Yes,No,No,No,No,No,No,No,86.1,Average,Poor,Low,Yes,No,No,Yes,No,High,9,6026,28,38.3,14,4,2.3,2.4,3,NA,No,19.5,Poor,High
LOC0863,Bhopal Collectorate Office,Government Office,Bhopal,Madhya Pradesh,23.214912,77.305691,Private,59,13,3,Yes,No,Yes,No,Yes,No,No,No,79.1,Average,Average,Low,Yes,No,No,Yes,No,Low,33,2536,17,40.5,19,0,3.4,3.5,15,NA,Yes,57.3,Average,Medium
LOC0864,Nagpur Domestic Airport,Airport,Nagpur,Maharashtra,21.050647,79.123504,Private,22,4,6,Yes,Yes,Yes,No,Yes,Yes,No,Yes,90.6,Good,Average,Low,Yes,No,No,No,Yes,Low,18,13558,58,177.1,5,2,4.4,4.6,11,Good,Yes,96.7,Excellent,Medium
LOC0865,Nagpur Lake View Point,Tourist Attraction,Nagpur,Maharashtra,21.175106,79.158394,Public,35,6,1,No,No,Yes,Yes,No,No,No,Yes,86.6,Poor,Good,Low,No,No,No,Yes,Yes,Medium,11,814,3,16.4,17,5,3.4,3.3,21,NA,No,35.4,Poor,High
LOC0866,Hyderabad Government College,College,Hyderabad,Telangana,17.374281,78.575917,Public,40,7,2,Yes,No,No,Yes,No,No,No,No,80.4,Average,Poor,Medium,Yes,No,No,Yes,Yes,Medium,10,4761,14,27.4,16,5,2.3,2.2,3,NA,No,41.4,Poor,High
LOC0867,Kanpur International Airport,Airport,Kanpur,Uttar Pradesh,26.568162,80.302002,Private,6,6,3,Yes,Yes,Yes,Yes,No,Yes,No,Yes,102.7,Good,Good,Low,Yes,No,No,Yes,No,Low,25,18423,80,196.5,1,1,3.5,3.4,10,Average,Yes,100,Excellent,Medium
LOC0868,Nagpur Government College,College,Nagpur,Maharashtra,21.123982,79.188174,Public,34,15,1,No,Yes,Yes,Yes,No,Yes,No,Yes,82.6,Average,Good,High,Yes,No,Yes,No,Yes,Medium,15,1925,2,55.4,13,2,1.8,1.7,5,Good,Partial,83,Good,Low
LOC0869,Kochi Grand Mall,Mall,Kochi,Kerala,10.055162,76.180667,Private,2,2,3,Yes,Yes,No,Yes,No,Yes,No,No,73.9,Poor,Poor,High,Yes,Yes,No,No,No,Low,5,17017,65,151.1,7,0,3.6,4,0,Good,Yes,78.6,Good,Medium
LOC0870,Surat Degree College,College,Surat,Gujarat,21.189197,72.976779,Private,65,25,2,No,Yes,Yes,Yes,No,No,No,Yes,92.8,Poor,Average,Medium,Yes,No,No,Yes,Yes,Low,36,1347,11,50,16,2,3.4,3.6,6,Poor,Partial,60.5,Average,Medium
LOC0871,Indore Medical Center,Hospital,Indore,Madhya Pradesh,22.587295,75.989804,Public,33,8,6,Yes,No,Yes,No,No,No,No,Yes,99.3,Good,Good,Low,Yes,No,Yes,Yes,No,Medium,6,3193,13,53.7,20,3,3.8,3.8,13,NA,Partial,69.1,Average,Medium
LOC0872,Hyderabad Railway Station,Railway Station,Hyderabad,Telangana,17.456982,78.527529,Public,53,8,2,No,Yes,Yes,Yes,No,No,No,Yes,81,Good,Good,High,Yes,Yes,No,Yes,Yes,Medium,7,19703,84,132.4,18,12,2.8,2.9,5,Good,No,75.6,Good,Medium
LOC0873,Bengaluru Plaza Mall,Mall,Bengaluru,Karnataka,12.853991,77.683237,Private,5,5,4,Yes,Yes,Yes,Yes,No,Yes,No,Yes,89.9,Average,Poor,Medium,Yes,Yes,Yes,No,No,Medium,29,12833,59,174.1,9,2,2.1,2.3,4,Good,Partial,79.8,Good,Medium
LOC0874,Bengaluru District Office,Government Office,Bengaluru,Karnataka,13.048905,77.469038,Public,22,16,2,Yes,No,Yes,Yes,No,No,No,No,88,Good,Good,Medium,Yes,No,No,Yes,Yes,Low,11,4922,19,44.1,17,5,2.4,2.2,4,NA,Partial,76.1,Good,Medium
LOC0875,Nagpur Central Station,Railway Station,Nagpur,Maharashtra,21.170398,79.156362,Public,84,33,3,No,Yes,Yes,Yes,Yes,No,No,No,75.3,Poor,Poor,High,Yes,No,No,Yes,Yes,Low,28,12810,52,85.3,19,5,2.4,2.6,14,Average,No,44.7,Poor,High
LOC0876,Surat Bus Stand,Bus Stop,Surat,Gujarat,21.159062,72.895526,Public,2,2,1,No,No,Yes,No,No,No,No,No,83.3,Average,Average,Low,No,No,No,Yes,No,Low,22,2858,12,20.1,17,5,2.8,2.5,6,NA,Partial,39.3,Poor,High
LOC0877,Thiruvananthapuram Airport Terminal,Airport,Thiruvananthapuram,Kerala,8.37782,77.000242,Private,23,6,3,Yes,Yes,Yes,Yes,Yes,No,No,Yes,89.3,Poor,Average,Medium,Yes,Yes,No,Yes,Yes,High,15,6403,30,196.1,4,3,4.2,4.2,21,Poor,Partial,72.4,Average,Medium
LOC0878,Surat Multispeciality Hospital,Hospital,Surat,Gujarat,21.257512,72.975168,Public,19,9,2,Yes,Yes,No,Yes,No,Yes,No,No,76,Average,Average,High,Yes,Yes,Yes,No,No,High,26,1395,4,94.3,11,3,3.2,3.1,12,Average,Partial,79.5,Good,Low
LOC0879,Delhi Multispeciality Hospital,Hospital,Delhi,Delhi,28.842599,77.249227,Private,59,28,4,Yes,Yes,No,Yes,No,Yes,Yes,No,76.5,Good,Good,Medium,No,No,Yes,Yes,Yes,Medium,6,704,7,113.6,6,1,2.4,2.5,12,Average,Yes,90.9,Excellent,Low
LOC0880,Surat Degree College,College,Surat,Gujarat,21.090595,72.970329,Private,44,15,2,No,No,No,Yes,Yes,No,Yes,No,79.2,Average,Good,Medium,Yes,Yes,No,No,Yes,Medium,19,4942,12,50.2,14,0,2.6,2.8,14,NA,No,57.1,Average,Medium
LOC0881,Mumbai International Airport,Airport,Mumbai,Maharashtra,18.99101,72.781973,Public,7,7,3,Yes,Yes,Yes,Yes,No,Yes,Yes,Yes,90.2,Average,Good,Medium,Yes,Yes,Yes,Yes,No,Medium,43,14758,60,215.3,5,0,4.5,4.4,0,Poor,Yes,100,Excellent,Low
LOC0882,Patna Health Centre,Hospital,Patna,Bihar,25.470477,85.219237,Public,48,18,2,Yes,Yes,Yes,Yes,No,No,No,Yes,95.1,Poor,Poor,Low,Yes,No,No,Yes,Yes,Low,22,3526,23,104.2,10,3,2.1,2.1,23,Good,Yes,59.6,Average,High
LOC0883,Guwahati Multispeciality Hospital,Hospital,Guwahati,Assam,26.272037,91.806878,Public,7,1,6,Yes,Yes,No,Yes,Yes,Yes,No,No,83.1,Average,Average,High,Yes,No,No,Yes,Yes,Medium,37,2730,15,70.9,16,1,3.2,3.5,22,Good,Yes,92.5,Excellent,Low
LOC0884,Udaipur Bus Depot,Bus Stop,Udaipur,Rajasthan,24.640341,73.805265,Public,30,23,1,No,No,No,No,No,No,Yes,Yes,75.8,Poor,Average,Low,No,Yes,No,No,No,Low,11,2450,11,15,24,4,2.3,2.2,12,NA,Partial,29.6,Poor,High
LOC0885,Delhi Grand Mall,Mall,Delhi,Delhi,28.627697,76.967048,Public,23,14,7,Yes,Yes,No,Yes,No,Yes,Yes,Yes,87.3,Average,Poor,Medium,Yes,Yes,No,Yes,Yes,Medium,27,16160,70,167.7,1,2,3.2,3.4,20,Average,No,71.8,Average,Medium
LOC0886,Nagpur Green Park,Park,Nagpur,Maharashtra,21.066211,79.058723,Public,31,22,1,Yes,No,No,No,No,Yes,No,No,79.4,Poor,Good,Low,Yes,Yes,No,No,Yes,Medium,18,2811,14,22.4,14,3,3.1,3,4,NA,No,41.9,Poor,High
LOC0887,Nashik City Centre Mall,Mall,Nashik,Maharashtra,20.007521,73.89913,Private,3,3,2,No,Yes,Yes,Yes,Yes,Yes,No,No,79.5,Poor,Good,High,Yes,Yes,No,No,Yes,Medium,30,19087,77,191.8,11,1,3.4,3.3,21,Good,Yes,87.8,Good,Low
LOC0888,Bengaluru Botanical Garden,Tourist Attraction,Bengaluru,Karnataka,13.003245,77.679333,Public,190,31,1,No,No,No,Yes,Yes,No,No,Yes,67.9,Good,Good,High,Yes,No,No,Yes,Yes,Low,20,635,2,17.3,18,11,1.8,2.1,9,NA,No,52.5,Poor,High
LOC0889,Mumbai City Centre Mall,Mall,Mumbai,Maharashtra,18.95684,72.906264,Private,19,13,5,Yes,Yes,No,No,No,Yes,No,Yes,88.9,Average,Good,Low,Yes,Yes,No,Yes,No,Medium,27,19552,77,179.4,8,1,3.8,3.5,15,Good,Partial,74.9,Average,Medium
LOC0890,Indore Multispeciality Hospital,Hospital,Indore,Madhya Pradesh,22.665416,75.872053,Public,39,22,2,Yes,Yes,Yes,No,No,No,No,No,106.2,Average,Average,Medium,Yes,Yes,No,No,Yes,High,29,4415,30,98.2,16,5,3.2,3.2,5,Average,Yes,71.4,Average,Medium
LOC0891,Pune General Hospital,Hospital,Pune,Maharashtra,18.584225,73.796976,Private,44,22,2,No,Yes,Yes,Yes,No,Yes,Yes,Yes,90.9,Good,Average,High,No,Yes,Yes,No,No,Medium,5,1539,10,95.4,17,4,2,2.1,1,Good,Partial,92.6,Excellent,Low
LOC0892,Patna Green Park,Park,Patna,Bihar,25.454274,85.237775,Public,11,11,1,No,Yes,Yes,No,No,Yes,No,No,82.3,Average,Good,High,No,Yes,No,Yes,No,Low,6,560,3,11.6,22,0,3.6,3.6,1,Poor,Partial,75.9,Good,Low
LOC0893,Thiruvananthapuram Degree College,College,Thiruvananthapuram,Kerala,8.64638,76.87141,Private,44,19,2,Yes,No,No,Yes,Yes,Yes,Yes,Yes,87.1,Average,Average,High,Yes,Yes,No,No,Yes,Medium,26,4321,19,65.1,3,0,2.4,2.4,2,NA,Yes,89,Good,Low
LOC0894,Nashik City Centre Mall,Mall,Nashik,Maharashtra,20.016989,73.854503,Private,6,1,6,Yes,No,No,No,No,Yes,No,No,84.3,Good,Average,High,Yes,Yes,No,Yes,Yes,Low,44,7203,32,120.7,9,2,2.9,2.5,18,NA,Partial,78.5,Good,Low
LOC0895,Chandigarh Multispeciality Hospital,Hospital,Chandigarh,Chandigarh,30.849575,76.697202,Private,54,11,2,Yes,No,No,Yes,No,Yes,No,No,77.5,Average,Good,Low,Yes,No,Yes,No,No,High,26,4540,25,111.6,13,4,2.1,2.2,22,NA,Partial,48.5,Poor,High
LOC0896,Nashik City Park,Park,Nashik,Maharashtra,19.936807,73.76973,Public,26,22,1,No,Yes,Yes,No,No,No,No,Yes,92.8,Poor,Average,Low,Yes,No,No,No,Yes,Low,22,1174,9,14.2,18,5,2.3,2.6,14,Poor,Yes,44.3,Poor,High
LOC0897,Delhi Public Garden,Park,Delhi,Delhi,28.806276,76.9569,Public,47,25,1,No,No,No,No,Yes,No,No,No,76.9,Average,Good,High,Yes,Yes,No,No,Yes,Medium,4,2840,6,21.2,23,7,1.7,1.6,5,NA,Partial,49.6,Poor,Medium
LOC0898,Ahmedabad Grand Mall,Mall,Ahmedabad,Gujarat,22.894569,72.582555,Private,8,2,7,Yes,Yes,No,No,Yes,Yes,Yes,Yes,84.6,Good,Poor,Low,Yes,Yes,No,No,Yes,High,38,13690,58,180.5,10,1,3.7,4,2,Good,Yes,82.3,Good,Medium
LOC0899,Thiruvananthapuram Municipal Office,Government Office,Thiruvananthapuram,Kerala,8.538723,76.803025,Public,51,19,3,No,Yes,Yes,No,No,No,No,No,92.8,Average,Average,High,Yes,Yes,No,No,No,Medium,38,1509,4,29.9,18,3,2.2,1.9,1,Good,No,60.8,Average,Low
LOC0900,Nashik City Hospital,Hospital,Nashik,Maharashtra,20.113515,73.710442,Public,51,12,3,Yes,Yes,Yes,Yes,No,No,No,Yes,87.2,Good,Poor,High,Yes,Yes,No,No,Yes,High,34,3733,13,128.5,10,7,2.5,2.2,14,Poor,Yes,74.2,Average,Medium
LOC0901,Jaipur City Bus Stop,Bus Stop,Jaipur,Rajasthan,27.018036,75.88134,Public,34,22,1,Yes,No,Yes,No,Yes,Yes,No,No,96.5,Good,Poor,Medium,No,No,No,Yes,No,High,22,549,7,10,27,8,2.4,2.4,16,NA,No,48.8,Poor,High
LOC0902,Patna Multispeciality Hospital,Hospital,Patna,Bihar,25.459608,85.238612,Public,28,4,7,Yes,Yes,No,No,Yes,No,No,Yes,80,Average,Average,Medium,Yes,No,Yes,Yes,Yes,Medium,25,3262,13,77.2,15,6,3.9,4,9,Poor,No,60.3,Average,Medium
LOC0903,Thane Plaza Mall,Mall,Thane,Maharashtra,19.122151,73.08063,Private,19,17,2,Yes,Yes,Yes,No,No,Yes,No,Yes,86.3,Good,Poor,Medium,Yes,No,Yes,No,No,Medium,30,8993,37,87.9,16,3,3.5,3.4,1,Good,Yes,83.3,Good,Medium
LOC0904,Mumbai Degree College,College,Mumbai,Maharashtra,19.022749,72.983214,Private,49,11,3,No,No,Yes,No,No,Yes,No,No,85,Average,Poor,Low,Yes,Yes,No,No,Yes,Low,24,4786,25,48.4,11,3,2.6,2.8,6,NA,Yes,42.9,Poor,High
LOC0905,Chandigarh Junction,Railway Station,Chandigarh,Chandigarh,30.755705,76.88751,Public,30,24,2,Yes,No,Yes,Yes,Yes,No,Yes,No,100,Average,Good,Medium,Yes,No,No,Yes,Yes,Low,25,5711,18,106.7,11,3,4.3,4.5,0,NA,Partial,88.1,Good,Low
LOC0906,Hyderabad International Airport,Airport,Hyderabad,Telangana,17.460504,78.497751,Public,12,12,5,Yes,Yes,Yes,Yes,No,No,Yes,Yes,100.1,Good,Good,Medium,No,No,Yes,Yes,No,Medium,6,6315,30,176.7,3,0,3.8,3.7,19,Average,Yes,100,Excellent,Low
LOC0907,Chennai Green Park,Park,Chennai,Tamil Nadu,13.229856,80.12937,Public,27,7,1,Yes,No,Yes,No,No,No,Yes,No,98.4,Poor,Poor,Medium,Yes,No,No,Yes,No,Medium,9,2065,5,17.7,16,3,2.7,2.4,21,NA,Partial,45.2,Poor,High
LOC0908,Bengaluru Bus Depot,Bus Stop,Bengaluru,Karnataka,12.945784,77.55747,Public,20,19,1,No,Yes,Yes,No,No,No,No,No,84.6,Poor,Poor,Low,Yes,No,No,Yes,No,Low,4,492,2,12.5,16,7,2.5,2.4,9,Good,No,26.9,Poor,High
LOC0909,Coimbatore Central Station,Railway Station,Coimbatore,Tamil Nadu,11.132511,76.898326,Public,39,13,3,Yes,No,No,No,No,Yes,No,No,80.5,Poor,Good,Low,Yes,No,No,Yes,Yes,High,38,18769,75,134.5,18,12,3.7,3.3,18,NA,No,28.6,Poor,High
LOC0910,Bengaluru General Hospital,Hospital,Bengaluru,Karnataka,12.875778,77.696419,Private,11,11,7,Yes,Yes,Yes,No,No,Yes,Yes,No,97,Good,Good,High,Yes,Yes,No,Yes,Yes,Medium,28,2481,19,116,11,3,3.4,3.1,0,Average,Partial,100,Excellent,Low
LOC0911,Indore Museum,Tourist Attraction,Indore,Madhya Pradesh,22.776949,75.910131,Private,172,28,1,No,Yes,No,Yes,No,No,No,Yes,66.1,Good,Poor,Medium,Yes,No,No,Yes,No,High,19,777,2,20.9,23,7,1.2,1.7,2,Poor,No,30.8,Poor,High
LOC0912,Jaipur Airport Terminal,Airport,Jaipur,Rajasthan,26.98759,75.642391,Private,8,8,3,No,Yes,Yes,Yes,Yes,Yes,No,Yes,84.9,Average,Average,Medium,Yes,Yes,No,Yes,No,High,20,15104,63,249.3,1,2,3.4,3.6,0,Good,Yes,89.2,Good,Medium
LOC0913,Thane Central Park,Park,Thane,Maharashtra,19.263259,73.078292,Public,13,9,1,Yes,Yes,Yes,No,No,No,No,Yes,96.7,Average,Average,Medium,No,No,No,Yes,Yes,Medium,4,765,2,16,20,4,1.2,1.1,16,Good,Partial,67.8,Average,Medium
LOC0914,Coimbatore Railway Station,Railway Station,Coimbatore,Tamil Nadu,10.95957,77.029076,Public,42,9,2,No,No,No,No,Yes,Yes,No,Yes,75.2,Average,Good,Medium,Yes,No,No,Yes,Yes,High,44,3458,16,90.8,9,7,2.2,1.9,17,NA,Partial,49.3,Poor,High
LOC0915,Surat Institute of Technology,College,Surat,Gujarat,21.148654,72.726589,Public,14,14,1,Yes,No,Yes,No,Yes,No,Yes,No,104.7,Average,Average,Medium,Yes,Yes,No,No,Yes,High,39,1387,2,49.7,15,5,2.5,2.9,8,NA,No,60.3,Average,Medium
LOC0916,Visakhapatnam Central Station,Railway Station,Visakhapatnam,Andhra Pradesh,17.693772,83.287805,Public,33,11,1,Yes,No,No,No,No,No,No,No,77,Poor,Average,Medium,Yes,No,Yes,No,Yes,High,38,3555,14,50.9,22,7,4.1,4.2,4,NA,Yes,44.8,Poor,High
LOC0917,Indore Public Garden,Park,Indore,Madhya Pradesh,22.714751,75.895428,Private,20,17,1,Yes,Yes,No,Yes,No,Yes,No,No,77.6,Average,Good,Low,No,No,No,Yes,Yes,Medium,6,2596,11,27.2,15,4,2.7,2.4,13,Average,Partial,65.9,Average,Medium
LOC0918,Thane Temple Complex,Tourist Attraction,Thane,Maharashtra,19.347473,73.047278,Public,188,37,1,No,No,No,No,No,No,No,No,68.3,Good,Average,High,No,No,No,No,Yes,Low,11,1968,12,23.7,18,6,1,1,14,NA,Partial,37.9,Poor,Medium
LOC0919,Jaipur General Hospital,Hospital,Jaipur,Rajasthan,26.772852,75.645975,Private,8,2,5,Yes,No,Yes,No,No,Yes,No,Yes,89.1,Good,Average,Low,Yes,Yes,No,Yes,Yes,High,21,1794,13,67,18,3,3.3,2.8,23,NA,Partial,65.6,Average,Medium
LOC0920,Hyderabad Tehsil Office,Government Office,Hyderabad,Telangana,17.500215,78.462792,Public,26,10,1,Yes,No,No,Yes,No,No,No,Yes,80,Average,Average,Medium,Yes,Yes,No,No,No,Medium,11,725,2,38,14,3,2.1,1.9,19,NA,Yes,62.6,Average,Medium
LOC0921,Thane District Office,Government Office,Thane,Maharashtra,19.315355,72.831024,Public,24,8,3,No,Yes,Yes,No,Yes,Yes,No,Yes,90.9,Poor,Poor,Medium,Yes,No,No,Yes,Yes,Low,34,4992,17,39.7,10,2,3.3,2.6,13,Average,No,55.7,Average,Medium
LOC0922,Nashik Railway Station,Railway Station,Nashik,Maharashtra,20.030202,73.760843,Public,70,22,1,No,No,No,No,No,Yes,No,No,81.1,Average,Poor,Low,Yes,No,No,Yes,Yes,High,16,16770,71,114.3,6,8,1.9,2.1,17,NA,No,12.5,Poor,High
LOC0923,Mysuru Temple Complex,Tourist Attraction,Mysuru,Karnataka,12.207671,76.637931,Public,102,19,1,No,No,No,No,Yes,No,No,Yes,72.9,Average,Average,Medium,No,Yes,No,Yes,No,Low,10,1343,11,24,20,5,1.7,1.5,8,NA,No,31.4,Poor,High
LOC0924,Kochi Degree College,College,Kochi,Kerala,9.90322,76.394331,Private,24,11,2,No,Yes,Yes,No,No,Yes,Yes,No,85.9,Poor,Average,Medium,Yes,No,No,No,No,Medium,5,762,7,65.2,10,3,2.6,2.5,9,Average,Partial,55.4,Average,Medium
LOC0925,Guwahati Collectorate Office,Government Office,Guwahati,Assam,26.138836,91.607573,Public,43,26,3,No,No,Yes,No,No,Yes,No,No,84.8,Good,Average,High,No,No,No,No,Yes,Low,9,610,2,36.6,13,4,3.6,3.7,8,NA,Yes,70.1,Average,Medium
LOC0926,Ahmedabad Temple Complex,Tourist Attraction,Ahmedabad,Gujarat,23.071809,72.680339,Public,148,27,1,No,No,No,Yes,No,No,No,No,77.7,Average,Poor,Medium,No,No,No,Yes,Yes,Low,22,1074,2,15.4,17,9,1.9,1.9,16,NA,No,21.6,Poor,High
LOC0927,Kolkata Junction,Railway Station,Kolkata,West Bengal,22.65401,88.222842,Public,44,22,1,Yes,No,Yes,Yes,No,No,No,No,97.5,Good,Average,Medium,No,No,Yes,Yes,Yes,Medium,17,8582,44,84.3,7,5,1.5,1.9,1,NA,No,64.8,Average,Medium
LOC0928,Guwahati Central Station,Railway Station,Guwahati,Assam,26.255602,91.706212,Public,12,12,1,Yes,No,No,Yes,No,Yes,No,Yes,83.3,Average,Poor,Low,Yes,No,No,Yes,Yes,Low,33,7726,34,96.6,8,1,2.7,2.6,16,NA,Yes,59.6,Average,Medium
LOC0929,Visakhapatnam Plaza Mall,Mall,Visakhapatnam,Andhra Pradesh,17.714754,83.123781,Private,15,15,4,No,Yes,No,No,Yes,No,No,Yes,77.3,Good,Poor,High,Yes,Yes,No,Yes,Yes,Medium,17,8530,32,126,3,4,4.1,4.4,0,Average,Yes,79.3,Good,Medium
LOC0930,Guwahati City Bus Stop,Bus Stop,Guwahati,Assam,26.150025,91.793148,Public,20,16,1,Yes,Yes,Yes,No,No,No,No,No,100.9,Poor,Good,Low,No,No,No,Yes,No,High,22,1203,2,11.6,20,11,2.9,2.8,20,Good,No,40.6,Poor,High
LOC0931,Ahmedabad Medical Center,Hospital,Ahmedabad,Gujarat,23.035391,72.669883,Private,20,3,4,Yes,No,Yes,No,Yes,No,No,Yes,88,Average,Average,High,Yes,Yes,Yes,Yes,Yes,Medium,22,1957,10,91.5,7,1,3.6,3.7,5,NA,Yes,84.9,Good,Low
LOC0932,Thane Central Park,Park,Thane,Maharashtra,19.090974,72.833157,Public,8,8,1,Yes,No,Yes,Yes,Yes,No,No,No,94.3,Poor,Good,Medium,Yes,No,No,Yes,No,Medium,8,1287,2,11.3,27,5,2.7,2.8,16,NA,No,57.4,Average,Medium
LOC0933,Indore Health Centre,Hospital,Indore,Madhya Pradesh,22.695248,75.960861,Private,48,24,4,Yes,No,No,Yes,No,Yes,No,Yes,72.3,Good,Average,Medium,Yes,No,No,Yes,No,High,26,4110,25,122.8,6,3,3.2,3.1,13,NA,Partial,67.5,Average,Medium
LOC0934,Coimbatore Central Station,Railway Station,Coimbatore,Tamil Nadu,10.926926,77.096773,Public,83,18,2,No,No,Yes,No,No,No,Yes,No,89.5,Average,Average,Medium,Yes,Yes,No,Yes,Yes,High,36,15337,64,85.4,18,7,2.2,2,20,NA,Yes,43.8,Poor,High
LOC0935,Ahmedabad District Office,Government Office,Ahmedabad,Gujarat,23.087683,72.709773,Public,40,7,1,No,No,No,No,No,No,Yes,Yes,79.7,Poor,Good,Low,Yes,No,Yes,No,Yes,High,10,2069,8,30.3,18,9,3.6,3.4,8,NA,Partial,31.1,Poor,High
LOC0936,Chennai Institute of Technology,College,Chennai,Tamil Nadu,13.095526,80.209274,Public,40,14,3,No,No,No,Yes,No,No,No,No,86.1,Good,Good,Medium,Yes,Yes,Yes,Yes,No,Medium,26,1897,5,52.7,17,2,2.4,2.6,14,NA,Yes,66.4,Average,Medium
LOC0937,Hyderabad Degree College,College,Hyderabad,Telangana,17.350127,78.623277,Private,66,21,2,Yes,Yes,Yes,Yes,No,Yes,No,No,92.3,Average,Average,Medium,Yes,No,No,No,Yes,Low,35,901,5,57.5,7,3,2.3,2.7,0,Average,Partial,80,Good,Low
LOC0938,Mysuru Lake View Point,Tourist Attraction,Mysuru,Karnataka,12.303452,76.623982,Public,92,20,1,Yes,Yes,No,Yes,No,No,No,No,75.5,Average,Average,Low,No,No,No,No,Yes,Medium,24,315,3,21.8,15,3,2.2,2.5,17,Average,Partial,47.9,Poor,High
LOC0939,Delhi District Office,Government Office,Delhi,Delhi,28.798882,77.165012,Public,65,18,1,Yes,Yes,No,No,No,No,No,No,90.4,Average,Average,High,Yes,No,No,Yes,Yes,Medium,13,4531,15,47.4,18,3,2.7,2.4,7,Good,Yes,74.1,Average,Low
LOC0940,Visakhapatnam City Centre Mall,Mall,Visakhapatnam,Andhra Pradesh,17.797211,83.196712,Private,4,1,7,Yes,Yes,Yes,Yes,Yes,Yes,Yes,Yes,90.9,Average,Good,Medium,Yes,No,Yes,Yes,Yes,High,28,6525,28,125.2,13,3,3.1,3.5,7,Poor,Yes,99,Excellent,Medium
LOC0941,Thiruvananthapuram International Airport,Airport,Thiruvananthapuram,Kerala,8.574377,77.033232,Public,19,12,7,Yes,Yes,Yes,No,Yes,Yes,No,No,93.9,Average,Average,Medium,Yes,No,Yes,Yes,Yes,Medium,9,8132,39,114.4,11,3,3.7,3.9,13,Average,Yes,87.9,Good,Low
LOC0942,Patna Degree College,College,Patna,Bihar,25.469162,85.136194,Public,11,11,1,No,No,Yes,No,No,No,No,Yes,89.7,Good,Poor,Low,Yes,No,Yes,Yes,No,High,33,1199,8,31.2,19,3,2.5,2.9,20,NA,Yes,42.3,Poor,High
LOC0943,Visakhapatnam Government College,College,Visakhapatnam,Andhra Pradesh,17.558763,83.136525,Private,63,28,2,No,Yes,No,Yes,No,Yes,No,Yes,71.1,Poor,Good,High,Yes,No,No,Yes,Yes,Low,15,2307,4,73.5,13,4,2.7,2.6,8,Good,Yes,71.1,Average,Medium
LOC0944,Nagpur Central Station,Railway Station,Nagpur,Maharashtra,21.20299,79.208409,Public,31,16,1,No,Yes,No,Yes,No,No,No,No,74.7,Poor,Poor,Medium,Yes,No,No,Yes,No,High,28,19825,77,143.5,12,7,2.5,2.3,1,Poor,Yes,32.7,Poor,High
LOC0945,Kolkata Government College,College,Kolkata,West Bengal,22.590884,88.321634,Public,50,12,3,No,No,No,Yes,No,No,No,Yes,74,Average,Poor,Medium,Yes,Yes,Yes,Yes,Yes,High,37,4177,17,51.7,14,6,1.7,1.3,18,NA,Partial,34.5,Poor,High
LOC0946,Thiruvananthapuram College of Engineering,College,Thiruvananthapuram,Kerala,8.528709,77.069825,Private,27,14,3,Yes,No,Yes,No,No,No,Yes,Yes,93.9,Good,Poor,Medium,Yes,No,No,Yes,Yes,Low,38,2612,14,56.9,18,0,3.9,4,23,NA,Partial,73.1,Average,Medium
LOC0947,Pune Multispeciality Hospital,Hospital,Pune,Maharashtra,18.614986,73.809297,Private,43,24,2,Yes,Yes,Yes,Yes,Yes,No,No,Yes,98.8,Good,Average,High,Yes,Yes,No,Yes,No,High,6,4699,24,122.2,17,2,3.6,3.5,14,Good,Yes,100,Excellent,Low
LOC0948,Indore Shopping Mall,Mall,Indore,Madhya Pradesh,22.720176,75.956414,Private,24,17,2,Yes,Yes,Yes,Yes,No,No,Yes,Yes,91,Good,Average,Medium,Yes,Yes,No,Yes,Yes,Medium,31,16714,66,180.7,7,5,2.1,1.8,19,Average,Partial,91.2,Excellent,Medium
LOC0949,Pune Domestic Airport,Airport,Pune,Maharashtra,18.550876,73.846213,Private,29,14,2,Yes,Yes,Yes,Yes,Yes,Yes,Yes,Yes,92.8,Average,Poor,High,Yes,No,Yes,No,No,High,21,10009,51,175.9,2,1,4.1,4.3,19,Good,Yes,99.2,Excellent,Medium
LOC0950,Surat Degree College,College,Surat,Gujarat,21.091798,72.759168,Public,22,18,1,No,Yes,No,No,No,No,No,No,82.3,Average,Poor,Medium,Yes,No,Yes,No,No,High,22,2416,5,38.8,24,5,3.8,3.6,23,Poor,No,27.9,Poor,High
LOC0951,Visakhapatnam City Centre Mall,Mall,Visakhapatnam,Andhra Pradesh,17.806072,83.156584,Private,4,4,3,Yes,Yes,Yes,Yes,No,No,Yes,Yes,88.3,Good,Average,High,Yes,No,Yes,Yes,Yes,Medium,44,7163,27,138.5,10,1,4.5,4.5,20,Good,Yes,100,Excellent,Low
LOC0952,Surat Tehsil Office,Government Office,Surat,Gujarat,21.258492,72.786851,Public,23,22,1,No,Yes,No,No,Yes,No,No,Yes,78.3,Average,Poor,Medium,No,No,No,No,No,Low,13,3372,8,42.7,6,2,3.3,3.1,20,Poor,Yes,50.3,Poor,High
LOC0953,Hyderabad Bus Depot,Bus Stop,Hyderabad,Telangana,17.315372,78.495616,Public,7,1,1,No,No,No,Yes,No,No,Yes,No,68.8,Average,Average,Medium,Yes,No,Yes,Yes,Yes,Low,22,2382,11,17.2,15,4,2.1,2,7,NA,No,47.7,Poor,High
LOC0954,Nashik Degree College,College,Nashik,Maharashtra,19.903442,73.789739,Public,46,8,1,Yes,Yes,Yes,No,Yes,Yes,No,No,81.4,Average,Average,Medium,No,Yes,Yes,No,Yes,High,24,543,2,34,16,7,3.2,2.9,23,Good,No,64,Average,Medium
LOC0955,Chennai Airport Terminal,Airport,Chennai,Tamil Nadu,13.095053,80.238593,Private,14,14,5,Yes,Yes,Yes,Yes,No,Yes,Yes,No,90.4,Good,Average,High,Yes,No,No,Yes,Yes,Medium,14,6474,25,215.7,1,1,2.6,2.5,20,Good,No,99.6,Excellent,Low
LOC0956,Kochi General Hospital,Hospital,Kochi,Kerala,10.004578,76.167858,Public,58,26,2,No,Yes,No,Yes,Yes,No,Yes,Yes,72.5,Poor,Average,Medium,Yes,No,No,No,Yes,Low,14,3342,20,87.7,8,2,2.4,2.3,3,Good,Partial,61.2,Average,Medium
LOC0957,Chennai Airport Terminal,Airport,Chennai,Tamil Nadu,12.982795,80.245677,Public,13,12,2,No,Yes,Yes,Yes,No,Yes,Yes,Yes,85,Average,Average,High,Yes,Yes,Yes,No,No,Medium,24,6179,26,167.5,5,1,4.7,4.6,11,Good,Partial,96.2,Excellent,Low
LOC0958,Chandigarh Municipal Office,Government Office,Chandigarh,Chandigarh,,76.849813,Public,63,19,1,Yes,No,Yes,No,Yes,Yes,No,No,98,Poor,Average,Medium,Yes,Yes,No,No,No,Medium,33,1349,7,33.9,18,3,3.4,3.1,14,NA,No,53.3,Poor,High
LOC0959,Udaipur Multispeciality Hospital,Hospital,Udaipur,Rajasthan,24.620497,73.792767,Private,17,12,6,Yes,Yes,Yes,Yes,Yes,No,Yes,No,85.8,Poor,Average,Medium,Yes,Yes,Yes,No,Yes,Low,15,1135,2,90.1,10,0,3.5,3.3,17,Good,Yes,89.9,Good,Medium
LOC0960,Udaipur City Park,Park,Udaipur,Rajasthan,24.667163,73.761669,Private,28,18,1,No,No,Yes,No,No,No,No,Yes,88.8,Poor,Good,High,Yes,No,No,No,Yes,Low,7,2028,5,24.3,14,2,3,3.1,19,NA,Partial,53.4,Poor,Medium
LOC0961,Chennai Bus Depot,Bus Stop,Chennai,Tamil Nadu,13.135529,80.166361,Private,15,15,1,No,No,Yes,Yes,No,Yes,No,Yes,91.4,Good,Average,Low,No,No,No,Yes,No,High,18,764,4,10.8,25,9,3.3,3.3,17,NA,No,49.5,Poor,High
LOC0962,Chandigarh Public Garden,Park,Chandigarh,Chandigarh,30.636664,76.820484,Private,32,9,1,No,No,No,No,Yes,No,No,Yes,78.4,Good,Good,High,Yes,No,No,Yes,Yes,Low,3,723,2,20,7,3,2.9,3.2,19,NA,No,63.5,Average,Low
LOC0963,Kolkata Collectorate Office,Government Office,Kolkata,West Bengal,22.482031,88.239796,Public,62,28,3,No,No,Yes,No,No,No,No,No,88.7,Poor,Good,Low,No,No,No,No,Yes,Medium,32,3064,10,41,20,4,2.6,2.9,13,NA,Partial,26.6,Poor,High
LOC0964,Thane Museum,Tourist Attraction,Thane,Maharashtra,19.265992,72.9978,Public,109,22,1,No,No,No,No,No,No,No,No,72.4,Average,Average,Medium,Yes,No,Yes,No,No,High,14,2013,10,18,22,8,1.1,1.2,14,NA,No,13,Poor,High
LOC0965,Nashik Degree College,College,Nashik,Maharashtra,19.893594,73.839588,Public,47,18,1,No,No,Yes,No,Yes,No,No,No,90.2,Good,Good,High,No,Yes,No,No,No,Low,18,2189,13,58.7,24,6,2.7,2.8,0,NA,Yes,73.5,Average,Medium
LOC0966,Visakhapatnam District Office,Government Office,Visakhapatnam,Andhra Pradesh,17.68869,83.14305,Public,74,14,3,Yes,No,No,No,No,No,No,No,83.9,Average,Good,Low,No,No,No,No,No,High,7,2109,3,29.5,22,7,2.6,3,23,NA,No,22.8,Poor,High
LOC0967,Kanpur Green Park,Park,Kanpur,Uttar Pradesh,26.42048,80.276992,Private,24,6,1,Yes,No,No,No,No,Yes,No,Yes,83,Average,Average,High,No,No,No,Yes,Yes,High,10,731,2,23.6,26,5,3.5,3.3,10,NA,Partial,59.9,Average,Medium
LOC0968,Patna Collectorate Office,Government Office,Patna,Bihar,25.469257,85.243648,Public,34,17,1,No,Yes,Yes,Yes,No,Yes,Yes,Yes,91.2,Good,Poor,Medium,Yes,No,Yes,No,Yes,Medium,30,2254,12,24.8,23,3,2.9,2.9,20,Poor,No,66.8,Average,Medium
LOC0969,Delhi Botanical Garden,Tourist Attraction,Delhi,Delhi,28.671914,77.128298,Public,150,30,1,No,Yes,No,No,No,No,No,No,68.6,Poor,Good,Medium,Yes,No,No,No,Yes,Medium,17,2011,6,30.2,18,3,2.1,2.2,10,Poor,No,25.2,Poor,High
LOC0970,Hyderabad Bus Depot,Bus Stop,Hyderabad,Telangana,17.467892,78.535021,Public,30,6,1,No,No,No,Yes,No,No,No,Yes,80,Poor,Poor,Low,Yes,No,No,Yes,No,Medium,20,432,2,8.4,17,3,1.8,1.4,15,NA,Partial,23,Poor,High
LOC0971,Bengaluru District Office,Government Office,Bengaluru,Karnataka,12.893139,77.642174,Public,22,17,1,No,No,No,Yes,No,No,Yes,No,71,Average,Poor,Low,No,Yes,No,Yes,No,Low,22,2144,4,30.2,11,4,2.5,2.3,16,NA,Partial,34.8,Poor,High
LOC0972,Indore City Hospital,Hospital,Indore,Madhya Pradesh,22.679242,75.736255,Private,27,22,2,Yes,No,Yes,No,No,No,No,Yes,91.3,Average,Poor,Medium,No,Yes,No,Yes,Yes,Medium,30,1814,4,103,8,1,3.9,4.2,22,NA,Partial,61,Average,Medium
LOC0973,Thane Grand Mall,Mall,Thane,Maharashtra,19.212643,72.837018,Private,13,13,5,No,Yes,No,Yes,No,Yes,No,Yes,77.3,Good,Average,Low,Yes,Yes,Yes,No,Yes,High,34,14819,66,186.9,11,3,4.7,4.6,20,Average,Yes,76.9,Good,Medium
LOC0974,Hyderabad Plaza Mall,Mall,Hyderabad,Telangana,17.282787,78.481864,Private,17,10,7,Yes,Yes,Yes,No,Yes,Yes,Yes,Yes,95.6,Poor,Good,High,Yes,Yes,No,Yes,Yes,High,7,8433,41,180.8,3,1,4.8,4.7,5,Poor,Partial,94.9,Excellent,Medium
LOC0975,Indore General Hospital,Hospital,Indore,Madhya Pradesh,22.749678,75.784863,Private,33,23,7,Yes,Yes,Yes,No,Yes,No,No,Yes,103.3,Good,Average,Low,No,No,Yes,Yes,Yes,Low,14,3773,14,114.3,8,4,3.4,3.1,8,Good,Yes,87.1,Good,Medium
LOC0976,Lucknow City Park,Park,Lucknow,Uttar Pradesh,26.996286,81.091767,Private,13,9,1,No,No,Yes,Yes,No,No,No,Yes,90.9,Good,Poor,Low,Yes,Yes,No,No,Yes,Low,13,667,2,21.6,17,5,3.2,3,22,NA,Partial,56.1,Average,High
LOC0977,Indore Shopping Mall,Mall,Indore,Madhya Pradesh,22.713176,75.839069,Private,25,7,5,Yes,Yes,No,Yes,No,Yes,No,Yes,75.8,Good,Good,High,Yes,Yes,No,No,No,High,42,6481,18,130.9,12,2,4,3.8,5,Average,No,90.6,Excellent,Low
LOC0978,Jaipur Domestic Airport,Airport,Jaipur,Rajasthan,26.788612,75.779407,Public,10,10,5,Yes,No,Yes,Yes,Yes,No,Yes,No,103,Average,Poor,Low,No,No,Yes,No,Yes,Low,27,3538,23,201.1,1,2,3.5,3.2,3,NA,Partial,67.4,Average,Medium
LOC0979,Mysuru Airport Terminal,Airport,Mysuru,Karnataka,12.266786,76.631713,Private,10,2,2,Yes,Yes,Yes,Yes,No,Yes,Yes,Yes,92.2,Average,Average,High,No,Yes,No,No,Yes,Low,19,10047,46,230.2,5,0,4.4,4.2,8,Average,Yes,100,Excellent,Low
LOC0980,Thane City Bus Stop,Bus Stop,Thane,Maharashtra,19.195508,73.024298,Public,28,14,1,No,No,Yes,No,No,No,No,No,92.4,Good,Average,Low,Yes,No,No,Yes,No,Low,16,2441,16,18.5,17,4,1.7,1.7,8,NA,No,42.1,Poor,High
LOC0981,Nashik Airport Terminal,Airport,Nashik,Maharashtra,20.017238,73.646078,Public,30,13,3,Yes,No,Yes,Yes,No,Yes,No,Yes,105.8,Average,Good,Medium,Yes,Yes,No,No,Yes,High,12,6075,33,132.5,5,4,3.4,4,11,NA,Partial,80.4,Good,Medium
LOC0982,Bhopal Institute of Technology,College,Bhopal,Madhya Pradesh,23.156011,77.314694,Private,13,13,2,No,Yes,Yes,No,Yes,No,No,No,91.4,Average,Average,High,Yes,Yes,No,Yes,Yes,Low,11,4524,19,75.9,15,3,1.5,1,11,Average,No,67,Average,Low
LOC0983,Coimbatore College of Engineering,College,Coimbatore,Tamil Nadu,11.029653,77.041106,Public,67,26,2,No,No,No,No,No,Yes,No,No,73.9,Good,Poor,Medium,No,No,No,Yes,Yes,Medium,24,4773,16,50.5,11,2,2.3,2.1,9,NA,No,33.3,Poor,High
LOC0984,Indore Municipal Office,Government Office,Indore,Madhya Pradesh,22.863813,75.788733,Public,16,13,2,No,No,Yes,No,No,No,Yes,No,83.2,Poor,Average,Medium,No,No,Yes,No,Yes,High,39,3795,7,40.1,17,4,1.3,1.2,22,NA,Partial,32.4,Poor,High
LOC0985,Lucknow Heritage Fort,Tourist Attraction,Lucknow,Uttar Pradesh,26.707519,80.967036,Public,33,20,1,Yes,No,No,No,No,No,No,No,87.3,Average,Good,Low,No,No,No,No,Yes,Low,18,1280,5,27.1,16,5,2.4,2.1,23,NA,Partial,40.9,Poor,High
LOC0986,Mumbai Bus Depot,Bus Stop,Mumbai,Maharashtra,19.134037,72.802403,Public,24,4,1,No,No,No,No,No,No,No,Yes,82.1,Poor,Average,Medium,No,No,No,Yes,No,Medium,9,2846,17,18.2,16,5,2.7,2.2,16,NA,Yes,35.6,Poor,High
LOC0987,Ahmedabad Health Centre,Hospital,Ahmedabad,Gujarat,22.999382,72.542024,Private,30,19,3,Yes,Yes,Yes,Yes,Yes,Yes,No,Yes,96.2,Good,Average,High,Yes,Yes,Yes,Yes,Yes,High,16,2120,9,100.4,18,4,3.7,3.6,8,Average,Yes,100,Excellent,Medium
LOC0988,Thiruvananthapuram Railway Station,Railway Station,Thiruvananthapuram,Kerala,8.46284,77.002578,Public,76,25,2,No,No,Yes,No,No,No,No,Yes,87.2,Average,Poor,Low,No,Yes,No,Yes,Yes,Medium,34,4292,17,97.4,14,5,2,2.1,22,NA,Yes,29.8,Poor,High
LOC0989,Mysuru Tehsil Office,Government Office,Mysuru,Karnataka,12.236962,76.649088,Public,54,17,1,Yes,Yes,No,No,No,No,No,No,80.6,Average,Average,Low,Yes,No,No,No,Yes,Medium,5,2437,15,35.1,16,3,3.2,3.4,5,Poor,No,40.7,Poor,High
LOC0990,Udaipur College of Engineering,College,Udaipur,Rajasthan,24.501674,73.809496,Public,18,5,3,Yes,Yes,Yes,Yes,No,Yes,Yes,No,94,Average,Good,Medium,No,No,No,Yes,Yes,Low,7,1073,10,36.9,18,4,3.1,3.3,16,Average,Partial,89.4,Good,Medium
LOC0991,Lucknow Railway Station,Railway Station,Lucknow,Uttar Pradesh,26.877213,80.973002,Public,79,25,3,No,No,Yes,No,No,Yes,Yes,No,85.9,Poor,Average,Medium,Yes,Yes,No,No,Yes,High,14,16711,66,102.3,8,5,2.2,2.7,14,NA,Partial,39.7,Poor,High
LOC0992,Thane International Airport,Airport,Thane,Maharashtra,19.233214,72.971314,Public,14,7,4,Yes,Yes,Yes,No,Yes,Yes,No,Yes,94.8,Average,Good,Medium,Yes,Yes,No,No,No,Medium,11,4902,31,216.3,3,4,4.2,4.2,2,Good,Yes,100,Excellent,Medium
LOC0993,Mumbai Junction,Railway Station,Mumbai,Maharashtra,18.97197,72.772854,Public,51,27,1,No,No,No,No,No,Yes,No,No,79.6,Poor,Good,High,No,No,No,Yes,Yes,High,25,6455,30,82.2,18,6,3.5,3.7,21,NA,Yes,44.3,Poor,High
LOC0994,Chennai Plaza Mall,Mall,Chennai,Tamil Nadu,13.054544,80.369869,Private,4,4,2,Yes,Yes,Yes,No,Yes,Yes,No,Yes,95.1,Good,Good,Medium,Yes,No,No,No,Yes,High,34,8790,35,195.3,5,3,3.2,3.2,6,Good,No,91.7,Excellent,Medium
LOC0995,Mumbai Municipal Office,Government Office,Mumbai,Maharashtra,19.148229,72.944096,Public,33,9,2,No,No,No,No,No,No,No,No,77.7,Good,Poor,Low,Yes,Yes,No,Yes,No,Low,22,3241,12,42.2,23,6,2.7,3,20,NA,No,26.4,Poor,High
LOC0996,Kolkata Museum,Tourist Attraction,Kolkata,West Bengal,22.576159,88.410837,Public,92,19,1,Yes,No,Yes,No,No,No,No,No,89.6,Poor,Average,High,No,Yes,No,Yes,No,Medium,19,1951,3,15.9,15,3,,2.5,18,NA,No,40.4,Poor,Medium
LOC0997,Udaipur General Hospital,Hospital,Udaipur,Rajasthan,24.4515,73.744022,Public,35,18,5,Yes,Yes,No,No,Yes,Yes,Yes,Yes,82.6,Average,Average,Medium,Yes,Yes,No,Yes,Yes,Medium,30,2583,14,127.2,8,3,2.7,2.8,8,Good,Yes,87.1,Good,Low
LOC0998,Nashik Shopping Mall,Mall,Nashik,Maharashtra,19.867649,73.902173,Private,7,7,5,Yes,Yes,Yes,No,No,Yes,No,Yes,89.5,Poor,Good,High,Yes,Yes,Yes,No,Yes,Low,14,3183,7,90.6,13,0,3.5,3.4,20,Good,Yes,92.9,Excellent,Low
LOC0999,Thiruvananthapuram College of Engineering,College,Thiruvananthapuram,Kerala,8.438924,76.851791,Public,16,15,2,Yes,No,No,No,No,No,Yes,Yes,81.5,Average,Average,High,Yes,No,No,Yes,Yes,High,7,3635,16,44.5,15,7,3.3,3.5,19,NA,No,53.8,Poor,High
LOC1000,Thane Heritage Fort,Tourist Attraction,Thane,Maharashtra,19.360064,72.971813,Public,184,49,1,No,No,No,No,Yes,No,No,Yes,61.2,Poor,Poor,Low,Yes,No,No,Yes,Yes,Low,16,2018,7,26.1,16,6,1.8,1.7,2,NA,No,8.9,Poor,High
